SampleID,Species ID,Kind,Common Name,Scientific Name,Sensitivity,pH,Temperature,Ammonia,Nitrite,Nitrate,DissolvedO2,Quality,Failed Parameters,Primary Issue,Recommended Action,Action Priority,Min pH,Max pH,Min Temp (C),Max Temp (C),Max Safe Ammonia (ppm),Max Safe Nitrite (ppm),Max Safe Nitrate (ppm),Min Dissolved O2 (mg/L)
1,1,Fish,Neon Tetra,Paracheirodon innesi,Low,6.73,22.7,0.003,0.003,3.7,11.5,excellent,,,Keep weekly testing and regular water changes.,low,6.0,7.0,20.0,26.0,0.02,0.02,20.0,6.5
2,1,Fish,Neon Tetra,Paracheirodon innesi,Low,6.72,24.4,0.001,0.002,5.1,11.4,excellent,,,Keep weekly testing and regular water changes.,low,6.0,7.0,20.0,26.0,0.02,0.02,20.0,6.5
3,1,Fish,Neon Tetra,Paracheirodon innesi,Low,6.62,24.5,0.002,0.001,6.1,8.5,excellent,,,Keep weekly testing and regular water changes.,low,6.0,7.0,20.0,26.0,0.02,0.02,20.0,6.5
4,1,Fish,Neon Tetra,Paracheirodon innesi,Low,6.78,23.6,0.003,0.001,8.2,11.2,excellent,,,Keep weekly testing and regular water changes.,low,6.0,7.0,20.0,26.0,0.02,0.02,20.0,6.5
5,1,Fish,Neon Tetra,Paracheirodon innesi,Low,6.77,21.3,0.012,0.001,13.9,7.8,good,,,Keep weekly testing and regular water changes.,low,6.0,7.0,20.0,26.0,0.02,0.02,20.0,6.5
6,1,Fish,Neon Tetra,Paracheirodon innesi,Low,6.73,25.7,0.01,0.005,15.8,7.0,good,,,Keep weekly testing and regular water changes.,low,6.0,7.0,20.0,26.0,0.02,0.02,20.0,6.5
7,1,Fish,Neon Tetra,Paracheirodon innesi,Low,6.14,22.9,0.009,0.009,15.6,8.0,good,,,Keep weekly testing and regular water changes.,low,6.0,7.0,20.0,26.0,0.02,0.02,20.0,6.5
8,1,Fish,Neon Tetra,Paracheirodon innesi,Low,5.8,22.1,0.003,0.003,5.2,9.3,watch,pH,pH,Correct pH slowly with small water changes only. Move no more than 0.2 pH per day.,high,6.0,7.0,20.0,26.0,0.02,0.02,20.0,6.5
9,1,Fish,Neon Tetra,Paracheirodon innesi,Low,6.25,20.6,0.003,0.003,28.0,10.9,watch,Nitrate,Nitrate,"Do a 25–40% water change, vacuum the substrate, and add fast-growing plants.",medium,6.0,7.0,20.0,26.0,0.02,0.02,20.0,6.5
10,1,Fish,Neon Tetra,Paracheirodon innesi,Low,7.4,21.3,0.0,0.003,5.6,10.2,watch,pH,pH,Correct pH slowly with small water changes only. Move no more than 0.2 pH per day.,high,6.0,7.0,20.0,26.0,0.02,0.02,20.0,6.5
11,1,Fish,Neon Tetra,Paracheirodon innesi,Low,6.55,23.3,0.001,0.0,27.5,9.0,watch,Nitrate,Nitrate,"Do a 25–40% water change, vacuum the substrate, and add fast-growing plants.",medium,6.0,7.0,20.0,26.0,0.02,0.02,20.0,6.5
12,1,Fish,Neon Tetra,Paracheirodon innesi,Low,6.8,21.7,0.816,1.479,4.7,10.5,critical,"Ammonia, Nitrite",Ammonia,Do a 40–50% water change with dechlorinated water. Pause feeding 24 hours and add beneficial bacteria.,critical,6.0,7.0,20.0,26.0,0.02,0.02,20.0,6.5
13,1,Fish,Neon Tetra,Paracheirodon innesi,Low,6.42,24.5,0.12,0.0,3.7,2.7,critical,"Ammonia, DissolvedO2",Ammonia,Do a 40–50% water change with dechlorinated water. Pause feeding 24 hours and add beneficial bacteria.,critical,6.0,7.0,20.0,26.0,0.02,0.02,20.0,6.5
14,1,Fish,Neon Tetra,Paracheirodon innesi,Low,6.22,23.0,0.686,0.965,5.5,9.6,critical,"Ammonia, Nitrite",Ammonia,Do a 40–50% water change with dechlorinated water. Pause feeding 24 hours and add beneficial bacteria.,critical,6.0,7.0,20.0,26.0,0.02,0.02,20.0,6.5
15,1,Fish,Neon Tetra,Paracheirodon innesi,Low,5.27,34.4,0.004,0.004,6.8,9.2,critical,"pH, Temperature",pH,Correct pH slowly with small water changes only. Move no more than 0.2 pH per day.,critical,6.0,7.0,20.0,26.0,0.02,0.02,20.0,6.5
16,2,Fish,Cardinal Tetra,Paracheirodon axelrodi,High,4.9,26.1,0.002,0.001,4.8,10.2,excellent,,,Keep weekly testing and regular water changes.,low,4.6,7.0,23.0,27.0,0.02,0.02,20.0,6.5
17,2,Fish,Cardinal Tetra,Paracheirodon axelrodi,High,5.08,26.0,0.003,0.003,5.4,10.4,excellent,,,Keep weekly testing and regular water changes.,low,4.6,7.0,23.0,27.0,0.02,0.02,20.0,6.5
18,2,Fish,Cardinal Tetra,Paracheirodon axelrodi,High,5.99,25.4,0.0,0.002,3.4,9.9,excellent,,,Keep weekly testing and regular water changes.,low,4.6,7.0,23.0,27.0,0.02,0.02,20.0,6.5
19,2,Fish,Cardinal Tetra,Paracheirodon axelrodi,High,5.42,24.0,0.0,0.002,4.1,11.4,excellent,,,Keep weekly testing and regular water changes.,low,4.6,7.0,23.0,27.0,0.02,0.02,20.0,6.5
20,2,Fish,Cardinal Tetra,Paracheirodon axelrodi,High,5.99,24.4,0.013,0.0,18.8,7.5,good,,,Keep weekly testing and regular water changes.,low,4.6,7.0,23.0,27.0,0.02,0.02,20.0,6.5
21,2,Fish,Cardinal Tetra,Paracheirodon axelrodi,High,6.47,23.5,0.012,0.007,18.6,7.6,good,,,Keep weekly testing and regular water changes.,low,4.6,7.0,23.0,27.0,0.02,0.02,20.0,6.5
22,2,Fish,Cardinal Tetra,Paracheirodon axelrodi,High,5.74,24.1,0.01,0.007,15.6,6.7,good,,,Keep weekly testing and regular water changes.,low,4.6,7.0,23.0,27.0,0.02,0.02,20.0,6.5
23,2,Fish,Cardinal Tetra,Paracheirodon axelrodi,High,7.41,26.1,0.001,0.002,3.8,10.5,watch,pH,pH,Correct pH slowly with small water changes only. Move no more than 0.2 pH per day.,high,4.6,7.0,23.0,27.0,0.02,0.02,20.0,6.5
24,2,Fish,Cardinal Tetra,Paracheirodon axelrodi,High,4.26,25.8,0.0,0.004,4.4,8.4,watch,pH,pH,Correct pH slowly with small water changes only. Move no more than 0.2 pH per day.,high,4.6,7.0,23.0,27.0,0.02,0.02,20.0,6.5
25,2,Fish,Cardinal Tetra,Paracheirodon axelrodi,High,5.51,21.8,0.003,0.001,8.2,9.3,watch,Temperature,Temperature,Adjust the heater 1°C at a time. Increase surface movement if the tank is hot.,high,4.6,7.0,23.0,27.0,0.02,0.02,20.0,6.5
26,2,Fish,Cardinal Tetra,Paracheirodon axelrodi,High,6.78,20.9,0.0,0.002,8.4,11.2,watch,Temperature,Temperature,Adjust the heater 1°C at a time. Increase surface movement if the tank is hot.,high,4.6,7.0,23.0,27.0,0.02,0.02,20.0,6.5
27,2,Fish,Cardinal Tetra,Paracheirodon axelrodi,High,4.3,37.7,0.002,0.001,7.2,10.5,critical,"pH, Temperature",pH,Correct pH slowly with small water changes only. Move no more than 0.2 pH per day.,critical,4.6,7.0,23.0,27.0,0.02,0.02,20.0,6.5
28,2,Fish,Cardinal Tetra,Paracheirodon axelrodi,High,4.95,25.9,0.317,0.878,6.3,11.2,critical,"Ammonia, Nitrite",Ammonia,Do a 40–50% water change with dechlorinated water. Pause feeding 24 hours and add beneficial bacteria.,critical,4.6,7.0,23.0,27.0,0.02,0.02,20.0,6.5
29,2,Fish,Cardinal Tetra,Paracheirodon axelrodi,High,4.95,36.5,0.002,0.001,3.3,9.1,critical,Temperature,Temperature,Adjust the heater 1°C at a time. Increase surface movement if the tank is hot.,critical,4.6,7.0,23.0,27.0,0.02,0.02,20.0,6.5
30,2,Fish,Cardinal Tetra,Paracheirodon axelrodi,High,5.13,25.9,0.12,0.003,3.9,4.1,critical,"Ammonia, DissolvedO2",Ammonia,Do a 40–50% water change with dechlorinated water. Pause feeding 24 hours and add beneficial bacteria.,critical,4.6,7.0,23.0,27.0,0.02,0.02,20.0,6.5
31,3,Fish,Ember Tetra,Hyphessobrycon amandae,Low,6.31,24.0,0.002,0.003,8.2,8.9,excellent,,,Keep weekly testing and regular water changes.,low,5.5,7.5,22.0,28.0,0.02,0.02,20.0,6.0
32,3,Fish,Ember Tetra,Hyphessobrycon amandae,Low,7.28,22.7,0.002,0.003,3.8,8.3,excellent,,,Keep weekly testing and regular water changes.,low,5.5,7.5,22.0,28.0,0.02,0.02,20.0,6.0
33,3,Fish,Ember Tetra,Hyphessobrycon amandae,Low,6.35,27.2,0.002,0.004,7.4,9.6,excellent,,,Keep weekly testing and regular water changes.,low,5.5,7.5,22.0,28.0,0.02,0.02,20.0,6.0
34,3,Fish,Ember Tetra,Hyphessobrycon amandae,Low,7.02,22.7,0.0,0.003,7.3,8.7,excellent,,,Keep weekly testing and regular water changes.,low,5.5,7.5,22.0,28.0,0.02,0.02,20.0,6.0
35,3,Fish,Ember Tetra,Hyphessobrycon amandae,Low,6.56,25.6,0.016,0.008,15.5,6.8,good,,,Keep weekly testing and regular water changes.,low,5.5,7.5,22.0,28.0,0.02,0.02,20.0,6.0
36,3,Fish,Ember Tetra,Hyphessobrycon amandae,Low,6.35,25.9,0.016,0.006,14.5,6.6,good,,,Keep weekly testing and regular water changes.,low,5.5,7.5,22.0,28.0,0.02,0.02,20.0,6.0
37,3,Fish,Ember Tetra,Hyphessobrycon amandae,Low,6.98,26.8,0.008,0.001,16.6,6.4,good,,,Keep weekly testing and regular water changes.,low,5.5,7.5,22.0,28.0,0.02,0.02,20.0,6.0
38,3,Fish,Ember Tetra,Hyphessobrycon amandae,Low,7.1,21.0,0.001,0.004,4.1,8.9,watch,Temperature,Temperature,Adjust the heater 1°C at a time. Increase surface movement if the tank is hot.,high,5.5,7.5,22.0,28.0,0.02,0.02,20.0,6.0
39,3,Fish,Ember Tetra,Hyphessobrycon amandae,Low,7.81,22.9,0.001,0.0,6.3,10.4,watch,pH,pH,Correct pH slowly with small water changes only. Move no more than 0.2 pH per day.,high,5.5,7.5,22.0,28.0,0.02,0.02,20.0,6.0
40,3,Fish,Ember Tetra,Hyphessobrycon amandae,Low,6.17,25.0,0.032,0.003,3.4,8.5,watch,Ammonia,Ammonia,Do a 40–50% water change with dechlorinated water. Pause feeding 24 hours and add beneficial bacteria.,critical,5.5,7.5,22.0,28.0,0.02,0.02,20.0,6.0
41,3,Fish,Ember Tetra,Hyphessobrycon amandae,Low,5.06,24.6,0.0,0.001,5.9,8.2,watch,pH,pH,Correct pH slowly with small water changes only. Move no more than 0.2 pH per day.,high,5.5,7.5,22.0,28.0,0.02,0.02,20.0,6.0
42,3,Fish,Ember Tetra,Hyphessobrycon amandae,Low,9.9,33.7,0.0,0.003,7.9,11.5,critical,"pH, Temperature",pH,Correct pH slowly with small water changes only. Move no more than 0.2 pH per day.,critical,5.5,7.5,22.0,28.0,0.02,0.02,20.0,6.0
43,3,Fish,Ember Tetra,Hyphessobrycon amandae,Low,6.53,26.7,0.12,0.002,6.5,1.7,critical,"Ammonia, DissolvedO2",Ammonia,Do a 40–50% water change with dechlorinated water. Pause feeding 24 hours and add beneficial bacteria.,critical,5.5,7.5,22.0,28.0,0.02,0.02,20.0,6.0
44,3,Fish,Ember Tetra,Hyphessobrycon amandae,Low,4.95,37.6,0.001,0.001,5.1,9.0,critical,"pH, Temperature",pH,Correct pH slowly with small water changes only. Move no more than 0.2 pH per day.,critical,5.5,7.5,22.0,28.0,0.02,0.02,20.0,6.0
45,3,Fish,Ember Tetra,Hyphessobrycon amandae,Low,4.9,36.5,0.003,0.003,7.4,9.8,critical,"pH, Temperature",pH,Correct pH slowly with small water changes only. Move no more than 0.2 pH per day.,critical,5.5,7.5,22.0,28.0,0.02,0.02,20.0,6.0
46,4,Fish,Black Neon Tetra,Hyphessobrycon herbertaxelrodi,Low,7.16,22.1,0.002,0.0,7.0,8.3,excellent,,,Keep weekly testing and regular water changes.,low,5.5,7.5,21.0,26.0,0.02,0.02,20.0,6.2
47,4,Fish,Black Neon Tetra,Hyphessobrycon herbertaxelrodi,Low,7.3,22.1,0.004,0.003,6.3,10.8,excellent,,,Keep weekly testing and regular water changes.,low,5.5,7.5,21.0,26.0,0.02,0.02,20.0,6.2
48,4,Fish,Black Neon Tetra,Hyphessobrycon herbertaxelrodi,Low,7.04,25.2,0.001,0.002,3.7,10.2,excellent,,,Keep weekly testing and regular water changes.,low,5.5,7.5,21.0,26.0,0.02,0.02,20.0,6.2
49,4,Fish,Black Neon Tetra,Hyphessobrycon herbertaxelrodi,Low,5.9,23.7,0.002,0.002,5.9,10.8,excellent,,,Keep weekly testing and regular water changes.,low,5.5,7.5,21.0,26.0,0.02,0.02,20.0,6.2
50,4,Fish,Black Neon Tetra,Hyphessobrycon herbertaxelrodi,Low,7.09,23.5,0.013,0.013,13.7,6.6,good,,,Keep weekly testing and regular water changes.,low,5.5,7.5,21.0,26.0,0.02,0.02,20.0,6.2
51,4,Fish,Black Neon Tetra,Hyphessobrycon herbertaxelrodi,Low,5.69,24.2,0.011,0.011,17.0,6.9,good,,,Keep weekly testing and regular water changes.,low,5.5,7.5,21.0,26.0,0.02,0.02,20.0,6.2
52,4,Fish,Black Neon Tetra,Hyphessobrycon herbertaxelrodi,Low,7.28,24.7,0.01,0.005,14.9,6.7,good,,,Keep weekly testing and regular water changes.,low,5.5,7.5,21.0,26.0,0.02,0.02,20.0,6.2
53,4,Fish,Black Neon Tetra,Hyphessobrycon herbertaxelrodi,Low,5.85,25.2,0.048,0.002,7.0,10.0,watch,Ammonia,Ammonia,Do a 40–50% water change with dechlorinated water. Pause feeding 24 hours and add beneficial bacteria.,critical,5.5,7.5,21.0,26.0,0.02,0.02,20.0,6.2
54,4,Fish,Black Neon Tetra,Hyphessobrycon herbertaxelrodi,Low,6.46,23.0,0.05,0.003,8.1,8.4,watch,Ammonia,Ammonia,Do a 40–50% water change with dechlorinated water. Pause feeding 24 hours and add beneficial bacteria.,critical,5.5,7.5,21.0,26.0,0.02,0.02,20.0,6.2
55,4,Fish,Black Neon Tetra,Hyphessobrycon herbertaxelrodi,Low,6.75,22.1,0.002,0.003,26.2,9.6,watch,Nitrate,Nitrate,"Do a 25–40% water change, vacuum the substrate, and add fast-growing plants.",medium,5.5,7.5,21.0,26.0,0.02,0.02,20.0,6.2
56,4,Fish,Black Neon Tetra,Hyphessobrycon herbertaxelrodi,Low,6.42,23.3,0.001,0.004,34.0,8.4,watch,Nitrate,Nitrate,"Do a 25–40% water change, vacuum the substrate, and add fast-growing plants.",medium,5.5,7.5,21.0,26.0,0.02,0.02,20.0,6.2
57,4,Fish,Black Neon Tetra,Hyphessobrycon herbertaxelrodi,Low,7.2,22.7,0.227,1.875,8.4,10.4,critical,"Ammonia, Nitrite",Ammonia,Do a 40–50% water change with dechlorinated water. Pause feeding 24 hours and add beneficial bacteria.,critical,5.5,7.5,21.0,26.0,0.02,0.02,20.0,6.2
58,4,Fish,Black Neon Tetra,Hyphessobrycon herbertaxelrodi,Low,5.63,22.5,0.12,0.003,4.2,3.1,critical,"Ammonia, DissolvedO2",Ammonia,Do a 40–50% water change with dechlorinated water. Pause feeding 24 hours and add beneficial bacteria.,critical,5.5,7.5,21.0,26.0,0.02,0.02,20.0,6.2
59,4,Fish,Black Neon Tetra,Hyphessobrycon herbertaxelrodi,Low,10.12,36.9,0.0,0.002,7.4,8.9,critical,"pH, Temperature",pH,Correct pH slowly with small water changes only. Move no more than 0.2 pH per day.,critical,5.5,7.5,21.0,26.0,0.02,0.02,20.0,6.2
60,4,Fish,Black Neon Tetra,Hyphessobrycon herbertaxelrodi,Low,7.12,21.8,0.12,0.0,5.8,3.0,critical,"Ammonia, DissolvedO2",Ammonia,Do a 40–50% water change with dechlorinated water. Pause feeding 24 hours and add beneficial bacteria.,critical,5.5,7.5,21.0,26.0,0.02,0.02,20.0,6.2
61,5,Fish,Rummy Nose Tetra,Hemigrammus bleheri,Medium,6.72,25.0,0.003,0.001,4.6,10.6,excellent,,,Keep weekly testing and regular water changes.,low,5.5,7.0,24.0,28.0,0.02,0.02,20.0,6.4
62,5,Fish,Rummy Nose Tetra,Hemigrammus bleheri,Medium,6.89,26.3,0.0,0.002,3.4,11.2,excellent,,,Keep weekly testing and regular water changes.,low,5.5,7.0,24.0,28.0,0.02,0.02,20.0,6.4
63,5,Fish,Rummy Nose Tetra,Hemigrammus bleheri,Medium,6.53,25.1,0.0,0.001,8.3,9.8,excellent,,,Keep weekly testing and regular water changes.,low,5.5,7.0,24.0,28.0,0.02,0.02,20.0,6.4
64,5,Fish,Rummy Nose Tetra,Hemigrammus bleheri,Medium,6.63,26.4,0.002,0.001,8.1,9.2,excellent,,,Keep weekly testing and regular water changes.,low,5.5,7.0,24.0,28.0,0.02,0.02,20.0,6.4
65,5,Fish,Rummy Nose Tetra,Hemigrammus bleheri,Medium,6.36,26.7,0.013,0.013,13.9,7.4,good,,,Keep weekly testing and regular water changes.,low,5.5,7.0,24.0,28.0,0.02,0.02,20.0,6.4
66,5,Fish,Rummy Nose Tetra,Hemigrammus bleheri,Medium,6.11,25.9,0.008,0.002,14.7,7.1,good,,,Keep weekly testing and regular water changes.,low,5.5,7.0,24.0,28.0,0.02,0.02,20.0,6.4
67,5,Fish,Rummy Nose Tetra,Hemigrammus bleheri,Medium,6.14,26.4,0.013,0.006,15.5,6.9,good,,,Keep weekly testing and regular water changes.,low,5.5,7.0,24.0,28.0,0.02,0.02,20.0,6.4
68,5,Fish,Rummy Nose Tetra,Hemigrammus bleheri,Medium,7.38,25.5,0.0,0.002,5.7,9.0,watch,pH,pH,Correct pH slowly with small water changes only. Move no more than 0.2 pH per day.,high,5.5,7.0,24.0,28.0,0.02,0.02,20.0,6.4
69,5,Fish,Rummy Nose Tetra,Hemigrammus bleheri,Medium,6.52,22.5,0.003,0.001,7.3,10.1,watch,Temperature,Temperature,Adjust the heater 1°C at a time. Increase surface movement if the tank is hot.,high,5.5,7.0,24.0,28.0,0.02,0.02,20.0,6.4
70,5,Fish,Rummy Nose Tetra,Hemigrammus bleheri,Medium,6.42,25.6,0.041,0.003,7.8,11.3,watch,Ammonia,Ammonia,Do a 40–50% water change with dechlorinated water. Pause feeding 24 hours and add beneficial bacteria.,critical,5.5,7.0,24.0,28.0,0.02,0.02,20.0,6.4
71,5,Fish,Rummy Nose Tetra,Hemigrammus bleheri,Medium,6.65,21.8,0.003,0.002,3.8,8.4,watch,Temperature,Temperature,Adjust the heater 1°C at a time. Increase surface movement if the tank is hot.,high,5.5,7.0,24.0,28.0,0.02,0.02,20.0,6.4
72,5,Fish,Rummy Nose Tetra,Hemigrammus bleheri,Medium,5.65,25.4,0.647,6.377,92.1,10.7,critical,"Ammonia, Nitrite, Nitrate",Ammonia,Do a 40–50% water change with dechlorinated water. Pause feeding 24 hours and add beneficial bacteria.,critical,5.5,7.0,24.0,28.0,0.02,0.02,20.0,6.4
73,5,Fish,Rummy Nose Tetra,Hemigrammus bleheri,Medium,5.79,26.3,0.806,0.879,8.2,11.6,critical,"Ammonia, Nitrite",Ammonia,Do a 40–50% water change with dechlorinated water. Pause feeding 24 hours and add beneficial bacteria.,critical,5.5,7.0,24.0,28.0,0.02,0.02,20.0,6.4
74,5,Fish,Rummy Nose Tetra,Hemigrammus bleheri,Medium,6.5,26.6,1.204,2.064,54.1,8.9,critical,"Ammonia, Nitrite, Nitrate",Ammonia,Do a 40–50% water change with dechlorinated water. Pause feeding 24 hours and add beneficial bacteria.,critical,5.5,7.0,24.0,28.0,0.02,0.02,20.0,6.4
75,5,Fish,Rummy Nose Tetra,Hemigrammus bleheri,Medium,6.91,26.2,0.12,0.004,3.9,2.5,critical,"Ammonia, DissolvedO2",Ammonia,Do a 40–50% water change with dechlorinated water. Pause feeding 24 hours and add beneficial bacteria.,critical,5.5,7.0,24.0,28.0,0.02,0.02,20.0,6.4
76,6,Fish,Glowlight Tetra,Hemigrammus erythrozonus,Low,6.0,26.2,0.002,0.002,4.0,8.7,excellent,,,Keep weekly testing and regular water changes.,low,5.8,7.5,22.0,28.0,0.02,0.02,20.0,6.3
77,6,Fish,Glowlight Tetra,Hemigrammus erythrozonus,Low,7.28,22.8,0.001,0.001,5.7,10.2,excellent,,,Keep weekly testing and regular water changes.,low,5.8,7.5,22.0,28.0,0.02,0.02,20.0,6.3
78,6,Fish,Glowlight Tetra,Hemigrammus erythrozonus,Low,6.64,23.0,0.001,0.003,6.5,10.4,excellent,,,Keep weekly testing and regular water changes.,low,5.8,7.5,22.0,28.0,0.02,0.02,20.0,6.3
79,6,Fish,Glowlight Tetra,Hemigrammus erythrozonus,Low,6.91,26.3,0.0,0.001,6.0,9.3,excellent,,,Keep weekly testing and regular water changes.,low,5.8,7.5,22.0,28.0,0.02,0.02,20.0,6.3
80,6,Fish,Glowlight Tetra,Hemigrammus erythrozonus,Low,7.22,24.9,0.015,0.012,16.0,8.0,good,,,Keep weekly testing and regular water changes.,low,5.8,7.5,22.0,28.0,0.02,0.02,20.0,6.3
81,6,Fish,Glowlight Tetra,Hemigrammus erythrozonus,Low,6.79,27.0,0.01,0.007,16.2,6.7,good,,,Keep weekly testing and regular water changes.,low,5.8,7.5,22.0,28.0,0.02,0.02,20.0,6.3
82,6,Fish,Glowlight Tetra,Hemigrammus erythrozonus,Low,6.48,27.4,0.013,0.002,15.0,6.8,good,,,Keep weekly testing and regular water changes.,low,5.8,7.5,22.0,28.0,0.02,0.02,20.0,6.3
83,6,Fish,Glowlight Tetra,Hemigrammus erythrozonus,Low,5.92,30.2,0.002,0.001,6.3,8.1,watch,Temperature,Temperature,Adjust the heater 1°C at a time. Increase surface movement if the tank is hot.,high,5.8,7.5,22.0,28.0,0.02,0.02,20.0,6.3
84,6,Fish,Glowlight Tetra,Hemigrammus erythrozonus,Low,5.4,27.3,0.002,0.002,7.2,11.3,watch,pH,pH,Correct pH slowly with small water changes only. Move no more than 0.2 pH per day.,high,5.8,7.5,22.0,28.0,0.02,0.02,20.0,6.3
85,6,Fish,Glowlight Tetra,Hemigrammus erythrozonus,Low,7.36,20.1,0.003,0.0,7.0,9.6,watch,Temperature,Temperature,Adjust the heater 1°C at a time. Increase surface movement if the tank is hot.,high,5.8,7.5,22.0,28.0,0.02,0.02,20.0,6.3
86,6,Fish,Glowlight Tetra,Hemigrammus erythrozonus,Low,7.37,21.0,0.001,0.003,7.1,9.3,watch,Temperature,Temperature,Adjust the heater 1°C at a time. Increase surface movement if the tank is hot.,high,5.8,7.5,22.0,28.0,0.02,0.02,20.0,6.3
87,6,Fish,Glowlight Tetra,Hemigrammus erythrozonus,Low,5.94,26.3,0.825,0.494,5.6,11.5,critical,"Ammonia, Nitrite",Ammonia,Do a 40–50% water change with dechlorinated water. Pause feeding 24 hours and add beneficial bacteria.,critical,5.8,7.5,22.0,28.0,0.02,0.02,20.0,6.3
88,6,Fish,Glowlight Tetra,Hemigrammus erythrozonus,Low,9.15,36.9,0.004,0.003,3.4,9.4,critical,"pH, Temperature",pH,Correct pH slowly with small water changes only. Move no more than 0.2 pH per day.,critical,5.8,7.5,22.0,28.0,0.02,0.02,20.0,6.3
89,6,Fish,Glowlight Tetra,Hemigrammus erythrozonus,Low,7.21,26.1,0.154,1.225,4.4,10.3,critical,"Ammonia, Nitrite",Ammonia,Do a 40–50% water change with dechlorinated water. Pause feeding 24 hours and add beneficial bacteria.,critical,5.8,7.5,22.0,28.0,0.02,0.02,20.0,6.3
90,6,Fish,Glowlight Tetra,Hemigrammus erythrozonus,Low,6.92,22.7,1.224,6.543,64.1,8.9,critical,"Ammonia, Nitrite, Nitrate",Ammonia,Do a 40–50% water change with dechlorinated water. Pause feeding 24 hours and add beneficial bacteria.,critical,5.8,7.5,22.0,28.0,0.02,0.02,20.0,6.3
91,7,Fish,Congo Tetra,Phenacogrammus interruptus,Medium,6.48,25.8,0.002,0.001,7.8,8.8,excellent,,,Keep weekly testing and regular water changes.,low,6.0,7.5,23.0,28.0,0.02,0.02,20.0,6.4
92,7,Fish,Congo Tetra,Phenacogrammus interruptus,Medium,6.19,24.9,0.003,0.003,8.4,9.2,excellent,,,Keep weekly testing and regular water changes.,low,6.0,7.5,23.0,28.0,0.02,0.02,20.0,6.4
93,7,Fish,Congo Tetra,Phenacogrammus interruptus,Medium,6.63,24.1,0.002,0.004,6.8,10.2,excellent,,,Keep weekly testing and regular water changes.,low,6.0,7.5,23.0,28.0,0.02,0.02,20.0,6.4
94,7,Fish,Congo Tetra,Phenacogrammus interruptus,Medium,6.61,27.1,0.002,0.001,5.1,8.4,excellent,,,Keep weekly testing and regular water changes.,low,6.0,7.5,23.0,28.0,0.02,0.02,20.0,6.4
95,7,Fish,Congo Tetra,Phenacogrammus interruptus,Medium,6.31,23.2,0.012,0.009,15.1,7.3,good,,,Keep weekly testing and regular water changes.,low,6.0,7.5,23.0,28.0,0.02,0.02,20.0,6.4
96,7,Fish,Congo Tetra,Phenacogrammus interruptus,Medium,7.42,26.7,0.012,0.004,18.4,7.0,good,,,Keep weekly testing and regular water changes.,low,6.0,7.5,23.0,28.0,0.02,0.02,20.0,6.4
97,7,Fish,Congo Tetra,Phenacogrammus interruptus,Medium,6.5,27.4,0.012,0.01,16.5,7.6,good,,,Keep weekly testing and regular water changes.,low,6.0,7.5,23.0,28.0,0.02,0.02,20.0,6.4
98,7,Fish,Congo Tetra,Phenacogrammus interruptus,Medium,7.97,24.5,0.001,0.001,7.7,9.2,watch,pH,pH,Correct pH slowly with small water changes only. Move no more than 0.2 pH per day.,high,6.0,7.5,23.0,28.0,0.02,0.02,20.0,6.4
99,7,Fish,Congo Tetra,Phenacogrammus interruptus,Medium,7.13,20.7,0.002,0.004,6.7,11.0,watch,Temperature,Temperature,Adjust the heater 1°C at a time. Increase surface movement if the tank is hot.,high,6.0,7.5,23.0,28.0,0.02,0.02,20.0,6.4
100,7,Fish,Congo Tetra,Phenacogrammus interruptus,Medium,7.14,24.3,0.002,0.0,27.8,11.4,watch,Nitrate,Nitrate,"Do a 25–40% water change, vacuum the substrate, and add fast-growing plants.",medium,6.0,7.5,23.0,28.0,0.02,0.02,20.0,6.4
101,7,Fish,Congo Tetra,Phenacogrammus interruptus,Medium,6.13,21.4,0.0,0.0,4.5,8.4,watch,Temperature,Temperature,Adjust the heater 1°C at a time. Increase surface movement if the tank is hot.,high,6.0,7.5,23.0,28.0,0.02,0.02,20.0,6.4
102,7,Fish,Congo Tetra,Phenacogrammus interruptus,Medium,6.77,24.8,0.673,2.346,61.6,8.4,critical,"Ammonia, Nitrite, Nitrate",Ammonia,Do a 40–50% water change with dechlorinated water. Pause feeding 24 hours and add beneficial bacteria.,critical,6.0,7.5,23.0,28.0,0.02,0.02,20.0,6.4
103,7,Fish,Congo Tetra,Phenacogrammus interruptus,Medium,6.64,23.6,0.12,0.003,3.2,2.8,critical,"Ammonia, DissolvedO2",Ammonia,Do a 40–50% water change with dechlorinated water. Pause feeding 24 hours and add beneficial bacteria.,critical,6.0,7.5,23.0,28.0,0.02,0.02,20.0,6.4
104,7,Fish,Congo Tetra,Phenacogrammus interruptus,Medium,6.53,25.2,0.12,0.003,4.6,2.7,critical,"Ammonia, DissolvedO2",Ammonia,Do a 40–50% water change with dechlorinated water. Pause feeding 24 hours and add beneficial bacteria.,critical,6.0,7.5,23.0,28.0,0.02,0.02,20.0,6.4
105,7,Fish,Congo Tetra,Phenacogrammus interruptus,Medium,7.0,24.5,0.755,0.606,3.5,9.8,critical,"Ammonia, Nitrite",Ammonia,Do a 40–50% water change with dechlorinated water. Pause feeding 24 hours and add beneficial bacteria.,critical,6.0,7.5,23.0,28.0,0.02,0.02,20.0,6.4
106,8,Fish,Diamond Tetra,Moenkhausia pittieri,Low,6.14,24.1,0.004,0.0,4.2,8.2,excellent,,,Keep weekly testing and regular water changes.,low,6.0,7.5,23.0,28.0,0.02,0.02,20.0,6.3
107,8,Fish,Diamond Tetra,Moenkhausia pittieri,Low,6.23,26.0,0.001,0.002,6.3,11.1,excellent,,,Keep weekly testing and regular water changes.,low,6.0,7.5,23.0,28.0,0.02,0.02,20.0,6.3
108,8,Fish,Diamond Tetra,Moenkhausia pittieri,Low,6.09,26.8,0.002,0.001,7.2,11.1,excellent,,,Keep weekly testing and regular water changes.,low,6.0,7.5,23.0,28.0,0.02,0.02,20.0,6.3
109,8,Fish,Diamond Tetra,Moenkhausia pittieri,Low,6.42,27.1,0.002,0.002,8.3,9.4,excellent,,,Keep weekly testing and regular water changes.,low,6.0,7.5,23.0,28.0,0.02,0.02,20.0,6.3
110,8,Fish,Diamond Tetra,Moenkhausia pittieri,Low,7.21,24.6,0.015,0.008,14.3,7.2,good,,,Keep weekly testing and regular water changes.,low,6.0,7.5,23.0,28.0,0.02,0.02,20.0,6.3
111,8,Fish,Diamond Tetra,Moenkhausia pittieri,Low,6.48,23.5,0.007,0.005,13.1,6.8,good,,,Keep weekly testing and regular water changes.,low,6.0,7.5,23.0,28.0,0.02,0.02,20.0,6.3
112,8,Fish,Diamond Tetra,Moenkhausia pittieri,Low,7.05,26.6,0.01,0.012,16.6,6.7,good,,,Keep weekly testing and regular water changes.,low,6.0,7.5,23.0,28.0,0.02,0.02,20.0,6.3
113,8,Fish,Diamond Tetra,Moenkhausia pittieri,Low,6.27,26.2,0.05,0.002,8.4,8.1,watch,Ammonia,Ammonia,Do a 40–50% water change with dechlorinated water. Pause feeding 24 hours and add beneficial bacteria.,critical,6.0,7.5,23.0,28.0,0.02,0.02,20.0,6.3
114,8,Fish,Diamond Tetra,Moenkhausia pittieri,Low,7.76,24.1,0.004,0.004,6.0,10.3,watch,pH,pH,Correct pH slowly with small water changes only. Move no more than 0.2 pH per day.,high,6.0,7.5,23.0,28.0,0.02,0.02,20.0,6.3
115,8,Fish,Diamond Tetra,Moenkhausia pittieri,Low,7.74,25.9,0.001,0.003,7.5,8.2,watch,pH,pH,Correct pH slowly with small water changes only. Move no more than 0.2 pH per day.,high,6.0,7.5,23.0,28.0,0.02,0.02,20.0,6.3
116,8,Fish,Diamond Tetra,Moenkhausia pittieri,Low,7.25,21.0,0.002,0.002,5.3,10.5,watch,Temperature,Temperature,Adjust the heater 1°C at a time. Increase surface movement if the tank is hot.,high,6.0,7.5,23.0,28.0,0.02,0.02,20.0,6.3
117,8,Fish,Diamond Tetra,Moenkhausia pittieri,Low,6.84,26.5,0.592,1.044,5.9,8.1,critical,"Ammonia, Nitrite",Ammonia,Do a 40–50% water change with dechlorinated water. Pause feeding 24 hours and add beneficial bacteria.,critical,6.0,7.5,23.0,28.0,0.02,0.02,20.0,6.3
118,8,Fish,Diamond Tetra,Moenkhausia pittieri,Low,6.21,27.0,1.231,2.16,56.0,11.5,critical,"Ammonia, Nitrite, Nitrate",Ammonia,Do a 40–50% water change with dechlorinated water. Pause feeding 24 hours and add beneficial bacteria.,critical,6.0,7.5,23.0,28.0,0.02,0.02,20.0,6.3
119,8,Fish,Diamond Tetra,Moenkhausia pittieri,Low,10.02,15.1,0.002,0.003,7.8,9.4,critical,"pH, Temperature",pH,Correct pH slowly with small water changes only. Move no more than 0.2 pH per day.,critical,6.0,7.5,23.0,28.0,0.02,0.02,20.0,6.3
120,8,Fish,Diamond Tetra,Moenkhausia pittieri,Low,7.29,26.9,0.17,2.015,4.3,10.7,critical,"Ammonia, Nitrite",Ammonia,Do a 40–50% water change with dechlorinated water. Pause feeding 24 hours and add beneficial bacteria.,critical,6.0,7.5,23.0,28.0,0.02,0.02,20.0,6.3
121,9,Fish,Bleeding Heart Tetra,Hyphessobrycon erythrostigma,Medium,6.59,25.3,0.004,0.002,4.9,10.2,excellent,,,Keep weekly testing and regular water changes.,low,6.0,7.5,22.0,27.0,0.02,0.02,20.0,6.3
122,9,Fish,Bleeding Heart Tetra,Hyphessobrycon erythrostigma,Medium,6.86,24.2,0.002,0.004,5.6,8.8,excellent,,,Keep weekly testing and regular water changes.,low,6.0,7.5,22.0,27.0,0.02,0.02,20.0,6.3
123,9,Fish,Bleeding Heart Tetra,Hyphessobrycon erythrostigma,Medium,6.59,24.1,0.001,0.001,6.8,9.3,excellent,,,Keep weekly testing and regular water changes.,low,6.0,7.5,22.0,27.0,0.02,0.02,20.0,6.3
124,9,Fish,Bleeding Heart Tetra,Hyphessobrycon erythrostigma,Medium,7.36,23.5,0.0,0.003,7.8,9.1,excellent,,,Keep weekly testing and regular water changes.,low,6.0,7.5,22.0,27.0,0.02,0.02,20.0,6.3
125,9,Fish,Bleeding Heart Tetra,Hyphessobrycon erythrostigma,Medium,6.32,23.0,0.012,0.007,14.6,6.6,good,,,Keep weekly testing and regular water changes.,low,6.0,7.5,22.0,27.0,0.02,0.02,20.0,6.3
126,9,Fish,Bleeding Heart Tetra,Hyphessobrycon erythrostigma,Medium,6.72,26.7,0.014,0.007,13.7,6.9,good,,,Keep weekly testing and regular water changes.,low,6.0,7.5,22.0,27.0,0.02,0.02,20.0,6.3
127,9,Fish,Bleeding Heart Tetra,Hyphessobrycon erythrostigma,Medium,6.45,25.7,0.016,0.013,18.9,8.1,good,,,Keep weekly testing and regular water changes.,low,6.0,7.5,22.0,27.0,0.02,0.02,20.0,6.3
128,9,Fish,Bleeding Heart Tetra,Hyphessobrycon erythrostigma,Medium,7.36,22.9,0.001,0.001,29.8,8.4,watch,Nitrate,Nitrate,"Do a 25–40% water change, vacuum the substrate, and add fast-growing plants.",medium,6.0,7.5,22.0,27.0,0.02,0.02,20.0,6.3
129,9,Fish,Bleeding Heart Tetra,Hyphessobrycon erythrostigma,Medium,6.81,23.2,0.047,0.001,7.6,10.1,watch,Ammonia,Ammonia,Do a 40–50% water change with dechlorinated water. Pause feeding 24 hours and add beneficial bacteria.,critical,6.0,7.5,22.0,27.0,0.02,0.02,20.0,6.3
130,9,Fish,Bleeding Heart Tetra,Hyphessobrycon erythrostigma,Medium,6.48,21.0,0.002,0.003,7.2,8.8,watch,Temperature,Temperature,Adjust the heater 1°C at a time. Increase surface movement if the tank is hot.,high,6.0,7.5,22.0,27.0,0.02,0.02,20.0,6.3
131,9,Fish,Bleeding Heart Tetra,Hyphessobrycon erythrostigma,Medium,7.28,23.0,0.038,0.003,4.1,9.5,watch,Ammonia,Ammonia,Do a 40–50% water change with dechlorinated water. Pause feeding 24 hours and add beneficial bacteria.,critical,6.0,7.5,22.0,27.0,0.02,0.02,20.0,6.3
132,9,Fish,Bleeding Heart Tetra,Hyphessobrycon erythrostigma,Medium,6.41,25.3,0.12,0.003,5.0,2.1,critical,"Ammonia, DissolvedO2",Ammonia,Do a 40–50% water change with dechlorinated water. Pause feeding 24 hours and add beneficial bacteria.,critical,6.0,7.5,22.0,27.0,0.02,0.02,20.0,6.3
133,9,Fish,Bleeding Heart Tetra,Hyphessobrycon erythrostigma,Medium,6.3,26.2,0.6,1.262,5.9,9.8,critical,"Ammonia, Nitrite",Ammonia,Do a 40–50% water change with dechlorinated water. Pause feeding 24 hours and add beneficial bacteria.,critical,6.0,7.5,22.0,27.0,0.02,0.02,20.0,6.3
134,9,Fish,Bleeding Heart Tetra,Hyphessobrycon erythrostigma,Medium,6.66,23.1,0.621,0.703,5.7,11.4,critical,"Ammonia, Nitrite",Ammonia,Do a 40–50% water change with dechlorinated water. Pause feeding 24 hours and add beneficial bacteria.,critical,6.0,7.5,22.0,27.0,0.02,0.02,20.0,6.3
135,9,Fish,Bleeding Heart Tetra,Hyphessobrycon erythrostigma,Medium,6.42,22.7,0.545,1.031,4.9,10.2,critical,"Ammonia, Nitrite",Ammonia,Do a 40–50% water change with dechlorinated water. Pause feeding 24 hours and add beneficial bacteria.,critical,6.0,7.5,22.0,27.0,0.02,0.02,20.0,6.3
136,10,Fish,Serpae Tetra,Hyphessobrycon eques,Low,6.72,23.5,0.004,0.003,7.1,9.7,excellent,,,Keep weekly testing and regular water changes.,low,5.5,7.8,22.0,28.0,0.02,0.02,20.0,6.2
137,10,Fish,Serpae Tetra,Hyphessobrycon eques,Low,5.91,27.0,0.001,0.0,5.0,10.9,excellent,,,Keep weekly testing and regular water changes.,low,5.5,7.8,22.0,28.0,0.02,0.02,20.0,6.2
138,10,Fish,Serpae Tetra,Hyphessobrycon eques,Low,6.91,26.2,0.003,0.001,8.0,9.6,excellent,,,Keep weekly testing and regular water changes.,low,5.5,7.8,22.0,28.0,0.02,0.02,20.0,6.2
139,10,Fish,Serpae Tetra,Hyphessobrycon eques,Low,6.95,22.6,0.004,0.001,3.5,9.6,excellent,,,Keep weekly testing and regular water changes.,low,5.5,7.8,22.0,28.0,0.02,0.02,20.0,6.2
140,10,Fish,Serpae Tetra,Hyphessobrycon eques,Low,5.81,23.0,0.013,0.006,18.5,6.9,good,,,Keep weekly testing and regular water changes.,low,5.5,7.8,22.0,28.0,0.02,0.02,20.0,6.2
141,10,Fish,Serpae Tetra,Hyphessobrycon eques,Low,7.16,24.8,0.014,0.008,15.8,7.9,good,,,Keep weekly testing and regular water changes.,low,5.5,7.8,22.0,28.0,0.02,0.02,20.0,6.2
142,10,Fish,Serpae Tetra,Hyphessobrycon eques,Low,6.29,23.2,0.014,0.012,13.2,7.1,good,,,Keep weekly testing and regular water changes.,low,5.5,7.8,22.0,28.0,0.02,0.02,20.0,6.2
143,10,Fish,Serpae Tetra,Hyphessobrycon eques,Low,7.49,29.5,0.004,0.002,6.6,9.1,watch,Temperature,Temperature,Adjust the heater 1°C at a time. Increase surface movement if the tank is hot.,high,5.5,7.8,22.0,28.0,0.02,0.02,20.0,6.2
144,10,Fish,Serpae Tetra,Hyphessobrycon eques,Low,7.16,24.5,0.038,0.003,5.8,11.3,watch,Ammonia,Ammonia,Do a 40–50% water change with dechlorinated water. Pause feeding 24 hours and add beneficial bacteria.,critical,5.5,7.8,22.0,28.0,0.02,0.02,20.0,6.2
145,10,Fish,Serpae Tetra,Hyphessobrycon eques,Low,5.12,24.2,0.002,0.002,3.9,8.3,watch,pH,pH,Correct pH slowly with small water changes only. Move no more than 0.2 pH per day.,high,5.5,7.8,22.0,28.0,0.02,0.02,20.0,6.2
146,10,Fish,Serpae Tetra,Hyphessobrycon eques,Low,7.0,22.7,0.001,0.001,25.7,11.1,watch,Nitrate,Nitrate,"Do a 25–40% water change, vacuum the substrate, and add fast-growing plants.",medium,5.5,7.8,22.0,28.0,0.02,0.02,20.0,6.2
147,10,Fish,Serpae Tetra,Hyphessobrycon eques,Low,7.01,23.2,1.042,2.316,74.8,10.4,critical,"Ammonia, Nitrite, Nitrate",Ammonia,Do a 40–50% water change with dechlorinated water. Pause feeding 24 hours and add beneficial bacteria.,critical,5.5,7.8,22.0,28.0,0.02,0.02,20.0,6.2
148,10,Fish,Serpae Tetra,Hyphessobrycon eques,Low,7.62,25.5,0.228,3.598,82.7,11.5,critical,"Ammonia, Nitrite, Nitrate",Ammonia,Do a 40–50% water change with dechlorinated water. Pause feeding 24 hours and add beneficial bacteria.,critical,5.5,7.8,22.0,28.0,0.02,0.02,20.0,6.2
149,10,Fish,Serpae Tetra,Hyphessobrycon eques,Low,4.8,34.7,0.002,0.002,8.1,11.1,critical,"pH, Temperature",pH,Correct pH slowly with small water changes only. Move no more than 0.2 pH per day.,critical,5.5,7.8,22.0,28.0,0.02,0.02,20.0,6.2
150,10,Fish,Serpae Tetra,Hyphessobrycon eques,Low,7.53,27.0,0.798,1.167,7.1,10.8,critical,"Ammonia, Nitrite",Ammonia,Do a 40–50% water change with dechlorinated water. Pause feeding 24 hours and add beneficial bacteria.,critical,5.5,7.8,22.0,28.0,0.02,0.02,20.0,6.2
151,11,Fish,Lemon Tetra,Hyphessobrycon pulchripinnis,Low,6.69,24.5,0.003,0.001,4.5,10.2,excellent,,,Keep weekly testing and regular water changes.,low,6.0,7.5,23.0,28.0,0.02,0.02,20.0,6.3
152,11,Fish,Lemon Tetra,Hyphessobrycon pulchripinnis,Low,6.63,24.4,0.003,0.003,4.1,8.1,excellent,,,Keep weekly testing and regular water changes.,low,6.0,7.5,23.0,28.0,0.02,0.02,20.0,6.3
153,11,Fish,Lemon Tetra,Hyphessobrycon pulchripinnis,Low,6.53,26.6,0.003,0.001,7.2,8.5,excellent,,,Keep weekly testing and regular water changes.,low,6.0,7.5,23.0,28.0,0.02,0.02,20.0,6.3
154,11,Fish,Lemon Tetra,Hyphessobrycon pulchripinnis,Low,6.6,27.4,0.001,0.001,5.4,10.3,excellent,,,Keep weekly testing and regular water changes.,low,6.0,7.5,23.0,28.0,0.02,0.02,20.0,6.3
155,11,Fish,Lemon Tetra,Hyphessobrycon pulchripinnis,Low,7.38,27.8,0.008,0.002,17.7,6.9,good,,,Keep weekly testing and regular water changes.,low,6.0,7.5,23.0,28.0,0.02,0.02,20.0,6.3
156,11,Fish,Lemon Tetra,Hyphessobrycon pulchripinnis,Low,7.31,26.3,0.008,0.012,14.1,7.2,good,,,Keep weekly testing and regular water changes.,low,6.0,7.5,23.0,28.0,0.02,0.02,20.0,6.3
157,11,Fish,Lemon Tetra,Hyphessobrycon pulchripinnis,Low,6.83,25.5,0.014,0.009,19.0,8.1,good,,,Keep weekly testing and regular water changes.,low,6.0,7.5,23.0,28.0,0.02,0.02,20.0,6.3
158,11,Fish,Lemon Tetra,Hyphessobrycon pulchripinnis,Low,5.83,24.0,0.003,0.004,4.9,9.7,watch,pH,pH,Correct pH slowly with small water changes only. Move no more than 0.2 pH per day.,high,6.0,7.5,23.0,28.0,0.02,0.02,20.0,6.3
159,11,Fish,Lemon Tetra,Hyphessobrycon pulchripinnis,Low,6.98,29.4,0.003,0.003,7.5,9.6,watch,Temperature,Temperature,Adjust the heater 1°C at a time. Increase surface movement if the tank is hot.,high,6.0,7.5,23.0,28.0,0.02,0.02,20.0,6.3
160,11,Fish,Lemon Tetra,Hyphessobrycon pulchripinnis,Low,7.08,26.6,0.03,0.004,3.9,11.2,watch,Ammonia,Ammonia,Do a 40–50% water change with dechlorinated water. Pause feeding 24 hours and add beneficial bacteria.,critical,6.0,7.5,23.0,28.0,0.02,0.02,20.0,6.3
161,11,Fish,Lemon Tetra,Hyphessobrycon pulchripinnis,Low,7.66,23.9,0.0,0.0,5.5,10.8,watch,pH,pH,Correct pH slowly with small water changes only. Move no more than 0.2 pH per day.,high,6.0,7.5,23.0,28.0,0.02,0.02,20.0,6.3
162,11,Fish,Lemon Tetra,Hyphessobrycon pulchripinnis,Low,6.95,26.7,0.12,0.001,7.7,3.6,critical,"Ammonia, DissolvedO2",Ammonia,Do a 40–50% water change with dechlorinated water. Pause feeding 24 hours and add beneficial bacteria.,critical,6.0,7.5,23.0,28.0,0.02,0.02,20.0,6.3
163,11,Fish,Lemon Tetra,Hyphessobrycon pulchripinnis,Low,6.2,25.1,0.12,0.001,7.1,3.4,critical,"Ammonia, DissolvedO2",Ammonia,Do a 40–50% water change with dechlorinated water. Pause feeding 24 hours and add beneficial bacteria.,critical,6.0,7.5,23.0,28.0,0.02,0.02,20.0,6.3
164,11,Fish,Lemon Tetra,Hyphessobrycon pulchripinnis,Low,6.7,25.0,1.188,2.146,54.6,8.5,critical,"Ammonia, Nitrite, Nitrate",Ammonia,Do a 40–50% water change with dechlorinated water. Pause feeding 24 hours and add beneficial bacteria.,critical,6.0,7.5,23.0,28.0,0.02,0.02,20.0,6.3
165,11,Fish,Lemon Tetra,Hyphessobrycon pulchripinnis,Low,6.61,27.4,0.894,2.009,5.5,9.5,critical,"Ammonia, Nitrite",Ammonia,Do a 40–50% water change with dechlorinated water. Pause feeding 24 hours and add beneficial bacteria.,critical,6.0,7.5,23.0,28.0,0.02,0.02,20.0,6.3
166,12,Fish,Green Neon Tetra,Paracheirodon simulans,Medium,6.69,23.3,0.001,0.003,4.7,10.7,excellent,,,Keep weekly testing and regular water changes.,low,5.0,7.0,22.0,27.0,0.02,0.02,20.0,6.4
167,12,Fish,Green Neon Tetra,Paracheirodon simulans,Medium,6.12,24.7,0.003,0.003,3.3,8.4,excellent,,,Keep weekly testing and regular water changes.,low,5.0,7.0,22.0,27.0,0.02,0.02,20.0,6.4
168,12,Fish,Green Neon Tetra,Paracheirodon simulans,Medium,6.19,24.4,0.001,0.002,7.1,11.0,excellent,,,Keep weekly testing and regular water changes.,low,5.0,7.0,22.0,27.0,0.02,0.02,20.0,6.4
169,12,Fish,Green Neon Tetra,Paracheirodon simulans,Medium,6.11,24.1,0.001,0.002,4.8,10.1,excellent,,,Keep weekly testing and regular water changes.,low,5.0,7.0,22.0,27.0,0.02,0.02,20.0,6.4
170,12,Fish,Green Neon Tetra,Paracheirodon simulans,Medium,6.35,22.5,0.007,0.003,18.4,7.6,good,,,Keep weekly testing and regular water changes.,low,5.0,7.0,22.0,27.0,0.02,0.02,20.0,6.4
171,12,Fish,Green Neon Tetra,Paracheirodon simulans,Medium,5.36,26.3,0.012,0.007,18.6,6.7,good,,,Keep weekly testing and regular water changes.,low,5.0,7.0,22.0,27.0,0.02,0.02,20.0,6.4
172,12,Fish,Green Neon Tetra,Paracheirodon simulans,Medium,5.44,24.9,0.009,0.01,14.3,6.8,good,,,Keep weekly testing and regular water changes.,low,5.0,7.0,22.0,27.0,0.02,0.02,20.0,6.4
173,12,Fish,Green Neon Tetra,Paracheirodon simulans,Medium,5.46,27.9,0.001,0.001,7.7,9.3,watch,Temperature,Temperature,Adjust the heater 1°C at a time. Increase surface movement if the tank is hot.,high,5.0,7.0,22.0,27.0,0.02,0.02,20.0,6.4
174,12,Fish,Green Neon Tetra,Paracheirodon simulans,Medium,5.74,28.0,0.002,0.001,7.8,11.4,watch,Temperature,Temperature,Adjust the heater 1°C at a time. Increase surface movement if the tank is hot.,high,5.0,7.0,22.0,27.0,0.02,0.02,20.0,6.4
175,12,Fish,Green Neon Tetra,Paracheirodon simulans,Medium,7.36,23.0,0.002,0.0,7.6,10.8,watch,pH,pH,Correct pH slowly with small water changes only. Move no more than 0.2 pH per day.,high,5.0,7.0,22.0,27.0,0.02,0.02,20.0,6.4
176,12,Fish,Green Neon Tetra,Paracheirodon simulans,Medium,6.91,22.8,0.002,0.001,31.9,10.2,watch,Nitrate,Nitrate,"Do a 25–40% water change, vacuum the substrate, and add fast-growing plants.",medium,5.0,7.0,22.0,27.0,0.02,0.02,20.0,6.4
177,12,Fish,Green Neon Tetra,Paracheirodon simulans,Medium,5.39,26.3,0.585,4.801,52.0,9.5,critical,"Ammonia, Nitrite, Nitrate",Ammonia,Do a 40–50% water change with dechlorinated water. Pause feeding 24 hours and add beneficial bacteria.,critical,5.0,7.0,22.0,27.0,0.02,0.02,20.0,6.4
178,12,Fish,Green Neon Tetra,Paracheirodon simulans,Medium,4.67,35.0,0.003,0.002,5.1,9.6,critical,"pH, Temperature",pH,Correct pH slowly with small water changes only. Move no more than 0.2 pH per day.,critical,5.0,7.0,22.0,27.0,0.02,0.02,20.0,6.4
179,12,Fish,Green Neon Tetra,Paracheirodon simulans,Medium,4.58,33.8,0.002,0.002,6.6,10.1,critical,"pH, Temperature",pH,Correct pH slowly with small water changes only. Move no more than 0.2 pH per day.,critical,5.0,7.0,22.0,27.0,0.02,0.02,20.0,6.4
180,12,Fish,Green Neon Tetra,Paracheirodon simulans,Medium,5.8,23.4,0.12,0.003,4.5,4.0,critical,"Ammonia, DissolvedO2",Ammonia,Do a 40–50% water change with dechlorinated water. Pause feeding 24 hours and add beneficial bacteria.,critical,5.0,7.0,22.0,27.0,0.02,0.02,20.0,6.4
181,13,Fish,Penguin Tetra,Thayeria boehlkei,Low,6.88,25.5,0.0,0.004,5.2,11.3,excellent,,,Keep weekly testing and regular water changes.,low,6.0,7.5,23.0,27.0,0.02,0.02,20.0,6.3
182,13,Fish,Penguin Tetra,Thayeria boehlkei,Low,6.86,23.6,0.0,0.003,6.1,8.2,excellent,,,Keep weekly testing and regular water changes.,low,6.0,7.5,23.0,27.0,0.02,0.02,20.0,6.3
183,13,Fish,Penguin Tetra,Thayeria boehlkei,Low,7.08,26.0,0.002,0.002,3.2,10.9,excellent,,,Keep weekly testing and regular water changes.,low,6.0,7.5,23.0,27.0,0.02,0.02,20.0,6.3
184,13,Fish,Penguin Tetra,Thayeria boehlkei,Low,6.52,26.1,0.001,0.002,4.6,8.7,excellent,,,Keep weekly testing and regular water changes.,low,6.0,7.5,23.0,27.0,0.02,0.02,20.0,6.3
185,13,Fish,Penguin Tetra,Thayeria boehlkei,Low,7.15,25.0,0.012,0.014,18.8,7.9,good,,,Keep weekly testing and regular water changes.,low,6.0,7.5,23.0,27.0,0.02,0.02,20.0,6.3
186,13,Fish,Penguin Tetra,Thayeria boehlkei,Low,6.29,25.3,0.016,0.005,13.6,7.8,good,,,Keep weekly testing and regular water changes.,low,6.0,7.5,23.0,27.0,0.02,0.02,20.0,6.3
187,13,Fish,Penguin Tetra,Thayeria boehlkei,Low,6.72,25.2,0.017,0.009,15.5,7.1,good,,,Keep weekly testing and regular water changes.,low,6.0,7.5,23.0,27.0,0.02,0.02,20.0,6.3
188,13,Fish,Penguin Tetra,Thayeria boehlkei,Low,6.64,23.9,0.003,0.003,23.3,9.2,watch,Nitrate,Nitrate,"Do a 25–40% water change, vacuum the substrate, and add fast-growing plants.",medium,6.0,7.5,23.0,27.0,0.02,0.02,20.0,6.3
189,13,Fish,Penguin Tetra,Thayeria boehlkei,Low,6.78,24.9,0.044,0.001,6.7,9.4,watch,Ammonia,Ammonia,Do a 40–50% water change with dechlorinated water. Pause feeding 24 hours and add beneficial bacteria.,critical,6.0,7.5,23.0,27.0,0.02,0.02,20.0,6.3
190,13,Fish,Penguin Tetra,Thayeria boehlkei,Low,6.13,28.0,0.002,0.001,3.9,8.8,watch,Temperature,Temperature,Adjust the heater 1°C at a time. Increase surface movement if the tank is hot.,high,6.0,7.5,23.0,27.0,0.02,0.02,20.0,6.3
191,13,Fish,Penguin Tetra,Thayeria boehlkei,Low,7.35,29.5,0.003,0.004,3.6,10.4,watch,Temperature,Temperature,Adjust the heater 1°C at a time. Increase surface movement if the tank is hot.,high,6.0,7.5,23.0,27.0,0.02,0.02,20.0,6.3
192,13,Fish,Penguin Tetra,Thayeria boehlkei,Low,9.99,13.2,0.002,0.0,6.0,11.6,critical,"pH, Temperature",pH,Correct pH slowly with small water changes only. Move no more than 0.2 pH per day.,critical,6.0,7.5,23.0,27.0,0.02,0.02,20.0,6.3
193,13,Fish,Penguin Tetra,Thayeria boehlkei,Low,7.33,25.9,0.605,1.907,7.5,8.6,critical,"Ammonia, Nitrite",Ammonia,Do a 40–50% water change with dechlorinated water. Pause feeding 24 hours and add beneficial bacteria.,critical,6.0,7.5,23.0,27.0,0.02,0.02,20.0,6.3
194,13,Fish,Penguin Tetra,Thayeria boehlkei,Low,6.84,24.7,0.313,2.859,98.0,9.2,critical,"Ammonia, Nitrite, Nitrate",Ammonia,Do a 40–50% water change with dechlorinated water. Pause feeding 24 hours and add beneficial bacteria.,critical,6.0,7.5,23.0,27.0,0.02,0.02,20.0,6.3
195,13,Fish,Penguin Tetra,Thayeria boehlkei,Low,7.24,25.6,0.258,1.703,7.6,11.4,critical,"Ammonia, Nitrite",Ammonia,Do a 40–50% water change with dechlorinated water. Pause feeding 24 hours and add beneficial bacteria.,critical,6.0,7.5,23.0,27.0,0.02,0.02,20.0,6.3
196,14,Fish,Buenos Aires Tetra,Hyphessobrycon anisitsi,Low,7.08,22.3,0.004,0.004,6.9,9.8,excellent,,,Keep weekly testing and regular water changes.,low,6.0,8.0,18.0,26.0,0.02,0.02,20.0,6.4
197,14,Fish,Buenos Aires Tetra,Hyphessobrycon anisitsi,Low,6.92,21.2,0.001,0.002,3.7,8.5,excellent,,,Keep weekly testing and regular water changes.,low,6.0,8.0,18.0,26.0,0.02,0.02,20.0,6.4
198,14,Fish,Buenos Aires Tetra,Hyphessobrycon anisitsi,Low,7.51,21.6,0.004,0.002,3.4,8.7,excellent,,,Keep weekly testing and regular water changes.,low,6.0,8.0,18.0,26.0,0.02,0.02,20.0,6.4
199,14,Fish,Buenos Aires Tetra,Hyphessobrycon anisitsi,Low,6.46,25.2,0.001,0.002,8.1,11.5,excellent,,,Keep weekly testing and regular water changes.,low,6.0,8.0,18.0,26.0,0.02,0.02,20.0,6.4
200,14,Fish,Buenos Aires Tetra,Hyphessobrycon anisitsi,Low,6.48,18.5,0.009,0.001,14.2,7.5,good,,,Keep weekly testing and regular water changes.,low,6.0,8.0,18.0,26.0,0.02,0.02,20.0,6.4
201,14,Fish,Buenos Aires Tetra,Hyphessobrycon anisitsi,Low,7.81,22.3,0.013,0.003,17.8,7.6,good,,,Keep weekly testing and regular water changes.,low,6.0,8.0,18.0,26.0,0.02,0.02,20.0,6.4
202,14,Fish,Buenos Aires Tetra,Hyphessobrycon anisitsi,Low,7.71,25.5,0.01,0.001,14.4,7.3,good,,,Keep weekly testing and regular water changes.,low,6.0,8.0,18.0,26.0,0.02,0.02,20.0,6.4
203,14,Fish,Buenos Aires Tetra,Hyphessobrycon anisitsi,Low,5.61,21.2,0.003,0.002,4.2,9.3,watch,pH,pH,Correct pH slowly with small water changes only. Move no more than 0.2 pH per day.,high,6.0,8.0,18.0,26.0,0.02,0.02,20.0,6.4
204,14,Fish,Buenos Aires Tetra,Hyphessobrycon anisitsi,Low,6.88,17.0,0.003,0.001,8.1,8.8,watch,Temperature,Temperature,Adjust the heater 1°C at a time. Increase surface movement if the tank is hot.,high,6.0,8.0,18.0,26.0,0.02,0.02,20.0,6.4
205,14,Fish,Buenos Aires Tetra,Hyphessobrycon anisitsi,Low,7.0,16.5,0.002,0.002,8.4,9.9,watch,Temperature,Temperature,Adjust the heater 1°C at a time. Increase surface movement if the tank is hot.,high,6.0,8.0,18.0,26.0,0.02,0.02,20.0,6.4
206,14,Fish,Buenos Aires Tetra,Hyphessobrycon anisitsi,Low,6.2,27.7,0.001,0.003,3.5,11.5,watch,Temperature,Temperature,Adjust the heater 1°C at a time. Increase surface movement if the tank is hot.,high,6.0,8.0,18.0,26.0,0.02,0.02,20.0,6.4
207,14,Fish,Buenos Aires Tetra,Hyphessobrycon anisitsi,Low,7.73,21.8,0.957,5.147,92.1,10.9,critical,"Ammonia, Nitrite, Nitrate",Ammonia,Do a 40–50% water change with dechlorinated water. Pause feeding 24 hours and add beneficial bacteria.,critical,6.0,8.0,18.0,26.0,0.02,0.02,20.0,6.4
208,14,Fish,Buenos Aires Tetra,Hyphessobrycon anisitsi,Low,5.09,34.1,0.003,0.004,5.1,9.6,critical,"pH, Temperature",pH,Correct pH slowly with small water changes only. Move no more than 0.2 pH per day.,critical,6.0,8.0,18.0,26.0,0.02,0.02,20.0,6.4
209,14,Fish,Buenos Aires Tetra,Hyphessobrycon anisitsi,Low,7.45,19.5,0.12,0.003,7.1,1.7,critical,"Ammonia, DissolvedO2",Ammonia,Do a 40–50% water change with dechlorinated water. Pause feeding 24 hours and add beneficial bacteria.,critical,6.0,8.0,18.0,26.0,0.02,0.02,20.0,6.4
210,14,Fish,Buenos Aires Tetra,Hyphessobrycon anisitsi,Low,9.99,13.4,0.001,0.001,6.0,11.2,critical,"pH, Temperature",pH,Correct pH slowly with small water changes only. Move no more than 0.2 pH per day.,critical,6.0,8.0,18.0,26.0,0.02,0.02,20.0,6.4
211,15,Fish,Silver Tip Tetra,Hasemania nana,Low,6.28,23.6,0.001,0.001,6.1,10.5,excellent,,,Keep weekly testing and regular water changes.,low,6.0,7.5,22.0,27.0,0.02,0.02,20.0,6.2
212,15,Fish,Silver Tip Tetra,Hasemania nana,Low,6.17,24.4,0.003,0.003,7.4,9.6,excellent,,,Keep weekly testing and regular water changes.,low,6.0,7.5,22.0,27.0,0.02,0.02,20.0,6.2
213,15,Fish,Silver Tip Tetra,Hasemania nana,Low,7.18,23.5,0.001,0.001,5.6,9.4,excellent,,,Keep weekly testing and regular water changes.,low,6.0,7.5,22.0,27.0,0.02,0.02,20.0,6.2
214,15,Fish,Silver Tip Tetra,Hasemania nana,Low,6.4,25.5,0.001,0.001,3.9,9.6,excellent,,,Keep weekly testing and regular water changes.,low,6.0,7.5,22.0,27.0,0.02,0.02,20.0,6.2
215,15,Fish,Silver Tip Tetra,Hasemania nana,Low,6.46,23.9,0.009,0.011,18.6,7.2,good,,,Keep weekly testing and regular water changes.,low,6.0,7.5,22.0,27.0,0.02,0.02,20.0,6.2
216,15,Fish,Silver Tip Tetra,Hasemania nana,Low,6.96,26.2,0.017,0.009,18.3,7.9,good,,,Keep weekly testing and regular water changes.,low,6.0,7.5,22.0,27.0,0.02,0.02,20.0,6.2
217,15,Fish,Silver Tip Tetra,Hasemania nana,Low,7.18,24.3,0.008,0.0,15.9,7.2,good,,,Keep weekly testing and regular water changes.,low,6.0,7.5,22.0,27.0,0.02,0.02,20.0,6.2
218,15,Fish,Silver Tip Tetra,Hasemania nana,Low,5.55,24.8,0.002,0.003,3.8,8.8,watch,pH,pH,Correct pH slowly with small water changes only. Move no more than 0.2 pH per day.,high,6.0,7.5,22.0,27.0,0.02,0.02,20.0,6.2
219,15,Fish,Silver Tip Tetra,Hasemania nana,Low,7.41,25.9,0.004,0.001,29.7,9.0,watch,Nitrate,Nitrate,"Do a 25–40% water change, vacuum the substrate, and add fast-growing plants.",medium,6.0,7.5,22.0,27.0,0.02,0.02,20.0,6.2
220,15,Fish,Silver Tip Tetra,Hasemania nana,Low,7.34,23.9,0.002,0.001,33.4,8.7,watch,Nitrate,Nitrate,"Do a 25–40% water change, vacuum the substrate, and add fast-growing plants.",medium,6.0,7.5,22.0,27.0,0.02,0.02,20.0,6.2
221,15,Fish,Silver Tip Tetra,Hasemania nana,Low,7.76,25.8,0.003,0.001,4.1,10.9,watch,pH,pH,Correct pH slowly with small water changes only. Move no more than 0.2 pH per day.,high,6.0,7.5,22.0,27.0,0.02,0.02,20.0,6.2
222,15,Fish,Silver Tip Tetra,Hasemania nana,Low,9.6,34.3,0.003,0.003,4.4,9.0,critical,"pH, Temperature",pH,Correct pH slowly with small water changes only. Move no more than 0.2 pH per day.,critical,6.0,7.5,22.0,27.0,0.02,0.02,20.0,6.2
223,15,Fish,Silver Tip Tetra,Hasemania nana,Low,7.11,24.0,0.45,7.462,47.1,10.1,critical,"Ammonia, Nitrite, Nitrate",Ammonia,Do a 40–50% water change with dechlorinated water. Pause feeding 24 hours and add beneficial bacteria.,critical,6.0,7.5,22.0,27.0,0.02,0.02,20.0,6.2
224,15,Fish,Silver Tip Tetra,Hasemania nana,Low,6.78,25.7,0.316,1.047,7.1,9.3,critical,"Ammonia, Nitrite",Ammonia,Do a 40–50% water change with dechlorinated water. Pause feeding 24 hours and add beneficial bacteria.,critical,6.0,7.5,22.0,27.0,0.02,0.02,20.0,6.2
225,15,Fish,Silver Tip Tetra,Hasemania nana,Low,6.72,25.9,0.493,1.92,8.3,9.5,critical,"Ammonia, Nitrite",Ammonia,Do a 40–50% water change with dechlorinated water. Pause feeding 24 hours and add beneficial bacteria.,critical,6.0,7.5,22.0,27.0,0.02,0.02,20.0,6.2
226,16,Fish,Tiger Barb,Puntigrus tetrazona,Low,6.53,24.1,0.003,0.0,5.6,9.0,excellent,,,Keep weekly testing and regular water changes.,low,6.0,8.0,20.0,26.0,0.02,0.02,20.0,6.5
227,16,Fish,Tiger Barb,Puntigrus tetrazona,Low,6.42,22.8,0.001,0.003,7.9,10.9,excellent,,,Keep weekly testing and regular water changes.,low,6.0,8.0,20.0,26.0,0.02,0.02,20.0,6.5
228,16,Fish,Tiger Barb,Puntigrus tetrazona,Low,6.57,21.9,0.001,0.001,8.1,9.6,excellent,,,Keep weekly testing and regular water changes.,low,6.0,8.0,20.0,26.0,0.02,0.02,20.0,6.5
229,16,Fish,Tiger Barb,Puntigrus tetrazona,Low,6.49,24.7,0.002,0.0,4.0,10.4,excellent,,,Keep weekly testing and regular water changes.,low,6.0,8.0,20.0,26.0,0.02,0.02,20.0,6.5
230,16,Fish,Tiger Barb,Puntigrus tetrazona,Low,7.55,21.4,0.016,0.012,18.1,7.1,good,,,Keep weekly testing and regular water changes.,low,6.0,8.0,20.0,26.0,0.02,0.02,20.0,6.5
231,16,Fish,Tiger Barb,Puntigrus tetrazona,Low,6.12,25.1,0.01,0.009,17.6,6.9,good,,,Keep weekly testing and regular water changes.,low,6.0,8.0,20.0,26.0,0.02,0.02,20.0,6.5
232,16,Fish,Tiger Barb,Puntigrus tetrazona,Low,7.55,25.5,0.014,0.006,18.3,7.5,good,,,Keep weekly testing and regular water changes.,low,6.0,8.0,20.0,26.0,0.02,0.02,20.0,6.5
233,16,Fish,Tiger Barb,Puntigrus tetrazona,Low,5.67,24.5,0.003,0.001,3.8,9.1,watch,pH,pH,Correct pH slowly with small water changes only. Move no more than 0.2 pH per day.,high,6.0,8.0,20.0,26.0,0.02,0.02,20.0,6.5
234,16,Fish,Tiger Barb,Puntigrus tetrazona,Low,7.15,18.0,0.003,0.004,4.5,10.7,watch,Temperature,Temperature,Adjust the heater 1°C at a time. Increase surface movement if the tank is hot.,high,6.0,8.0,20.0,26.0,0.02,0.02,20.0,6.5
235,16,Fish,Tiger Barb,Puntigrus tetrazona,Low,8.29,21.5,0.003,0.004,7.0,11.3,watch,pH,pH,Correct pH slowly with small water changes only. Move no more than 0.2 pH per day.,high,6.0,8.0,20.0,26.0,0.02,0.02,20.0,6.5
236,16,Fish,Tiger Barb,Puntigrus tetrazona,Low,7.25,22.9,0.034,0.0,5.3,11.2,watch,Ammonia,Ammonia,Do a 40–50% water change with dechlorinated water. Pause feeding 24 hours and add beneficial bacteria.,critical,6.0,8.0,20.0,26.0,0.02,0.02,20.0,6.5
237,16,Fish,Tiger Barb,Puntigrus tetrazona,Low,7.53,22.4,0.665,1.469,4.8,10.8,critical,"Ammonia, Nitrite",Ammonia,Do a 40–50% water change with dechlorinated water. Pause feeding 24 hours and add beneficial bacteria.,critical,6.0,8.0,20.0,26.0,0.02,0.02,20.0,6.5
238,16,Fish,Tiger Barb,Puntigrus tetrazona,Low,9.49,35.0,0.001,0.003,6.1,9.9,critical,"pH, Temperature",pH,Correct pH slowly with small water changes only. Move no more than 0.2 pH per day.,critical,6.0,8.0,20.0,26.0,0.02,0.02,20.0,6.5
239,16,Fish,Tiger Barb,Puntigrus tetrazona,Low,7.82,20.8,0.12,0.001,7.7,2.0,critical,"Ammonia, DissolvedO2",Ammonia,Do a 40–50% water change with dechlorinated water. Pause feeding 24 hours and add beneficial bacteria.,critical,6.0,8.0,20.0,26.0,0.02,0.02,20.0,6.5
240,16,Fish,Tiger Barb,Puntigrus tetrazona,Low,7.06,24.3,1.093,5.615,80.0,11.5,critical,"Ammonia, Nitrite, Nitrate",Ammonia,Do a 40–50% water change with dechlorinated water. Pause feeding 24 hours and add beneficial bacteria.,critical,6.0,8.0,20.0,26.0,0.02,0.02,20.0,6.5
241,17,Fish,Cherry Barb,Puntius titteya,Low,6.79,24.4,0.002,0.003,4.2,11.2,excellent,,,Keep weekly testing and regular water changes.,low,6.0,7.5,22.0,27.0,0.02,0.02,20.0,6.3
242,17,Fish,Cherry Barb,Puntius titteya,Low,7.17,23.9,0.002,0.001,8.3,11.3,excellent,,,Keep weekly testing and regular water changes.,low,6.0,7.5,22.0,27.0,0.02,0.02,20.0,6.3
243,17,Fish,Cherry Barb,Puntius titteya,Low,7.32,23.9,0.001,0.001,3.7,8.5,excellent,,,Keep weekly testing and regular water changes.,low,6.0,7.5,22.0,27.0,0.02,0.02,20.0,6.3
244,17,Fish,Cherry Barb,Puntius titteya,Low,6.18,26.4,0.0,0.001,7.5,10.1,excellent,,,Keep weekly testing and regular water changes.,low,6.0,7.5,22.0,27.0,0.02,0.02,20.0,6.3
245,17,Fish,Cherry Barb,Puntius titteya,Low,7.15,25.1,0.016,0.009,16.1,7.6,good,,,Keep weekly testing and regular water changes.,low,6.0,7.5,22.0,27.0,0.02,0.02,20.0,6.3
246,17,Fish,Cherry Barb,Puntius titteya,Low,6.67,23.8,0.012,0.002,17.8,6.9,good,,,Keep weekly testing and regular water changes.,low,6.0,7.5,22.0,27.0,0.02,0.02,20.0,6.3
247,17,Fish,Cherry Barb,Puntius titteya,Low,6.24,23.3,0.015,0.005,17.1,7.9,good,,,Keep weekly testing and regular water changes.,low,6.0,7.5,22.0,27.0,0.02,0.02,20.0,6.3
248,17,Fish,Cherry Barb,Puntius titteya,Low,7.88,25.5,0.001,0.001,6.8,11.3,watch,pH,pH,Correct pH slowly with small water changes only. Move no more than 0.2 pH per day.,high,6.0,7.5,22.0,27.0,0.02,0.02,20.0,6.3
249,17,Fish,Cherry Barb,Puntius titteya,Low,5.61,24.7,0.002,0.002,6.4,8.6,watch,pH,pH,Correct pH slowly with small water changes only. Move no more than 0.2 pH per day.,high,6.0,7.5,22.0,27.0,0.02,0.02,20.0,6.3
250,17,Fish,Cherry Barb,Puntius titteya,Low,6.98,25.2,0.038,0.002,5.3,8.4,watch,Ammonia,Ammonia,Do a 40–50% water change with dechlorinated water. Pause feeding 24 hours and add beneficial bacteria.,critical,6.0,7.5,22.0,27.0,0.02,0.02,20.0,6.3
251,17,Fish,Cherry Barb,Puntius titteya,Low,5.68,23.5,0.003,0.002,7.2,9.8,watch,pH,pH,Correct pH slowly with small water changes only. Move no more than 0.2 pH per day.,high,6.0,7.5,22.0,27.0,0.02,0.02,20.0,6.3
252,17,Fish,Cherry Barb,Puntius titteya,Low,6.91,26.1,0.588,1.169,6.3,10.7,critical,"Ammonia, Nitrite",Ammonia,Do a 40–50% water change with dechlorinated water. Pause feeding 24 hours and add beneficial bacteria.,critical,6.0,7.5,22.0,27.0,0.02,0.02,20.0,6.3
253,17,Fish,Cherry Barb,Puntius titteya,Low,7.32,24.5,0.334,0.512,5.5,8.7,critical,"Ammonia, Nitrite",Ammonia,Do a 40–50% water change with dechlorinated water. Pause feeding 24 hours and add beneficial bacteria.,critical,6.0,7.5,22.0,27.0,0.02,0.02,20.0,6.3
254,17,Fish,Cherry Barb,Puntius titteya,Low,6.08,24.2,0.952,7.117,54.2,10.1,critical,"Ammonia, Nitrite, Nitrate",Ammonia,Do a 40–50% water change with dechlorinated water. Pause feeding 24 hours and add beneficial bacteria.,critical,6.0,7.5,22.0,27.0,0.02,0.02,20.0,6.3
255,17,Fish,Cherry Barb,Puntius titteya,Low,6.52,25.0,0.575,1.635,4.4,11.3,critical,"Ammonia, Nitrite",Ammonia,Do a 40–50% water change with dechlorinated water. Pause feeding 24 hours and add beneficial bacteria.,critical,6.0,7.5,22.0,27.0,0.02,0.02,20.0,6.3
256,18,Fish,Gold Barb,Barbodes semifasciolatus,Low,7.64,23.4,0.001,0.001,4.5,9.1,excellent,,,Keep weekly testing and regular water changes.,low,6.0,8.0,18.0,24.0,0.02,0.02,20.0,6.4
257,18,Fish,Gold Barb,Barbodes semifasciolatus,Low,7.15,23.4,0.004,0.002,6.5,11.1,excellent,,,Keep weekly testing and regular water changes.,low,6.0,8.0,18.0,24.0,0.02,0.02,20.0,6.4
258,18,Fish,Gold Barb,Barbodes semifasciolatus,Low,7.8,19.6,0.002,0.003,4.8,9.7,excellent,,,Keep weekly testing and regular water changes.,low,6.0,8.0,18.0,24.0,0.02,0.02,20.0,6.4
259,18,Fish,Gold Barb,Barbodes semifasciolatus,Low,7.89,23.3,0.004,0.003,4.6,9.3,excellent,,,Keep weekly testing and regular water changes.,low,6.0,8.0,18.0,24.0,0.02,0.02,20.0,6.4
260,18,Fish,Gold Barb,Barbodes semifasciolatus,Low,7.09,21.3,0.012,0.009,15.4,7.8,good,,,Keep weekly testing and regular water changes.,low,6.0,8.0,18.0,24.0,0.02,0.02,20.0,6.4
261,18,Fish,Gold Barb,Barbodes semifasciolatus,Low,6.67,20.0,0.008,0.003,18.1,7.3,good,,,Keep weekly testing and regular water changes.,low,6.0,8.0,18.0,24.0,0.02,0.02,20.0,6.4
262,18,Fish,Gold Barb,Barbodes semifasciolatus,Low,6.47,22.5,0.013,0.0,14.9,6.9,good,,,Keep weekly testing and regular water changes.,low,6.0,8.0,18.0,24.0,0.02,0.02,20.0,6.4
263,18,Fish,Gold Barb,Barbodes semifasciolatus,Low,8.21,19.9,0.0,0.0,6.2,8.3,watch,pH,pH,Correct pH slowly with small water changes only. Move no more than 0.2 pH per day.,high,6.0,8.0,18.0,24.0,0.02,0.02,20.0,6.4
264,18,Fish,Gold Barb,Barbodes semifasciolatus,Low,7.2,20.7,0.025,0.0,7.4,11.2,watch,Ammonia,Ammonia,Do a 40–50% water change with dechlorinated water. Pause feeding 24 hours and add beneficial bacteria.,critical,6.0,8.0,18.0,24.0,0.02,0.02,20.0,6.4
265,18,Fish,Gold Barb,Barbodes semifasciolatus,Low,8.39,22.9,0.002,0.001,4.3,10.4,watch,pH,pH,Correct pH slowly with small water changes only. Move no more than 0.2 pH per day.,high,6.0,8.0,18.0,24.0,0.02,0.02,20.0,6.4
266,18,Fish,Gold Barb,Barbodes semifasciolatus,Low,7.83,21.0,0.001,0.002,23.5,9.0,watch,Nitrate,Nitrate,"Do a 25–40% water change, vacuum the substrate, and add fast-growing plants.",medium,6.0,8.0,18.0,24.0,0.02,0.02,20.0,6.4
267,18,Fish,Gold Barb,Barbodes semifasciolatus,Low,6.73,22.0,0.12,0.002,6.5,3.7,critical,"Ammonia, DissolvedO2",Ammonia,Do a 40–50% water change with dechlorinated water. Pause feeding 24 hours and add beneficial bacteria.,critical,6.0,8.0,18.0,24.0,0.02,0.02,20.0,6.4
268,18,Fish,Gold Barb,Barbodes semifasciolatus,Low,7.39,19.1,0.697,2.453,70.0,8.3,critical,"Ammonia, Nitrite, Nitrate",Ammonia,Do a 40–50% water change with dechlorinated water. Pause feeding 24 hours and add beneficial bacteria.,critical,6.0,8.0,18.0,24.0,0.02,0.02,20.0,6.4
269,18,Fish,Gold Barb,Barbodes semifasciolatus,Low,9.02,15.1,0.004,0.001,8.0,8.3,critical,"pH, Temperature",pH,Correct pH slowly with small water changes only. Move no more than 0.2 pH per day.,critical,6.0,8.0,18.0,24.0,0.02,0.02,20.0,6.4
270,18,Fish,Gold Barb,Barbodes semifasciolatus,Low,7.87,21.2,0.384,3.712,76.5,10.3,critical,"Ammonia, Nitrite, Nitrate",Ammonia,Do a 40–50% water change with dechlorinated water. Pause feeding 24 hours and add beneficial bacteria.,critical,6.0,8.0,18.0,24.0,0.02,0.02,20.0,6.4
271,19,Fish,Rosy Barb,Pethia conchonius,Low,7.44,19.0,0.003,0.003,5.7,9.9,excellent,,,Keep weekly testing and regular water changes.,low,6.0,8.0,18.0,25.0,0.02,0.02,20.0,6.3
272,19,Fish,Rosy Barb,Pethia conchonius,Low,6.65,24.2,0.003,0.001,4.1,8.9,excellent,,,Keep weekly testing and regular water changes.,low,6.0,8.0,18.0,25.0,0.02,0.02,20.0,6.3
273,19,Fish,Rosy Barb,Pethia conchonius,Low,6.93,24.1,0.003,0.001,7.7,9.4,excellent,,,Keep weekly testing and regular water changes.,low,6.0,8.0,18.0,25.0,0.02,0.02,20.0,6.3
274,19,Fish,Rosy Barb,Pethia conchonius,Low,7.65,20.0,0.002,0.004,4.5,10.5,excellent,,,Keep weekly testing and regular water changes.,low,6.0,8.0,18.0,25.0,0.02,0.02,20.0,6.3
275,19,Fish,Rosy Barb,Pethia conchonius,Low,7.96,19.2,0.008,0.009,15.0,6.6,good,,,Keep weekly testing and regular water changes.,low,6.0,8.0,18.0,25.0,0.02,0.02,20.0,6.3
276,19,Fish,Rosy Barb,Pethia conchonius,Low,6.95,23.2,0.01,0.005,18.1,7.3,good,,,Keep weekly testing and regular water changes.,low,6.0,8.0,18.0,25.0,0.02,0.02,20.0,6.3
277,19,Fish,Rosy Barb,Pethia conchonius,Low,7.67,21.1,0.017,0.009,13.7,7.9,good,,,Keep weekly testing and regular water changes.,low,6.0,8.0,18.0,25.0,0.02,0.02,20.0,6.3
278,19,Fish,Rosy Barb,Pethia conchonius,Low,6.98,26.7,0.001,0.003,3.4,9.1,watch,Temperature,Temperature,Adjust the heater 1°C at a time. Increase surface movement if the tank is hot.,high,6.0,8.0,18.0,25.0,0.02,0.02,20.0,6.3
279,19,Fish,Rosy Barb,Pethia conchonius,Low,8.41,21.6,0.001,0.0,6.4,9.4,watch,pH,pH,Correct pH slowly with small water changes only. Move no more than 0.2 pH per day.,high,6.0,8.0,18.0,25.0,0.02,0.02,20.0,6.3
280,19,Fish,Rosy Barb,Pethia conchonius,Low,8.36,18.7,0.001,0.002,5.2,10.9,watch,pH,pH,Correct pH slowly with small water changes only. Move no more than 0.2 pH per day.,high,6.0,8.0,18.0,25.0,0.02,0.02,20.0,6.3
281,19,Fish,Rosy Barb,Pethia conchonius,Low,7.17,27.4,0.002,0.001,5.4,8.5,watch,Temperature,Temperature,Adjust the heater 1°C at a time. Increase surface movement if the tank is hot.,high,6.0,8.0,18.0,25.0,0.02,0.02,20.0,6.3
282,19,Fish,Rosy Barb,Pethia conchonius,Low,7.81,18.7,0.12,0.003,4.7,3.9,critical,"Ammonia, DissolvedO2",Ammonia,Do a 40–50% water change with dechlorinated water. Pause feeding 24 hours and add beneficial bacteria.,critical,6.0,8.0,18.0,25.0,0.02,0.02,20.0,6.3
283,19,Fish,Rosy Barb,Pethia conchonius,Low,7.89,18.8,0.12,0.002,4.0,4.1,critical,"Ammonia, DissolvedO2",Ammonia,Do a 40–50% water change with dechlorinated water. Pause feeding 24 hours and add beneficial bacteria.,critical,6.0,8.0,18.0,25.0,0.02,0.02,20.0,6.3
284,19,Fish,Rosy Barb,Pethia conchonius,Low,4.34,34.3,0.003,0.001,5.7,11.5,critical,"pH, Temperature",pH,Correct pH slowly with small water changes only. Move no more than 0.2 pH per day.,critical,6.0,8.0,18.0,25.0,0.02,0.02,20.0,6.3
285,19,Fish,Rosy Barb,Pethia conchonius,Low,6.25,21.1,0.12,0.002,8.2,2.8,critical,"Ammonia, DissolvedO2",Ammonia,Do a 40–50% water change with dechlorinated water. Pause feeding 24 hours and add beneficial bacteria.,critical,6.0,8.0,18.0,25.0,0.02,0.02,20.0,6.3
286,20,Fish,Odessa Barb,Pethia padamya,Low,7.3,22.3,0.001,0.003,5.2,10.0,excellent,,,Keep weekly testing and regular water changes.,low,6.5,7.5,20.0,25.0,0.02,0.02,20.0,6.4
287,20,Fish,Odessa Barb,Pethia padamya,Low,7.4,21.3,0.001,0.0,5.2,8.9,excellent,,,Keep weekly testing and regular water changes.,low,6.5,7.5,20.0,25.0,0.02,0.02,20.0,6.4
288,20,Fish,Odessa Barb,Pethia padamya,Low,7.15,21.3,0.003,0.001,5.0,9.4,excellent,,,Keep weekly testing and regular water changes.,low,6.5,7.5,20.0,25.0,0.02,0.02,20.0,6.4
289,20,Fish,Odessa Barb,Pethia padamya,Low,7.18,22.4,0.001,0.003,6.2,8.9,excellent,,,Keep weekly testing and regular water changes.,low,6.5,7.5,20.0,25.0,0.02,0.02,20.0,6.4
290,20,Fish,Odessa Barb,Pethia padamya,Low,7.38,21.8,0.007,0.007,13.7,7.0,good,,,Keep weekly testing and regular water changes.,low,6.5,7.5,20.0,25.0,0.02,0.02,20.0,6.4
291,20,Fish,Odessa Barb,Pethia padamya,Low,6.65,23.9,0.016,0.008,17.3,7.7,good,,,Keep weekly testing and regular water changes.,low,6.5,7.5,20.0,25.0,0.02,0.02,20.0,6.4
292,20,Fish,Odessa Barb,Pethia padamya,Low,7.47,21.8,0.009,0.007,16.2,6.9,good,,,Keep weekly testing and regular water changes.,low,6.5,7.5,20.0,25.0,0.02,0.02,20.0,6.4
293,20,Fish,Odessa Barb,Pethia padamya,Low,7.1,20.7,0.004,0.001,26.0,8.6,watch,Nitrate,Nitrate,"Do a 25–40% water change, vacuum the substrate, and add fast-growing plants.",medium,6.5,7.5,20.0,25.0,0.02,0.02,20.0,6.4
294,20,Fish,Odessa Barb,Pethia padamya,Low,6.24,21.7,0.001,0.002,5.2,9.4,watch,pH,pH,Correct pH slowly with small water changes only. Move no more than 0.2 pH per day.,high,6.5,7.5,20.0,25.0,0.02,0.02,20.0,6.4
295,20,Fish,Odessa Barb,Pethia padamya,Low,7.86,20.7,0.001,0.003,8.4,11.4,watch,pH,pH,Correct pH slowly with small water changes only. Move no more than 0.2 pH per day.,high,6.5,7.5,20.0,25.0,0.02,0.02,20.0,6.4
296,20,Fish,Odessa Barb,Pethia padamya,Low,6.84,17.9,0.003,0.003,7.9,9.7,watch,Temperature,Temperature,Adjust the heater 1°C at a time. Increase surface movement if the tank is hot.,high,6.5,7.5,20.0,25.0,0.02,0.02,20.0,6.4
297,20,Fish,Odessa Barb,Pethia padamya,Low,7.26,21.8,0.708,0.408,8.4,10.8,critical,"Ammonia, Nitrite",Ammonia,Do a 40–50% water change with dechlorinated water. Pause feeding 24 hours and add beneficial bacteria.,critical,6.5,7.5,20.0,25.0,0.02,0.02,20.0,6.4
298,20,Fish,Odessa Barb,Pethia padamya,Low,7.23,23.6,0.502,0.422,3.7,9.1,critical,"Ammonia, Nitrite",Ammonia,Do a 40–50% water change with dechlorinated water. Pause feeding 24 hours and add beneficial bacteria.,critical,6.5,7.5,20.0,25.0,0.02,0.02,20.0,6.4
299,20,Fish,Odessa Barb,Pethia padamya,Low,6.96,21.6,0.803,3.769,63.0,9.1,critical,"Ammonia, Nitrite, Nitrate",Ammonia,Do a 40–50% water change with dechlorinated water. Pause feeding 24 hours and add beneficial bacteria.,critical,6.5,7.5,20.0,25.0,0.02,0.02,20.0,6.4
300,20,Fish,Odessa Barb,Pethia padamya,Low,6.93,21.6,0.508,3.687,90.3,10.1,critical,"Ammonia, Nitrite, Nitrate",Ammonia,Do a 40–50% water change with dechlorinated water. Pause feeding 24 hours and add beneficial bacteria.,critical,6.5,7.5,20.0,25.0,0.02,0.02,20.0,6.4
301,21,Fish,Checkerboard Barb,Oliotius oligolepis,Medium,6.89,25.8,0.004,0.003,3.9,10.0,excellent,,,Keep weekly testing and regular water changes.,low,6.0,7.0,23.0,27.0,0.02,0.02,20.0,6.4
302,21,Fish,Checkerboard Barb,Oliotius oligolepis,Medium,6.22,25.9,0.002,0.001,8.0,8.6,excellent,,,Keep weekly testing and regular water changes.,low,6.0,7.0,23.0,27.0,0.02,0.02,20.0,6.4
303,21,Fish,Checkerboard Barb,Oliotius oligolepis,Medium,6.55,25.6,0.0,0.002,7.4,8.4,excellent,,,Keep weekly testing and regular water changes.,low,6.0,7.0,23.0,27.0,0.02,0.02,20.0,6.4
304,21,Fish,Checkerboard Barb,Oliotius oligolepis,Medium,6.51,24.3,0.003,0.0,8.1,11.2,excellent,,,Keep weekly testing and regular water changes.,low,6.0,7.0,23.0,27.0,0.02,0.02,20.0,6.4
305,21,Fish,Checkerboard Barb,Oliotius oligolepis,Medium,6.2,24.3,0.013,0.01,15.7,6.9,good,,,Keep weekly testing and regular water changes.,low,6.0,7.0,23.0,27.0,0.02,0.02,20.0,6.4
306,21,Fish,Checkerboard Barb,Oliotius oligolepis,Medium,6.12,26.8,0.012,0.012,15.9,8.1,good,,,Keep weekly testing and regular water changes.,low,6.0,7.0,23.0,27.0,0.02,0.02,20.0,6.4
307,21,Fish,Checkerboard Barb,Oliotius oligolepis,Medium,6.1,23.6,0.016,0.013,14.9,7.2,good,,,Keep weekly testing and regular water changes.,low,6.0,7.0,23.0,27.0,0.02,0.02,20.0,6.4
308,21,Fish,Checkerboard Barb,Oliotius oligolepis,Medium,6.46,22.1,0.001,0.004,4.5,10.6,watch,Temperature,Temperature,Adjust the heater 1°C at a time. Increase surface movement if the tank is hot.,high,6.0,7.0,23.0,27.0,0.02,0.02,20.0,6.4
309,21,Fish,Checkerboard Barb,Oliotius oligolepis,Medium,7.5,24.5,0.003,0.0,8.1,10.7,watch,pH,pH,Correct pH slowly with small water changes only. Move no more than 0.2 pH per day.,high,6.0,7.0,23.0,27.0,0.02,0.02,20.0,6.4
310,21,Fish,Checkerboard Barb,Oliotius oligolepis,Medium,6.19,28.3,0.001,0.002,4.7,8.4,watch,Temperature,Temperature,Adjust the heater 1°C at a time. Increase surface movement if the tank is hot.,high,6.0,7.0,23.0,27.0,0.02,0.02,20.0,6.4
311,21,Fish,Checkerboard Barb,Oliotius oligolepis,Medium,6.4,28.9,0.001,0.003,5.2,9.4,watch,Temperature,Temperature,Adjust the heater 1°C at a time. Increase surface movement if the tank is hot.,high,6.0,7.0,23.0,27.0,0.02,0.02,20.0,6.4
312,21,Fish,Checkerboard Barb,Oliotius oligolepis,Medium,6.73,24.7,1.038,1.382,68.6,11.3,critical,"Ammonia, Nitrite, Nitrate",Ammonia,Do a 40–50% water change with dechlorinated water. Pause feeding 24 hours and add beneficial bacteria.,critical,6.0,7.0,23.0,27.0,0.02,0.02,20.0,6.4
313,21,Fish,Checkerboard Barb,Oliotius oligolepis,Medium,6.91,24.9,1.243,4.3,84.8,10.8,critical,"Ammonia, Nitrite, Nitrate",Ammonia,Do a 40–50% water change with dechlorinated water. Pause feeding 24 hours and add beneficial bacteria.,critical,6.0,7.0,23.0,27.0,0.02,0.02,20.0,6.4
314,21,Fish,Checkerboard Barb,Oliotius oligolepis,Medium,6.61,25.3,0.334,1.813,7.7,8.3,critical,"Ammonia, Nitrite",Ammonia,Do a 40–50% water change with dechlorinated water. Pause feeding 24 hours and add beneficial bacteria.,critical,6.0,7.0,23.0,27.0,0.02,0.02,20.0,6.4
315,21,Fish,Checkerboard Barb,Oliotius oligolepis,Medium,6.62,24.8,0.12,0.001,6.9,1.7,critical,"Ammonia, DissolvedO2",Ammonia,Do a 40–50% water change with dechlorinated water. Pause feeding 24 hours and add beneficial bacteria.,critical,6.0,7.0,23.0,27.0,0.02,0.02,20.0,6.4
316,22,Fish,Zebra Danio,Danio rerio,Low,7.33,22.3,0.001,0.001,8.3,10.7,excellent,,,Keep weekly testing and regular water changes.,low,6.5,7.5,18.0,24.0,0.02,0.02,20.0,6.6
317,22,Fish,Zebra Danio,Danio rerio,Low,7.09,20.1,0.001,0.0,7.0,8.5,excellent,,,Keep weekly testing and regular water changes.,low,6.5,7.5,18.0,24.0,0.02,0.02,20.0,6.6
318,22,Fish,Zebra Danio,Danio rerio,Low,6.58,22.1,0.004,0.003,5.7,10.0,excellent,,,Keep weekly testing and regular water changes.,low,6.5,7.5,18.0,24.0,0.02,0.02,20.0,6.6
319,22,Fish,Zebra Danio,Danio rerio,Low,6.95,20.2,0.002,0.002,6.3,11.3,excellent,,,Keep weekly testing and regular water changes.,low,6.5,7.5,18.0,24.0,0.02,0.02,20.0,6.6
320,22,Fish,Zebra Danio,Danio rerio,Low,7.48,18.6,0.011,0.003,15.1,7.3,good,,,Keep weekly testing and regular water changes.,low,6.5,7.5,18.0,24.0,0.02,0.02,20.0,6.6
321,22,Fish,Zebra Danio,Danio rerio,Low,6.69,22.5,0.012,0.013,13.2,6.9,good,,,Keep weekly testing and regular water changes.,low,6.5,7.5,18.0,24.0,0.02,0.02,20.0,6.6
322,22,Fish,Zebra Danio,Danio rerio,Low,6.91,18.6,0.01,0.014,14.3,7.1,good,,,Keep weekly testing and regular water changes.,low,6.5,7.5,18.0,24.0,0.02,0.02,20.0,6.6
323,22,Fish,Zebra Danio,Danio rerio,Low,7.06,21.0,0.002,0.002,30.6,8.8,watch,Nitrate,Nitrate,"Do a 25–40% water change, vacuum the substrate, and add fast-growing plants.",medium,6.5,7.5,18.0,24.0,0.02,0.02,20.0,6.6
324,22,Fish,Zebra Danio,Danio rerio,Low,7.31,26.3,0.002,0.0,4.1,8.6,watch,Temperature,Temperature,Adjust the heater 1°C at a time. Increase surface movement if the tank is hot.,high,6.5,7.5,18.0,24.0,0.02,0.02,20.0,6.6
325,22,Fish,Zebra Danio,Danio rerio,Low,6.33,22.1,0.0,0.003,7.5,8.7,watch,pH,pH,Correct pH slowly with small water changes only. Move no more than 0.2 pH per day.,high,6.5,7.5,18.0,24.0,0.02,0.02,20.0,6.6
326,22,Fish,Zebra Danio,Danio rerio,Low,7.85,19.7,0.002,0.002,7.3,10.0,watch,pH,pH,Correct pH slowly with small water changes only. Move no more than 0.2 pH per day.,high,6.5,7.5,18.0,24.0,0.02,0.02,20.0,6.6
327,22,Fish,Zebra Danio,Danio rerio,Low,7.41,19.3,0.732,0.798,5.7,11.2,critical,"Ammonia, Nitrite",Ammonia,Do a 40–50% water change with dechlorinated water. Pause feeding 24 hours and add beneficial bacteria.,critical,6.5,7.5,18.0,24.0,0.02,0.02,20.0,6.6
328,22,Fish,Zebra Danio,Danio rerio,Low,6.93,20.4,0.12,0.002,4.9,2.2,critical,"Ammonia, DissolvedO2",Ammonia,Do a 40–50% water change with dechlorinated water. Pause feeding 24 hours and add beneficial bacteria.,critical,6.5,7.5,18.0,24.0,0.02,0.02,20.0,6.6
329,22,Fish,Zebra Danio,Danio rerio,Low,6.89,19.3,0.21,2.544,53.3,10.6,critical,"Ammonia, Nitrite, Nitrate",Ammonia,Do a 40–50% water change with dechlorinated water. Pause feeding 24 hours and add beneficial bacteria.,critical,6.5,7.5,18.0,24.0,0.02,0.02,20.0,6.6
330,22,Fish,Zebra Danio,Danio rerio,Low,6.62,22.3,0.631,4.849,86.6,8.6,critical,"Ammonia, Nitrite, Nitrate",Ammonia,Do a 40–50% water change with dechlorinated water. Pause feeding 24 hours and add beneficial bacteria.,critical,6.5,7.5,18.0,24.0,0.02,0.02,20.0,6.6
331,23,Fish,Pearl Danio,Danio albolineatus,Low,6.09,24.3,0.004,0.001,4.2,8.6,excellent,,,Keep weekly testing and regular water changes.,low,6.0,7.5,22.0,26.0,0.02,0.02,20.0,6.4
332,23,Fish,Pearl Danio,Danio albolineatus,Low,6.82,24.3,0.003,0.003,7.8,10.9,excellent,,,Keep weekly testing and regular water changes.,low,6.0,7.5,22.0,26.0,0.02,0.02,20.0,6.4
333,23,Fish,Pearl Danio,Danio albolineatus,Low,6.41,24.2,0.001,0.001,8.0,10.5,excellent,,,Keep weekly testing and regular water changes.,low,6.0,7.5,22.0,26.0,0.02,0.02,20.0,6.4
334,23,Fish,Pearl Danio,Danio albolineatus,Low,7.39,23.8,0.002,0.002,3.8,9.0,excellent,,,Keep weekly testing and regular water changes.,low,6.0,7.5,22.0,26.0,0.02,0.02,20.0,6.4
335,23,Fish,Pearl Danio,Danio albolineatus,Low,6.79,22.4,0.016,0.002,14.2,7.8,good,,,Keep weekly testing and regular water changes.,low,6.0,7.5,22.0,26.0,0.02,0.02,20.0,6.4
336,23,Fish,Pearl Danio,Danio albolineatus,Low,6.16,25.5,0.014,0.001,17.2,7.6,good,,,Keep weekly testing and regular water changes.,low,6.0,7.5,22.0,26.0,0.02,0.02,20.0,6.4
337,23,Fish,Pearl Danio,Danio albolineatus,Low,7.13,25.2,0.014,0.008,14.9,7.7,good,,,Keep weekly testing and regular water changes.,low,6.0,7.5,22.0,26.0,0.02,0.02,20.0,6.4
338,23,Fish,Pearl Danio,Danio albolineatus,Low,7.36,27.2,0.003,0.002,7.1,11.6,watch,Temperature,Temperature,Adjust the heater 1°C at a time. Increase surface movement if the tank is hot.,high,6.0,7.5,22.0,26.0,0.02,0.02,20.0,6.4
339,23,Fish,Pearl Danio,Danio albolineatus,Low,7.88,23.9,0.002,0.0,5.3,10.2,watch,pH,pH,Correct pH slowly with small water changes only. Move no more than 0.2 pH per day.,high,6.0,7.5,22.0,26.0,0.02,0.02,20.0,6.4
340,23,Fish,Pearl Danio,Danio albolineatus,Low,7.69,24.6,0.003,0.003,6.4,10.0,watch,pH,pH,Correct pH slowly with small water changes only. Move no more than 0.2 pH per day.,high,6.0,7.5,22.0,26.0,0.02,0.02,20.0,6.4
341,23,Fish,Pearl Danio,Danio albolineatus,Low,6.45,20.8,0.003,0.003,3.7,10.2,watch,Temperature,Temperature,Adjust the heater 1°C at a time. Increase surface movement if the tank is hot.,high,6.0,7.5,22.0,26.0,0.02,0.02,20.0,6.4
342,23,Fish,Pearl Danio,Danio albolineatus,Low,7.06,24.9,0.642,5.702,73.6,9.7,critical,"Ammonia, Nitrite, Nitrate",Ammonia,Do a 40–50% water change with dechlorinated water. Pause feeding 24 hours and add beneficial bacteria.,critical,6.0,7.5,22.0,26.0,0.02,0.02,20.0,6.4
343,23,Fish,Pearl Danio,Danio albolineatus,Low,6.15,23.0,0.606,2.526,50.8,9.9,critical,"Ammonia, Nitrite, Nitrate",Ammonia,Do a 40–50% water change with dechlorinated water. Pause feeding 24 hours and add beneficial bacteria.,critical,6.0,7.5,22.0,26.0,0.02,0.02,20.0,6.4
344,23,Fish,Pearl Danio,Danio albolineatus,Low,7.17,23.7,1.308,3.614,47.8,10.3,critical,"Ammonia, Nitrite, Nitrate",Ammonia,Do a 40–50% water change with dechlorinated water. Pause feeding 24 hours and add beneficial bacteria.,critical,6.0,7.5,22.0,26.0,0.02,0.02,20.0,6.4
345,23,Fish,Pearl Danio,Danio albolineatus,Low,7.26,24.1,1.341,1.22,82.6,9.9,critical,"Ammonia, Nitrite, Nitrate",Ammonia,Do a 40–50% water change with dechlorinated water. Pause feeding 24 hours and add beneficial bacteria.,critical,6.0,7.5,22.0,26.0,0.02,0.02,20.0,6.4
346,24,Fish,Giant Danio,Devario aequipinnatus,Low,7.19,20.2,0.0,0.004,8.1,10.1,excellent,,,Keep weekly testing and regular water changes.,low,6.0,7.5,18.0,25.0,0.02,0.02,20.0,6.6
347,24,Fish,Giant Danio,Devario aequipinnatus,Low,6.94,21.3,0.002,0.0,3.7,9.1,excellent,,,Keep weekly testing and regular water changes.,low,6.0,7.5,18.0,25.0,0.02,0.02,20.0,6.6
348,24,Fish,Giant Danio,Devario aequipinnatus,Low,7.2,19.4,0.001,0.002,4.3,8.9,excellent,,,Keep weekly testing and regular water changes.,low,6.0,7.5,18.0,25.0,0.02,0.02,20.0,6.6
349,24,Fish,Giant Danio,Devario aequipinnatus,Low,6.83,20.7,0.003,0.004,4.0,11.3,excellent,,,Keep weekly testing and regular water changes.,low,6.0,7.5,18.0,25.0,0.02,0.02,20.0,6.6
350,24,Fish,Giant Danio,Devario aequipinnatus,Low,7.34,23.7,0.013,0.009,16.8,7.9,good,,,Keep weekly testing and regular water changes.,low,6.0,7.5,18.0,25.0,0.02,0.02,20.0,6.6
351,24,Fish,Giant Danio,Devario aequipinnatus,Low,6.04,24.6,0.013,0.011,15.3,6.8,good,,,Keep weekly testing and regular water changes.,low,6.0,7.5,18.0,25.0,0.02,0.02,20.0,6.6
352,24,Fish,Giant Danio,Devario aequipinnatus,Low,6.76,21.5,0.011,0.005,14.5,7.6,good,,,Keep weekly testing and regular water changes.,low,6.0,7.5,18.0,25.0,0.02,0.02,20.0,6.6
353,24,Fish,Giant Danio,Devario aequipinnatus,Low,5.62,24.2,0.001,0.001,4.7,10.1,watch,pH,pH,Correct pH slowly with small water changes only. Move no more than 0.2 pH per day.,high,6.0,7.5,18.0,25.0,0.02,0.02,20.0,6.6
354,24,Fish,Giant Danio,Devario aequipinnatus,Low,7.35,25.9,0.003,0.0,4.6,9.9,watch,Temperature,Temperature,Adjust the heater 1°C at a time. Increase surface movement if the tank is hot.,high,6.0,7.5,18.0,25.0,0.02,0.02,20.0,6.6
355,24,Fish,Giant Danio,Devario aequipinnatus,Low,6.91,26.0,0.003,0.002,6.3,9.7,watch,Temperature,Temperature,Adjust the heater 1°C at a time. Increase surface movement if the tank is hot.,high,6.0,7.5,18.0,25.0,0.02,0.02,20.0,6.6
356,24,Fish,Giant Danio,Devario aequipinnatus,Low,7.87,24.4,0.0,0.002,7.1,11.0,watch,pH,pH,Correct pH slowly with small water changes only. Move no more than 0.2 pH per day.,high,6.0,7.5,18.0,25.0,0.02,0.02,20.0,6.6
357,24,Fish,Giant Danio,Devario aequipinnatus,Low,9.27,35.2,0.003,0.0,8.0,8.5,critical,"pH, Temperature",pH,Correct pH slowly with small water changes only. Move no more than 0.2 pH per day.,critical,6.0,7.5,18.0,25.0,0.02,0.02,20.0,6.6
358,24,Fish,Giant Danio,Devario aequipinnatus,Low,9.41,35.0,0.002,0.003,7.8,10.5,critical,"pH, Temperature",pH,Correct pH slowly with small water changes only. Move no more than 0.2 pH per day.,critical,6.0,7.5,18.0,25.0,0.02,0.02,20.0,6.6
359,24,Fish,Giant Danio,Devario aequipinnatus,Low,4.36,12.9,0.002,0.003,5.6,10.8,critical,"pH, Temperature",pH,Correct pH slowly with small water changes only. Move no more than 0.2 pH per day.,critical,6.0,7.5,18.0,25.0,0.02,0.02,20.0,6.6
360,24,Fish,Giant Danio,Devario aequipinnatus,Low,10.21,37.4,0.002,0.003,4.6,10.0,critical,"pH, Temperature",pH,Correct pH slowly with small water changes only. Move no more than 0.2 pH per day.,critical,6.0,7.5,18.0,25.0,0.02,0.02,20.0,6.6
361,25,Fish,Harlequin Rasbora,Trigonostigma heteromorpha,Low,7.37,24.2,0.004,0.002,5.4,10.1,excellent,,,Keep weekly testing and regular water changes.,low,6.0,7.5,23.0,27.0,0.02,0.02,20.0,6.3
362,25,Fish,Harlequin Rasbora,Trigonostigma heteromorpha,Low,6.54,24.4,0.001,0.0,5.8,11.2,excellent,,,Keep weekly testing and regular water changes.,low,6.0,7.5,23.0,27.0,0.02,0.02,20.0,6.3
363,25,Fish,Harlequin Rasbora,Trigonostigma heteromorpha,Low,6.92,25.1,0.002,0.002,4.3,11.0,excellent,,,Keep weekly testing and regular water changes.,low,6.0,7.5,23.0,27.0,0.02,0.02,20.0,6.3
364,25,Fish,Harlequin Rasbora,Trigonostigma heteromorpha,Low,6.35,25.6,0.003,0.002,7.7,9.1,excellent,,,Keep weekly testing and regular water changes.,low,6.0,7.5,23.0,27.0,0.02,0.02,20.0,6.3
365,25,Fish,Harlequin Rasbora,Trigonostigma heteromorpha,Low,7.31,25.8,0.015,0.009,18.1,8.1,good,,,Keep weekly testing and regular water changes.,low,6.0,7.5,23.0,27.0,0.02,0.02,20.0,6.3
366,25,Fish,Harlequin Rasbora,Trigonostigma heteromorpha,Low,6.63,26.2,0.014,0.006,18.6,7.1,good,,,Keep weekly testing and regular water changes.,low,6.0,7.5,23.0,27.0,0.02,0.02,20.0,6.3
367,25,Fish,Harlequin Rasbora,Trigonostigma heteromorpha,Low,6.85,23.5,0.009,0.012,15.4,7.1,good,,,Keep weekly testing and regular water changes.,low,6.0,7.5,23.0,27.0,0.02,0.02,20.0,6.3
368,25,Fish,Harlequin Rasbora,Trigonostigma heteromorpha,Low,6.41,29.0,0.003,0.004,3.6,10.1,watch,Temperature,Temperature,Adjust the heater 1°C at a time. Increase surface movement if the tank is hot.,high,6.0,7.5,23.0,27.0,0.02,0.02,20.0,6.3
369,25,Fish,Harlequin Rasbora,Trigonostigma heteromorpha,Low,6.68,29.4,0.002,0.002,5.8,9.8,watch,Temperature,Temperature,Adjust the heater 1°C at a time. Increase surface movement if the tank is hot.,high,6.0,7.5,23.0,27.0,0.02,0.02,20.0,6.3
370,25,Fish,Harlequin Rasbora,Trigonostigma heteromorpha,Low,7.08,20.9,0.003,0.003,4.0,10.1,watch,Temperature,Temperature,Adjust the heater 1°C at a time. Increase surface movement if the tank is hot.,high,6.0,7.5,23.0,27.0,0.02,0.02,20.0,6.3
371,25,Fish,Harlequin Rasbora,Trigonostigma heteromorpha,Low,5.54,25.5,0.001,0.002,8.1,9.4,watch,pH,pH,Correct pH slowly with small water changes only. Move no more than 0.2 pH per day.,high,6.0,7.5,23.0,27.0,0.02,0.02,20.0,6.3
372,25,Fish,Harlequin Rasbora,Trigonostigma heteromorpha,Low,7.4,26.0,0.665,5.477,74.3,9.5,critical,"Ammonia, Nitrite, Nitrate",Ammonia,Do a 40–50% water change with dechlorinated water. Pause feeding 24 hours and add beneficial bacteria.,critical,6.0,7.5,23.0,27.0,0.02,0.02,20.0,6.3
373,25,Fish,Harlequin Rasbora,Trigonostigma heteromorpha,Low,7.17,25.6,0.497,5.178,98.5,8.7,critical,"Ammonia, Nitrite, Nitrate",Ammonia,Do a 40–50% water change with dechlorinated water. Pause feeding 24 hours and add beneficial bacteria.,critical,6.0,7.5,23.0,27.0,0.02,0.02,20.0,6.3
374,25,Fish,Harlequin Rasbora,Trigonostigma heteromorpha,Low,4.81,34.8,0.003,0.001,5.8,11.6,critical,"pH, Temperature",pH,Correct pH slowly with small water changes only. Move no more than 0.2 pH per day.,critical,6.0,7.5,23.0,27.0,0.02,0.02,20.0,6.3
375,25,Fish,Harlequin Rasbora,Trigonostigma heteromorpha,Low,4.2,34.4,0.003,0.001,5.2,11.2,critical,"pH, Temperature",pH,Correct pH slowly with small water changes only. Move no more than 0.2 pH per day.,critical,6.0,7.5,23.0,27.0,0.02,0.02,20.0,6.3
376,26,Fish,Chili Rasbora,Boraras brigittae,Medium,5.39,24.1,0.002,0.003,6.2,8.2,excellent,,,Keep weekly testing and regular water changes.,low,4.0,7.0,23.0,27.0,0.02,0.02,20.0,6.0
377,26,Fish,Chili Rasbora,Boraras brigittae,Medium,6.48,24.1,0.003,0.001,7.3,8.6,excellent,,,Keep weekly testing and regular water changes.,low,4.0,7.0,23.0,27.0,0.02,0.02,20.0,6.0
378,26,Fish,Chili Rasbora,Boraras brigittae,Medium,4.61,25.0,0.0,0.001,7.0,11.0,excellent,,,Keep weekly testing and regular water changes.,low,4.0,7.0,23.0,27.0,0.02,0.02,20.0,6.0
379,26,Fish,Chili Rasbora,Boraras brigittae,Medium,4.31,26.1,0.003,0.003,6.8,10.4,excellent,,,Keep weekly testing and regular water changes.,low,4.0,7.0,23.0,27.0,0.02,0.02,20.0,6.0
380,26,Fish,Chili Rasbora,Boraras brigittae,Medium,5.57,25.6,0.016,0.001,14.9,6.3,good,,,Keep weekly testing and regular water changes.,low,4.0,7.0,23.0,27.0,0.02,0.02,20.0,6.0
381,26,Fish,Chili Rasbora,Boraras brigittae,Medium,6.82,24.8,0.014,0.012,18.9,6.5,good,,,Keep weekly testing and regular water changes.,low,4.0,7.0,23.0,27.0,0.02,0.02,20.0,6.0
382,26,Fish,Chili Rasbora,Boraras brigittae,Medium,6.39,26.4,0.007,0.011,15.1,7.2,good,,,Keep weekly testing and regular water changes.,low,4.0,7.0,23.0,27.0,0.02,0.02,20.0,6.0
383,26,Fish,Chili Rasbora,Boraras brigittae,Medium,3.77,24.3,0.001,0.0,3.7,10.2,watch,pH,pH,Correct pH slowly with small water changes only. Move no more than 0.2 pH per day.,high,4.0,7.0,23.0,27.0,0.02,0.02,20.0,6.0
384,26,Fish,Chili Rasbora,Boraras brigittae,Medium,6.04,28.0,0.002,0.004,5.2,11.0,watch,Temperature,Temperature,Adjust the heater 1°C at a time. Increase surface movement if the tank is hot.,high,4.0,7.0,23.0,27.0,0.02,0.02,20.0,6.0
385,26,Fish,Chili Rasbora,Boraras brigittae,Medium,6.18,20.9,0.003,0.002,6.5,9.1,watch,Temperature,Temperature,Adjust the heater 1°C at a time. Increase surface movement if the tank is hot.,high,4.0,7.0,23.0,27.0,0.02,0.02,20.0,6.0
386,26,Fish,Chili Rasbora,Boraras brigittae,Medium,6.91,25.0,0.0,0.002,26.6,8.7,watch,Nitrate,Nitrate,"Do a 25–40% water change, vacuum the substrate, and add fast-growing plants.",medium,4.0,7.0,23.0,27.0,0.02,0.02,20.0,6.0
387,26,Fish,Chili Rasbora,Boraras brigittae,Medium,4.23,13.1,0.001,0.0,7.7,10.4,critical,Temperature,Temperature,Adjust the heater 1°C at a time. Increase surface movement if the tank is hot.,critical,4.0,7.0,23.0,27.0,0.02,0.02,20.0,6.0
388,26,Fish,Chili Rasbora,Boraras brigittae,Medium,5.01,15.3,0.003,0.0,8.2,11.5,critical,Temperature,Temperature,Adjust the heater 1°C at a time. Increase surface movement if the tank is hot.,critical,4.0,7.0,23.0,27.0,0.02,0.02,20.0,6.0
389,26,Fish,Chili Rasbora,Boraras brigittae,Medium,4.71,24.9,0.255,2.758,65.4,10.2,critical,"Ammonia, Nitrite, Nitrate",Ammonia,Do a 40–50% water change with dechlorinated water. Pause feeding 24 hours and add beneficial bacteria.,critical,4.0,7.0,23.0,27.0,0.02,0.02,20.0,6.0
390,26,Fish,Chili Rasbora,Boraras brigittae,Medium,6.31,24.8,0.12,0.001,4.3,2.0,critical,"Ammonia, DissolvedO2",Ammonia,Do a 40–50% water change with dechlorinated water. Pause feeding 24 hours and add beneficial bacteria.,critical,4.0,7.0,23.0,27.0,0.02,0.02,20.0,6.0
391,27,Fish,Guppy,Poecilia reticulata,Low,6.93,26.3,0.002,0.002,5.4,11.0,excellent,,,Keep weekly testing and regular water changes.,low,6.8,7.8,22.0,28.0,0.02,0.02,20.0,6.5
392,27,Fish,Guppy,Poecilia reticulata,Low,7.15,26.2,0.004,0.003,5.4,10.8,excellent,,,Keep weekly testing and regular water changes.,low,6.8,7.8,22.0,28.0,0.02,0.02,20.0,6.5
393,27,Fish,Guppy,Poecilia reticulata,Low,7.26,24.6,0.002,0.001,3.7,9.7,excellent,,,Keep weekly testing and regular water changes.,low,6.8,7.8,22.0,28.0,0.02,0.02,20.0,6.5
394,27,Fish,Guppy,Poecilia reticulata,Low,6.98,24.6,0.002,0.004,3.4,10.4,excellent,,,Keep weekly testing and regular water changes.,low,6.8,7.8,22.0,28.0,0.02,0.02,20.0,6.5
395,27,Fish,Guppy,Poecilia reticulata,Low,7.26,22.3,0.009,0.002,14.3,7.1,good,,,Keep weekly testing and regular water changes.,low,6.8,7.8,22.0,28.0,0.02,0.02,20.0,6.5
396,27,Fish,Guppy,Poecilia reticulata,Low,7.21,25.2,0.007,0.002,13.6,7.6,good,,,Keep weekly testing and regular water changes.,low,6.8,7.8,22.0,28.0,0.02,0.02,20.0,6.5
397,27,Fish,Guppy,Poecilia reticulata,Low,7.35,23.4,0.007,0.013,13.6,6.9,good,,,Keep weekly testing and regular water changes.,low,6.8,7.8,22.0,28.0,0.02,0.02,20.0,6.5
398,27,Fish,Guppy,Poecilia reticulata,Low,7.7,30.0,0.002,0.004,3.7,11.5,watch,Temperature,Temperature,Adjust the heater 1°C at a time. Increase surface movement if the tank is hot.,high,6.8,7.8,22.0,28.0,0.02,0.02,20.0,6.5
399,27,Fish,Guppy,Poecilia reticulata,Low,6.42,24.4,0.004,0.001,8.4,9.6,watch,pH,pH,Correct pH slowly with small water changes only. Move no more than 0.2 pH per day.,high,6.8,7.8,22.0,28.0,0.02,0.02,20.0,6.5
400,27,Fish,Guppy,Poecilia reticulata,Low,7.69,20.1,0.004,0.002,6.9,8.8,watch,Temperature,Temperature,Adjust the heater 1°C at a time. Increase surface movement if the tank is hot.,high,6.8,7.8,22.0,28.0,0.02,0.02,20.0,6.5
401,27,Fish,Guppy,Poecilia reticulata,Low,7.26,19.5,0.001,0.003,3.4,10.6,watch,Temperature,Temperature,Adjust the heater 1°C at a time. Increase surface movement if the tank is hot.,high,6.8,7.8,22.0,28.0,0.02,0.02,20.0,6.5
402,27,Fish,Guppy,Poecilia reticulata,Low,9.98,34.0,0.003,0.0,6.3,10.6,critical,"pH, Temperature",pH,Correct pH slowly with small water changes only. Move no more than 0.2 pH per day.,critical,6.8,7.8,22.0,28.0,0.02,0.02,20.0,6.5
403,27,Fish,Guppy,Poecilia reticulata,Low,7.62,25.8,0.12,0.001,3.6,1.4,critical,"Ammonia, DissolvedO2",Ammonia,Do a 40–50% water change with dechlorinated water. Pause feeding 24 hours and add beneficial bacteria.,critical,6.8,7.8,22.0,28.0,0.02,0.02,20.0,6.5
404,27,Fish,Guppy,Poecilia reticulata,Low,7.71,23.7,0.829,1.978,4.7,9.7,critical,"Ammonia, Nitrite",Ammonia,Do a 40–50% water change with dechlorinated water. Pause feeding 24 hours and add beneficial bacteria.,critical,6.8,7.8,22.0,28.0,0.02,0.02,20.0,6.5
405,27,Fish,Guppy,Poecilia reticulata,Low,9.22,13.0,0.003,0.001,7.9,10.0,critical,"pH, Temperature",pH,Correct pH slowly with small water changes only. Move no more than 0.2 pH per day.,critical,6.8,7.8,22.0,28.0,0.02,0.02,20.0,6.5
406,28,Fish,Platy,Xiphophorus maculatus,Low,7.71,25.2,0.0,0.002,4.5,10.1,excellent,,,Keep weekly testing and regular water changes.,low,6.8,8.0,18.0,26.0,0.02,0.02,20.0,6.5
407,28,Fish,Platy,Xiphophorus maculatus,Low,7.21,20.5,0.002,0.001,5.6,10.4,excellent,,,Keep weekly testing and regular water changes.,low,6.8,8.0,18.0,26.0,0.02,0.02,20.0,6.5
408,28,Fish,Platy,Xiphophorus maculatus,Low,7.01,24.9,0.002,0.003,6.6,10.6,excellent,,,Keep weekly testing and regular water changes.,low,6.8,8.0,18.0,26.0,0.02,0.02,20.0,6.5
409,28,Fish,Platy,Xiphophorus maculatus,Low,7.62,24.6,0.002,0.001,3.7,10.3,excellent,,,Keep weekly testing and regular water changes.,low,6.8,8.0,18.0,26.0,0.02,0.02,20.0,6.5
410,28,Fish,Platy,Xiphophorus maculatus,Low,6.9,20.0,0.008,0.008,14.0,7.7,excellent,,,Keep weekly testing and regular water changes.,low,6.8,8.0,18.0,26.0,0.02,0.02,20.0,6.5
411,28,Fish,Platy,Xiphophorus maculatus,Low,7.77,20.5,0.012,0.008,15.8,7.7,good,,,Keep weekly testing and regular water changes.,low,6.8,8.0,18.0,26.0,0.02,0.02,20.0,6.5
412,28,Fish,Platy,Xiphophorus maculatus,Low,7.06,25.7,0.008,0.012,16.6,7.1,good,,,Keep weekly testing and regular water changes.,low,6.8,8.0,18.0,26.0,0.02,0.02,20.0,6.5
413,28,Fish,Platy,Xiphophorus maculatus,Low,7.66,19.2,0.003,0.002,26.2,8.6,watch,Nitrate,Nitrate,"Do a 25–40% water change, vacuum the substrate, and add fast-growing plants.",medium,6.8,8.0,18.0,26.0,0.02,0.02,20.0,6.5
414,28,Fish,Platy,Xiphophorus maculatus,Low,7.8,23.8,0.003,0.001,24.0,11.4,watch,Nitrate,Nitrate,"Do a 25–40% water change, vacuum the substrate, and add fast-growing plants.",medium,6.8,8.0,18.0,26.0,0.02,0.02,20.0,6.5
415,28,Fish,Platy,Xiphophorus maculatus,Low,6.6,20.2,0.002,0.003,5.7,10.2,watch,pH,pH,Correct pH slowly with small water changes only. Move no more than 0.2 pH per day.,high,6.8,8.0,18.0,26.0,0.02,0.02,20.0,6.5
416,28,Fish,Platy,Xiphophorus maculatus,Low,6.56,24.4,0.002,0.002,7.3,8.5,watch,pH,pH,Correct pH slowly with small water changes only. Move no more than 0.2 pH per day.,high,6.8,8.0,18.0,26.0,0.02,0.02,20.0,6.5
417,28,Fish,Platy,Xiphophorus maculatus,Low,7.12,25.3,0.12,0.002,3.2,2.5,critical,"Ammonia, DissolvedO2",Ammonia,Do a 40–50% water change with dechlorinated water. Pause feeding 24 hours and add beneficial bacteria.,critical,6.8,8.0,18.0,26.0,0.02,0.02,20.0,6.5
418,28,Fish,Platy,Xiphophorus maculatus,Low,7.84,23.8,0.12,0.003,8.3,3.3,critical,"Ammonia, DissolvedO2",Ammonia,Do a 40–50% water change with dechlorinated water. Pause feeding 24 hours and add beneficial bacteria.,critical,6.8,8.0,18.0,26.0,0.02,0.02,20.0,6.5
419,28,Fish,Platy,Xiphophorus maculatus,Low,7.84,20.3,0.12,0.0,6.6,2.8,critical,"Ammonia, DissolvedO2",Ammonia,Do a 40–50% water change with dechlorinated water. Pause feeding 24 hours and add beneficial bacteria.,critical,6.8,8.0,18.0,26.0,0.02,0.02,20.0,6.5
420,28,Fish,Platy,Xiphophorus maculatus,Low,7.52,19.6,0.12,0.001,6.3,2.1,critical,"Ammonia, DissolvedO2",Ammonia,Do a 40–50% water change with dechlorinated water. Pause feeding 24 hours and add beneficial bacteria.,critical,6.8,8.0,18.0,26.0,0.02,0.02,20.0,6.5
421,29,Fish,Molly,Poecilia sphenops,Low,8.26,24.4,0.002,0.002,4.1,10.7,excellent,,,Keep weekly testing and regular water changes.,low,7.0,8.5,22.0,28.0,0.02,0.02,20.0,6.6
422,29,Fish,Molly,Poecilia sphenops,Low,7.68,22.7,0.004,0.003,7.0,11.2,excellent,,,Keep weekly testing and regular water changes.,low,7.0,8.5,22.0,28.0,0.02,0.02,20.0,6.6
423,29,Fish,Molly,Poecilia sphenops,Low,8.3,24.2,0.002,0.002,4.6,9.1,excellent,,,Keep weekly testing and regular water changes.,low,7.0,8.5,22.0,28.0,0.02,0.02,20.0,6.6
424,29,Fish,Molly,Poecilia sphenops,Low,7.23,25.8,0.003,0.003,4.8,9.1,excellent,,,Keep weekly testing and regular water changes.,low,7.0,8.5,22.0,28.0,0.02,0.02,20.0,6.6
425,29,Fish,Molly,Poecilia sphenops,Low,7.68,25.3,0.016,0.012,18.5,8.2,good,,,Keep weekly testing and regular water changes.,low,7.0,8.5,22.0,28.0,0.02,0.02,20.0,6.6
426,29,Fish,Molly,Poecilia sphenops,Low,8.43,24.8,0.007,0.001,15.3,7.2,good,,,Keep weekly testing and regular water changes.,low,7.0,8.5,22.0,28.0,0.02,0.02,20.0,6.6
427,29,Fish,Molly,Poecilia sphenops,Low,7.27,27.6,0.009,0.013,17.6,7.8,good,,,Keep weekly testing and regular water changes.,low,7.0,8.5,22.0,28.0,0.02,0.02,20.0,6.6
428,29,Fish,Molly,Poecilia sphenops,Low,7.99,24.2,0.003,0.001,30.8,9.4,watch,Nitrate,Nitrate,"Do a 25–40% water change, vacuum the substrate, and add fast-growing plants.",medium,7.0,8.5,22.0,28.0,0.02,0.02,20.0,6.6
429,29,Fish,Molly,Poecilia sphenops,Low,6.75,24.8,0.003,0.001,6.7,9.3,watch,pH,pH,Correct pH slowly with small water changes only. Move no more than 0.2 pH per day.,high,7.0,8.5,22.0,28.0,0.02,0.02,20.0,6.6
430,29,Fish,Molly,Poecilia sphenops,Low,6.8,24.2,0.001,0.002,4.2,9.0,watch,pH,pH,Correct pH slowly with small water changes only. Move no more than 0.2 pH per day.,high,7.0,8.5,22.0,28.0,0.02,0.02,20.0,6.6
431,29,Fish,Molly,Poecilia sphenops,Low,8.0,20.0,0.002,0.004,3.7,8.5,watch,Temperature,Temperature,Adjust the heater 1°C at a time. Increase surface movement if the tank is hot.,high,7.0,8.5,22.0,28.0,0.02,0.02,20.0,6.6
432,29,Fish,Molly,Poecilia sphenops,Low,8.1,26.6,0.12,0.003,5.2,4.4,critical,"Ammonia, DissolvedO2",Ammonia,Do a 40–50% water change with dechlorinated water. Pause feeding 24 hours and add beneficial bacteria.,critical,7.0,8.5,22.0,28.0,0.02,0.02,20.0,6.6
433,29,Fish,Molly,Poecilia sphenops,Low,7.17,26.6,0.306,0.351,6.9,11.1,critical,"Ammonia, Nitrite",Ammonia,Do a 40–50% water change with dechlorinated water. Pause feeding 24 hours and add beneficial bacteria.,critical,7.0,8.5,22.0,28.0,0.02,0.02,20.0,6.6
434,29,Fish,Molly,Poecilia sphenops,Low,7.88,24.3,1.379,6.954,62.2,8.6,critical,"Ammonia, Nitrite, Nitrate",Ammonia,Do a 40–50% water change with dechlorinated water. Pause feeding 24 hours and add beneficial bacteria.,critical,7.0,8.5,22.0,28.0,0.02,0.02,20.0,6.6
435,29,Fish,Molly,Poecilia sphenops,Low,8.37,23.3,0.31,0.48,6.8,8.7,critical,"Ammonia, Nitrite",Ammonia,Do a 40–50% water change with dechlorinated water. Pause feeding 24 hours and add beneficial bacteria.,critical,7.0,8.5,22.0,28.0,0.02,0.02,20.0,6.6
436,30,Fish,Swordtail,Xiphophorus hellerii,Low,7.83,25.3,0.003,0.003,8.3,10.5,excellent,,,Keep weekly testing and regular water changes.,low,7.0,8.4,18.0,26.0,0.02,0.02,20.0,6.5
437,30,Fish,Swordtail,Xiphophorus hellerii,Low,7.13,24.5,0.001,0.0,5.8,11.4,excellent,,,Keep weekly testing and regular water changes.,low,7.0,8.4,18.0,26.0,0.02,0.02,20.0,6.5
438,30,Fish,Swordtail,Xiphophorus hellerii,Low,7.4,21.9,0.001,0.0,3.6,10.7,excellent,,,Keep weekly testing and regular water changes.,low,7.0,8.4,18.0,26.0,0.02,0.02,20.0,6.5
439,30,Fish,Swordtail,Xiphophorus hellerii,Low,8.15,19.6,0.001,0.001,3.3,10.1,excellent,,,Keep weekly testing and regular water changes.,low,7.0,8.4,18.0,26.0,0.02,0.02,20.0,6.5
440,30,Fish,Swordtail,Xiphophorus hellerii,Low,7.97,23.1,0.011,0.008,13.6,6.9,good,,,Keep weekly testing and regular water changes.,low,7.0,8.4,18.0,26.0,0.02,0.02,20.0,6.5
441,30,Fish,Swordtail,Xiphophorus hellerii,Low,8.29,24.0,0.016,0.013,16.9,8.2,good,,,Keep weekly testing and regular water changes.,low,7.0,8.4,18.0,26.0,0.02,0.02,20.0,6.5
442,30,Fish,Swordtail,Xiphophorus hellerii,Low,7.59,18.2,0.008,0.002,13.6,7.3,good,,,Keep weekly testing and regular water changes.,low,7.0,8.4,18.0,26.0,0.02,0.02,20.0,6.5
443,30,Fish,Swordtail,Xiphophorus hellerii,Low,8.06,22.6,0.001,0.003,26.6,8.3,watch,Nitrate,Nitrate,"Do a 25–40% water change, vacuum the substrate, and add fast-growing plants.",medium,7.0,8.4,18.0,26.0,0.02,0.02,20.0,6.5
444,30,Fish,Swordtail,Xiphophorus hellerii,Low,6.61,24.1,0.003,0.003,3.9,11.0,watch,pH,pH,Correct pH slowly with small water changes only. Move no more than 0.2 pH per day.,high,7.0,8.4,18.0,26.0,0.02,0.02,20.0,6.5
445,30,Fish,Swordtail,Xiphophorus hellerii,Low,7.32,27.1,0.002,0.002,3.8,10.0,watch,Temperature,Temperature,Adjust the heater 1°C at a time. Increase surface movement if the tank is hot.,high,7.0,8.4,18.0,26.0,0.02,0.02,20.0,6.5
446,30,Fish,Swordtail,Xiphophorus hellerii,Low,8.78,25.1,0.001,0.001,4.9,11.3,watch,pH,pH,Correct pH slowly with small water changes only. Move no more than 0.2 pH per day.,high,7.0,8.4,18.0,26.0,0.02,0.02,20.0,6.5
447,30,Fish,Swordtail,Xiphophorus hellerii,Low,8.22,20.6,0.12,0.002,5.0,2.8,critical,"Ammonia, DissolvedO2",Ammonia,Do a 40–50% water change with dechlorinated water. Pause feeding 24 hours and add beneficial bacteria.,critical,7.0,8.4,18.0,26.0,0.02,0.02,20.0,6.5
448,30,Fish,Swordtail,Xiphophorus hellerii,Low,8.28,22.4,0.878,1.659,62.0,11.0,critical,"Ammonia, Nitrite, Nitrate",Ammonia,Do a 40–50% water change with dechlorinated water. Pause feeding 24 hours and add beneficial bacteria.,critical,7.0,8.4,18.0,26.0,0.02,0.02,20.0,6.5
449,30,Fish,Swordtail,Xiphophorus hellerii,Low,7.13,19.1,0.31,1.648,5.7,9.4,critical,"Ammonia, Nitrite",Ammonia,Do a 40–50% water change with dechlorinated water. Pause feeding 24 hours and add beneficial bacteria.,critical,7.0,8.4,18.0,26.0,0.02,0.02,20.0,6.5
450,30,Fish,Swordtail,Xiphophorus hellerii,Low,8.26,19.6,0.749,1.744,6.5,10.6,critical,"Ammonia, Nitrite",Ammonia,Do a 40–50% water change with dechlorinated water. Pause feeding 24 hours and add beneficial bacteria.,critical,7.0,8.4,18.0,26.0,0.02,0.02,20.0,6.5
451,31,Fish,Endler's Livebearer,Poecilia wingei,Low,7.49,24.6,0.001,0.0,6.7,8.4,excellent,,,Keep weekly testing and regular water changes.,low,7.0,8.0,22.0,27.0,0.02,0.02,20.0,6.5
452,31,Fish,Endler's Livebearer,Poecilia wingei,Low,7.31,23.0,0.001,0.003,6.5,9.7,excellent,,,Keep weekly testing and regular water changes.,low,7.0,8.0,22.0,27.0,0.02,0.02,20.0,6.5
453,31,Fish,Endler's Livebearer,Poecilia wingei,Low,7.16,24.2,0.001,0.003,6.2,9.9,excellent,,,Keep weekly testing and regular water changes.,low,7.0,8.0,22.0,27.0,0.02,0.02,20.0,6.5
454,31,Fish,Endler's Livebearer,Poecilia wingei,Low,7.49,26.3,0.003,0.002,5.7,8.4,excellent,,,Keep weekly testing and regular water changes.,low,7.0,8.0,22.0,27.0,0.02,0.02,20.0,6.5
455,31,Fish,Endler's Livebearer,Poecilia wingei,Low,7.92,23.7,0.01,0.014,17.3,6.8,good,,,Keep weekly testing and regular water changes.,low,7.0,8.0,22.0,27.0,0.02,0.02,20.0,6.5
456,31,Fish,Endler's Livebearer,Poecilia wingei,Low,7.08,22.3,0.013,0.001,18.6,8.2,good,,,Keep weekly testing and regular water changes.,low,7.0,8.0,22.0,27.0,0.02,0.02,20.0,6.5
457,31,Fish,Endler's Livebearer,Poecilia wingei,Low,7.54,25.0,0.01,0.001,17.4,6.9,good,,,Keep weekly testing and regular water changes.,low,7.0,8.0,22.0,27.0,0.02,0.02,20.0,6.5
458,31,Fish,Endler's Livebearer,Poecilia wingei,Low,7.15,19.8,0.0,0.002,6.9,10.9,watch,Temperature,Temperature,Adjust the heater 1°C at a time. Increase surface movement if the tank is hot.,high,7.0,8.0,22.0,27.0,0.02,0.02,20.0,6.5
459,31,Fish,Endler's Livebearer,Poecilia wingei,Low,7.42,21.2,0.002,0.001,8.1,9.2,watch,Temperature,Temperature,Adjust the heater 1°C at a time. Increase surface movement if the tank is hot.,high,7.0,8.0,22.0,27.0,0.02,0.02,20.0,6.5
460,31,Fish,Endler's Livebearer,Poecilia wingei,Low,7.28,24.0,0.035,0.002,7.8,9.3,watch,Ammonia,Ammonia,Do a 40–50% water change with dechlorinated water. Pause feeding 24 hours and add beneficial bacteria.,critical,7.0,8.0,22.0,27.0,0.02,0.02,20.0,6.5
461,31,Fish,Endler's Livebearer,Poecilia wingei,Low,7.77,20.2,0.0,0.002,6.7,10.9,watch,Temperature,Temperature,Adjust the heater 1°C at a time. Increase surface movement if the tank is hot.,high,7.0,8.0,22.0,27.0,0.02,0.02,20.0,6.5
462,31,Fish,Endler's Livebearer,Poecilia wingei,Low,7.73,24.1,0.453,1.303,3.4,9.4,critical,"Ammonia, Nitrite",Ammonia,Do a 40–50% water change with dechlorinated water. Pause feeding 24 hours and add beneficial bacteria.,critical,7.0,8.0,22.0,27.0,0.02,0.02,20.0,6.5
463,31,Fish,Endler's Livebearer,Poecilia wingei,Low,9.44,14.8,0.003,0.001,5.0,10.2,critical,"pH, Temperature",pH,Correct pH slowly with small water changes only. Move no more than 0.2 pH per day.,critical,7.0,8.0,22.0,27.0,0.02,0.02,20.0,6.5
464,31,Fish,Endler's Livebearer,Poecilia wingei,Low,9.01,15.7,0.004,0.0,7.6,8.8,critical,"pH, Temperature",pH,Correct pH slowly with small water changes only. Move no more than 0.2 pH per day.,critical,7.0,8.0,22.0,27.0,0.02,0.02,20.0,6.5
465,31,Fish,Endler's Livebearer,Poecilia wingei,Low,7.32,25.9,0.727,4.568,96.9,10.6,critical,"Ammonia, Nitrite, Nitrate",Ammonia,Do a 40–50% water change with dechlorinated water. Pause feeding 24 hours and add beneficial bacteria.,critical,7.0,8.0,22.0,27.0,0.02,0.02,20.0,6.5
466,32,Fish,Angelfish,Pterophyllum scalare,Medium,6.44,25.1,0.003,0.004,3.3,10.7,excellent,,,Keep weekly testing and regular water changes.,low,6.0,7.5,24.0,29.0,0.02,0.02,20.0,6.4
467,32,Fish,Angelfish,Pterophyllum scalare,Medium,7.32,24.9,0.0,0.003,6.6,8.4,excellent,,,Keep weekly testing and regular water changes.,low,6.0,7.5,24.0,29.0,0.02,0.02,20.0,6.4
468,32,Fish,Angelfish,Pterophyllum scalare,Medium,7.2,26.6,0.004,0.004,7.4,10.0,excellent,,,Keep weekly testing and regular water changes.,low,6.0,7.5,24.0,29.0,0.02,0.02,20.0,6.4
469,32,Fish,Angelfish,Pterophyllum scalare,Medium,6.42,26.5,0.0,0.003,3.9,9.9,excellent,,,Keep weekly testing and regular water changes.,low,6.0,7.5,24.0,29.0,0.02,0.02,20.0,6.4
470,32,Fish,Angelfish,Pterophyllum scalare,Medium,6.1,25.6,0.009,0.009,17.7,6.7,good,,,Keep weekly testing and regular water changes.,low,6.0,7.5,24.0,29.0,0.02,0.02,20.0,6.4
471,32,Fish,Angelfish,Pterophyllum scalare,Medium,7.26,28.2,0.01,0.009,15.4,6.8,good,,,Keep weekly testing and regular water changes.,low,6.0,7.5,24.0,29.0,0.02,0.02,20.0,6.4
472,32,Fish,Angelfish,Pterophyllum scalare,Medium,6.79,24.6,0.016,0.013,17.9,7.5,good,,,Keep weekly testing and regular water changes.,low,6.0,7.5,24.0,29.0,0.02,0.02,20.0,6.4
473,32,Fish,Angelfish,Pterophyllum scalare,Medium,6.83,29.8,0.001,0.0,6.1,9.3,watch,Temperature,Temperature,Adjust the heater 1°C at a time. Increase surface movement if the tank is hot.,high,6.0,7.5,24.0,29.0,0.02,0.02,20.0,6.4
474,32,Fish,Angelfish,Pterophyllum scalare,Medium,5.73,25.6,0.001,0.0,5.1,11.2,watch,pH,pH,Correct pH slowly with small water changes only. Move no more than 0.2 pH per day.,high,6.0,7.5,24.0,29.0,0.02,0.02,20.0,6.4
475,32,Fish,Angelfish,Pterophyllum scalare,Medium,6.99,23.1,0.001,0.003,6.8,10.1,watch,Temperature,Temperature,Adjust the heater 1°C at a time. Increase surface movement if the tank is hot.,high,6.0,7.5,24.0,29.0,0.02,0.02,20.0,6.4
476,32,Fish,Angelfish,Pterophyllum scalare,Medium,7.83,27.6,0.004,0.004,3.3,10.9,watch,pH,pH,Correct pH slowly with small water changes only. Move no more than 0.2 pH per day.,high,6.0,7.5,24.0,29.0,0.02,0.02,20.0,6.4
477,32,Fish,Angelfish,Pterophyllum scalare,Medium,4.54,35.2,0.001,0.003,7.3,10.3,critical,"pH, Temperature",pH,Correct pH slowly with small water changes only. Move no more than 0.2 pH per day.,critical,6.0,7.5,24.0,29.0,0.02,0.02,20.0,6.4
478,32,Fish,Angelfish,Pterophyllum scalare,Medium,6.63,26.7,0.12,0.003,7.9,3.0,critical,"Ammonia, DissolvedO2",Ammonia,Do a 40–50% water change with dechlorinated water. Pause feeding 24 hours and add beneficial bacteria.,critical,6.0,7.5,24.0,29.0,0.02,0.02,20.0,6.4
479,32,Fish,Angelfish,Pterophyllum scalare,Medium,6.67,27.3,0.784,0.705,6.8,10.7,critical,"Ammonia, Nitrite",Ammonia,Do a 40–50% water change with dechlorinated water. Pause feeding 24 hours and add beneficial bacteria.,critical,6.0,7.5,24.0,29.0,0.02,0.02,20.0,6.4
480,32,Fish,Angelfish,Pterophyllum scalare,Medium,6.75,26.8,0.12,0.003,6.4,3.7,critical,"Ammonia, DissolvedO2",Ammonia,Do a 40–50% water change with dechlorinated water. Pause feeding 24 hours and add beneficial bacteria.,critical,6.0,7.5,24.0,29.0,0.02,0.02,20.0,6.4
481,33,Fish,Discus,Symphysodon aequifasciatus,High,6.54,30.7,0.001,0.002,2.7,10.3,excellent,,,Keep weekly testing and regular water changes.,low,5.5,7.0,28.0,32.0,0.01,0.01,10.0,6.8
482,33,Fish,Discus,Symphysodon aequifasciatus,High,5.58,30.4,0.001,0.001,2.9,11.0,excellent,,,Keep weekly testing and regular water changes.,low,5.5,7.0,28.0,32.0,0.01,0.01,10.0,6.8
483,33,Fish,Discus,Symphysodon aequifasciatus,High,6.49,29.4,0.002,0.001,4.2,11.5,excellent,,,Keep weekly testing and regular water changes.,low,5.5,7.0,28.0,32.0,0.01,0.01,10.0,6.8
484,33,Fish,Discus,Symphysodon aequifasciatus,High,6.81,30.7,0.001,0.0,3.0,10.9,excellent,,,Keep weekly testing and regular water changes.,low,5.5,7.0,28.0,32.0,0.01,0.01,10.0,6.8
485,33,Fish,Discus,Symphysodon aequifasciatus,High,6.28,31.4,0.004,0.003,8.0,7.7,good,,,Keep weekly testing and regular water changes.,low,5.5,7.0,28.0,32.0,0.01,0.01,10.0,6.8
486,33,Fish,Discus,Symphysodon aequifasciatus,High,5.68,28.7,0.008,0.003,6.6,7.0,good,,,Keep weekly testing and regular water changes.,low,5.5,7.0,28.0,32.0,0.01,0.01,10.0,6.8
487,33,Fish,Discus,Symphysodon aequifasciatus,High,6.21,28.8,0.007,0.006,7.2,7.9,good,,,Keep weekly testing and regular water changes.,low,5.5,7.0,28.0,32.0,0.01,0.01,10.0,6.8
488,33,Fish,Discus,Symphysodon aequifasciatus,High,7.34,29.5,0.002,0.001,3.9,9.3,watch,pH,pH,Correct pH slowly with small water changes only. Move no more than 0.2 pH per day.,high,5.5,7.0,28.0,32.0,0.01,0.01,10.0,6.8
489,33,Fish,Discus,Symphysodon aequifasciatus,High,5.23,31.4,0.0,0.002,3.8,10.3,watch,pH,pH,Correct pH slowly with small water changes only. Move no more than 0.2 pH per day.,high,5.5,7.0,28.0,32.0,0.01,0.01,10.0,6.8
490,33,Fish,Discus,Symphysodon aequifasciatus,High,6.28,34.2,0.002,0.001,4.0,10.5,watch,Temperature,Temperature,Adjust the heater 1°C at a time. Increase surface movement if the tank is hot.,high,5.5,7.0,28.0,32.0,0.01,0.01,10.0,6.8
491,33,Fish,Discus,Symphysodon aequifasciatus,High,6.26,26.4,0.0,0.002,3.7,11.2,watch,Temperature,Temperature,Adjust the heater 1°C at a time. Increase surface movement if the tank is hot.,high,5.5,7.0,28.0,32.0,0.01,0.01,10.0,6.8
492,33,Fish,Discus,Symphysodon aequifasciatus,High,4.63,13.0,0.002,0.0,2.4,9.9,critical,"pH, Temperature",pH,Correct pH slowly with small water changes only. Move no more than 0.2 pH per day.,critical,5.5,7.0,28.0,32.0,0.01,0.01,10.0,6.8
493,33,Fish,Discus,Symphysodon aequifasciatus,High,6.61,30.8,0.462,1.173,4.0,11.0,critical,"Ammonia, Nitrite",Ammonia,Do a 40–50% water change with dechlorinated water. Pause feeding 24 hours and add beneficial bacteria.,critical,5.5,7.0,28.0,32.0,0.01,0.01,10.0,6.8
494,33,Fish,Discus,Symphysodon aequifasciatus,High,5.3,15.5,0.002,0.001,3.7,8.9,critical,"pH, Temperature",pH,Correct pH slowly with small water changes only. Move no more than 0.2 pH per day.,critical,5.5,7.0,28.0,32.0,0.01,0.01,10.0,6.8
495,33,Fish,Discus,Symphysodon aequifasciatus,High,9.35,12.9,0.001,0.0,4.0,8.6,critical,"pH, Temperature",pH,Correct pH slowly with small water changes only. Move no more than 0.2 pH per day.,critical,5.5,7.0,28.0,32.0,0.01,0.01,10.0,6.8
496,34,Fish,German Blue Ram,Mikrogeophagus ramirezi,High,5.68,28.7,0.002,0.002,6.8,9.5,excellent,,,Keep weekly testing and regular water changes.,low,5.0,7.0,27.0,30.0,0.01,0.02,20.0,6.5
497,34,Fish,German Blue Ram,Mikrogeophagus ramirezi,High,5.37,28.2,0.002,0.002,4.6,9.8,excellent,,,Keep weekly testing and regular water changes.,low,5.0,7.0,27.0,30.0,0.01,0.02,20.0,6.5
498,34,Fish,German Blue Ram,Mikrogeophagus ramirezi,High,6.62,28.8,0.001,0.004,6.7,10.4,excellent,,,Keep weekly testing and regular water changes.,low,5.0,7.0,27.0,30.0,0.01,0.02,20.0,6.5
499,34,Fish,German Blue Ram,Mikrogeophagus ramirezi,High,5.43,27.8,0.002,0.002,5.4,10.2,excellent,,,Keep weekly testing and regular water changes.,low,5.0,7.0,27.0,30.0,0.01,0.02,20.0,6.5
500,34,Fish,German Blue Ram,Mikrogeophagus ramirezi,High,5.14,29.4,0.005,0.011,16.2,7.1,good,,,Keep weekly testing and regular water changes.,low,5.0,7.0,27.0,30.0,0.01,0.02,20.0,6.5
501,34,Fish,German Blue Ram,Mikrogeophagus ramirezi,High,5.08,29.4,0.004,0.001,17.5,7.3,good,,,Keep weekly testing and regular water changes.,low,5.0,7.0,27.0,30.0,0.01,0.02,20.0,6.5
502,34,Fish,German Blue Ram,Mikrogeophagus ramirezi,High,5.78,27.8,0.008,0.004,14.3,7.2,good,,,Keep weekly testing and regular water changes.,low,5.0,7.0,27.0,30.0,0.01,0.02,20.0,6.5
503,34,Fish,German Blue Ram,Mikrogeophagus ramirezi,High,5.45,25.8,0.0,0.001,5.4,11.2,watch,Temperature,Temperature,Adjust the heater 1°C at a time. Increase surface movement if the tank is hot.,high,5.0,7.0,27.0,30.0,0.01,0.02,20.0,6.5
504,34,Fish,German Blue Ram,Mikrogeophagus ramirezi,High,7.2,29.2,0.001,0.001,5.4,9.0,watch,pH,pH,Correct pH slowly with small water changes only. Move no more than 0.2 pH per day.,high,5.0,7.0,27.0,30.0,0.01,0.02,20.0,6.5
505,34,Fish,German Blue Ram,Mikrogeophagus ramirezi,High,5.78,28.6,0.041,0.002,4.7,9.4,watch,Ammonia,Ammonia,Do a 40–50% water change with dechlorinated water. Pause feeding 24 hours and add beneficial bacteria.,critical,5.0,7.0,27.0,30.0,0.01,0.02,20.0,6.5
506,34,Fish,German Blue Ram,Mikrogeophagus ramirezi,High,5.67,28.6,0.001,0.0,27.7,8.9,watch,Nitrate,Nitrate,"Do a 25–40% water change, vacuum the substrate, and add fast-growing plants.",medium,5.0,7.0,27.0,30.0,0.01,0.02,20.0,6.5
507,34,Fish,German Blue Ram,Mikrogeophagus ramirezi,High,4.24,12.4,0.0,0.001,8.2,10.3,critical,"pH, Temperature",pH,Correct pH slowly with small water changes only. Move no more than 0.2 pH per day.,critical,5.0,7.0,27.0,30.0,0.01,0.02,20.0,6.5
508,34,Fish,German Blue Ram,Mikrogeophagus ramirezi,High,5.86,28.1,1.021,2.586,76.6,11.2,critical,"Ammonia, Nitrite, Nitrate",Ammonia,Do a 40–50% water change with dechlorinated water. Pause feeding 24 hours and add beneficial bacteria.,critical,5.0,7.0,27.0,30.0,0.01,0.02,20.0,6.5
509,34,Fish,German Blue Ram,Mikrogeophagus ramirezi,High,5.19,27.9,0.12,0.003,5.5,3.6,critical,"Ammonia, DissolvedO2",Ammonia,Do a 40–50% water change with dechlorinated water. Pause feeding 24 hours and add beneficial bacteria.,critical,5.0,7.0,27.0,30.0,0.01,0.02,20.0,6.5
510,34,Fish,German Blue Ram,Mikrogeophagus ramirezi,High,6.91,29.0,0.966,7.075,71.1,10.9,critical,"Ammonia, Nitrite, Nitrate",Ammonia,Do a 40–50% water change with dechlorinated water. Pause feeding 24 hours and add beneficial bacteria.,critical,5.0,7.0,27.0,30.0,0.01,0.02,20.0,6.5
511,35,Fish,Kribensis,Pelvicachromis pulcher,Low,6.77,26.1,0.002,0.003,7.4,11.5,excellent,,,Keep weekly testing and regular water changes.,low,6.0,7.5,24.0,27.0,0.02,0.02,20.0,6.4
512,35,Fish,Kribensis,Pelvicachromis pulcher,Low,6.41,25.9,0.003,0.004,7.9,10.1,excellent,,,Keep weekly testing and regular water changes.,low,6.0,7.5,24.0,27.0,0.02,0.02,20.0,6.4
513,35,Fish,Kribensis,Pelvicachromis pulcher,Low,6.86,24.9,0.004,0.001,7.0,10.9,excellent,,,Keep weekly testing and regular water changes.,low,6.0,7.5,24.0,27.0,0.02,0.02,20.0,6.4
514,35,Fish,Kribensis,Pelvicachromis pulcher,Low,6.67,25.0,0.001,0.003,5.9,8.5,excellent,,,Keep weekly testing and regular water changes.,low,6.0,7.5,24.0,27.0,0.02,0.02,20.0,6.4
515,35,Fish,Kribensis,Pelvicachromis pulcher,Low,7.07,24.8,0.016,0.004,14.2,6.7,good,,,Keep weekly testing and regular water changes.,low,6.0,7.5,24.0,27.0,0.02,0.02,20.0,6.4
516,35,Fish,Kribensis,Pelvicachromis pulcher,Low,6.77,25.4,0.015,0.007,15.1,7.0,good,,,Keep weekly testing and regular water changes.,low,6.0,7.5,24.0,27.0,0.02,0.02,20.0,6.4
517,35,Fish,Kribensis,Pelvicachromis pulcher,Low,6.43,26.7,0.009,0.014,15.0,6.7,good,,,Keep weekly testing and regular water changes.,low,6.0,7.5,24.0,27.0,0.02,0.02,20.0,6.4
518,35,Fish,Kribensis,Pelvicachromis pulcher,Low,5.52,24.7,0.003,0.002,5.0,10.5,watch,pH,pH,Correct pH slowly with small water changes only. Move no more than 0.2 pH per day.,high,6.0,7.5,24.0,27.0,0.02,0.02,20.0,6.4
519,35,Fish,Kribensis,Pelvicachromis pulcher,Low,7.37,23.1,0.003,0.003,5.8,10.6,watch,Temperature,Temperature,Adjust the heater 1°C at a time. Increase surface movement if the tank is hot.,high,6.0,7.5,24.0,27.0,0.02,0.02,20.0,6.4
520,35,Fish,Kribensis,Pelvicachromis pulcher,Low,7.1,29.7,0.0,0.003,8.1,9.0,watch,Temperature,Temperature,Adjust the heater 1°C at a time. Increase surface movement if the tank is hot.,high,6.0,7.5,24.0,27.0,0.02,0.02,20.0,6.4
521,35,Fish,Kribensis,Pelvicachromis pulcher,Low,7.37,23.2,0.001,0.003,4.4,9.3,watch,Temperature,Temperature,Adjust the heater 1°C at a time. Increase surface movement if the tank is hot.,high,6.0,7.5,24.0,27.0,0.02,0.02,20.0,6.4
522,35,Fish,Kribensis,Pelvicachromis pulcher,Low,6.29,25.6,0.163,0.701,7.2,9.6,critical,"Ammonia, Nitrite",Ammonia,Do a 40–50% water change with dechlorinated water. Pause feeding 24 hours and add beneficial bacteria.,critical,6.0,7.5,24.0,27.0,0.02,0.02,20.0,6.4
523,35,Fish,Kribensis,Pelvicachromis pulcher,Low,10.12,35.8,0.0,0.001,6.7,10.3,critical,"pH, Temperature",pH,Correct pH slowly with small water changes only. Move no more than 0.2 pH per day.,critical,6.0,7.5,24.0,27.0,0.02,0.02,20.0,6.4
524,35,Fish,Kribensis,Pelvicachromis pulcher,Low,6.16,25.4,0.846,5.995,79.5,10.5,critical,"Ammonia, Nitrite, Nitrate",Ammonia,Do a 40–50% water change with dechlorinated water. Pause feeding 24 hours and add beneficial bacteria.,critical,6.0,7.5,24.0,27.0,0.02,0.02,20.0,6.4
525,35,Fish,Kribensis,Pelvicachromis pulcher,Low,6.12,25.9,0.945,5.058,71.2,11.4,critical,"Ammonia, Nitrite, Nitrate",Ammonia,Do a 40–50% water change with dechlorinated water. Pause feeding 24 hours and add beneficial bacteria.,critical,6.0,7.5,24.0,27.0,0.02,0.02,20.0,6.4
526,36,Fish,Electric Yellow Cichlid,Labidochromis caeruleus,Medium,7.93,25.4,0.001,0.002,6.8,8.4,excellent,,,Keep weekly testing and regular water changes.,low,7.5,8.5,24.0,27.0,0.02,0.02,20.0,6.5
527,36,Fish,Electric Yellow Cichlid,Labidochromis caeruleus,Medium,8.25,25.1,0.003,0.003,6.6,10.3,excellent,,,Keep weekly testing and regular water changes.,low,7.5,8.5,24.0,27.0,0.02,0.02,20.0,6.5
528,36,Fish,Electric Yellow Cichlid,Labidochromis caeruleus,Medium,8.39,25.5,0.003,0.003,4.4,9.2,excellent,,,Keep weekly testing and regular water changes.,low,7.5,8.5,24.0,27.0,0.02,0.02,20.0,6.5
529,36,Fish,Electric Yellow Cichlid,Labidochromis caeruleus,Medium,7.94,25.1,0.001,0.002,6.3,9.0,excellent,,,Keep weekly testing and regular water changes.,low,7.5,8.5,24.0,27.0,0.02,0.02,20.0,6.5
530,36,Fish,Electric Yellow Cichlid,Labidochromis caeruleus,Medium,8.29,25.3,0.014,0.001,15.8,6.7,good,,,Keep weekly testing and regular water changes.,low,7.5,8.5,24.0,27.0,0.02,0.02,20.0,6.5
531,36,Fish,Electric Yellow Cichlid,Labidochromis caeruleus,Medium,8.17,25.1,0.016,0.005,16.4,7.1,good,,,Keep weekly testing and regular water changes.,low,7.5,8.5,24.0,27.0,0.02,0.02,20.0,6.5
532,36,Fish,Electric Yellow Cichlid,Labidochromis caeruleus,Medium,8.12,25.4,0.011,0.003,13.7,6.9,good,,,Keep weekly testing and regular water changes.,low,7.5,8.5,24.0,27.0,0.02,0.02,20.0,6.5
533,36,Fish,Electric Yellow Cichlid,Labidochromis caeruleus,Medium,8.42,29.6,0.0,0.004,3.3,9.7,watch,Temperature,Temperature,Adjust the heater 1°C at a time. Increase surface movement if the tank is hot.,high,7.5,8.5,24.0,27.0,0.02,0.02,20.0,6.5
534,36,Fish,Electric Yellow Cichlid,Labidochromis caeruleus,Medium,8.18,25.4,0.004,0.0,33.2,11.1,watch,Nitrate,Nitrate,"Do a 25–40% water change, vacuum the substrate, and add fast-growing plants.",medium,7.5,8.5,24.0,27.0,0.02,0.02,20.0,6.5
535,36,Fish,Electric Yellow Cichlid,Labidochromis caeruleus,Medium,7.79,24.9,0.034,0.002,5.9,11.4,watch,Ammonia,Ammonia,Do a 40–50% water change with dechlorinated water. Pause feeding 24 hours and add beneficial bacteria.,critical,7.5,8.5,24.0,27.0,0.02,0.02,20.0,6.5
536,36,Fish,Electric Yellow Cichlid,Labidochromis caeruleus,Medium,7.92,22.3,0.001,0.001,7.4,10.6,watch,Temperature,Temperature,Adjust the heater 1°C at a time. Increase surface movement if the tank is hot.,high,7.5,8.5,24.0,27.0,0.02,0.02,20.0,6.5
537,36,Fish,Electric Yellow Cichlid,Labidochromis caeruleus,Medium,7.89,25.8,0.553,1.821,6.0,11.0,critical,"Ammonia, Nitrite",Ammonia,Do a 40–50% water change with dechlorinated water. Pause feeding 24 hours and add beneficial bacteria.,critical,7.5,8.5,24.0,27.0,0.02,0.02,20.0,6.5
538,36,Fish,Electric Yellow Cichlid,Labidochromis caeruleus,Medium,7.9,25.3,0.12,0.002,6.0,2.6,critical,"Ammonia, DissolvedO2",Ammonia,Do a 40–50% water change with dechlorinated water. Pause feeding 24 hours and add beneficial bacteria.,critical,7.5,8.5,24.0,27.0,0.02,0.02,20.0,6.5
539,36,Fish,Electric Yellow Cichlid,Labidochromis caeruleus,Medium,7.76,26.2,0.854,0.586,4.3,10.1,critical,"Ammonia, Nitrite",Ammonia,Do a 40–50% water change with dechlorinated water. Pause feeding 24 hours and add beneficial bacteria.,critical,7.5,8.5,24.0,27.0,0.02,0.02,20.0,6.5
540,36,Fish,Electric Yellow Cichlid,Labidochromis caeruleus,Medium,8.34,25.6,0.12,0.002,3.4,2.2,critical,"Ammonia, DissolvedO2",Ammonia,Do a 40–50% water change with dechlorinated water. Pause feeding 24 hours and add beneficial bacteria.,critical,7.5,8.5,24.0,27.0,0.02,0.02,20.0,6.5
541,37,Fish,Convict Cichlid,Amatitlania nigrofasciata,Low,7.04,25.4,0.002,0.0,3.6,8.8,excellent,,,Keep weekly testing and regular water changes.,low,6.5,8.0,21.0,28.0,0.02,0.02,20.0,6.4
542,37,Fish,Convict Cichlid,Amatitlania nigrofasciata,Low,6.84,25.1,0.001,0.004,4.3,8.5,excellent,,,Keep weekly testing and regular water changes.,low,6.5,8.0,21.0,28.0,0.02,0.02,20.0,6.4
543,37,Fish,Convict Cichlid,Amatitlania nigrofasciata,Low,7.75,23.3,0.002,0.004,8.1,10.6,excellent,,,Keep weekly testing and regular water changes.,low,6.5,8.0,21.0,28.0,0.02,0.02,20.0,6.4
544,37,Fish,Convict Cichlid,Amatitlania nigrofasciata,Low,6.67,25.0,0.004,0.004,3.8,9.5,excellent,,,Keep weekly testing and regular water changes.,low,6.5,8.0,21.0,28.0,0.02,0.02,20.0,6.4
545,37,Fish,Convict Cichlid,Amatitlania nigrofasciata,Low,6.98,22.0,0.014,0.004,15.1,6.7,good,,,Keep weekly testing and regular water changes.,low,6.5,8.0,21.0,28.0,0.02,0.02,20.0,6.4
546,37,Fish,Convict Cichlid,Amatitlania nigrofasciata,Low,7.25,22.2,0.011,0.002,18.7,6.8,good,,,Keep weekly testing and regular water changes.,low,6.5,8.0,21.0,28.0,0.02,0.02,20.0,6.4
547,37,Fish,Convict Cichlid,Amatitlania nigrofasciata,Low,7.28,22.5,0.008,0.003,13.3,6.8,good,,,Keep weekly testing and regular water changes.,low,6.5,8.0,21.0,28.0,0.02,0.02,20.0,6.4
548,37,Fish,Convict Cichlid,Amatitlania nigrofasciata,Low,6.27,22.1,0.002,0.002,4.4,9.5,watch,pH,pH,Correct pH slowly with small water changes only. Move no more than 0.2 pH per day.,high,6.5,8.0,21.0,28.0,0.02,0.02,20.0,6.4
549,37,Fish,Convict Cichlid,Amatitlania nigrofasciata,Low,8.28,27.3,0.004,0.004,5.4,8.5,watch,pH,pH,Correct pH slowly with small water changes only. Move no more than 0.2 pH per day.,high,6.5,8.0,21.0,28.0,0.02,0.02,20.0,6.4
550,37,Fish,Convict Cichlid,Amatitlania nigrofasciata,Low,6.9,19.6,0.0,0.002,5.0,8.8,watch,Temperature,Temperature,Adjust the heater 1°C at a time. Increase surface movement if the tank is hot.,high,6.5,8.0,21.0,28.0,0.02,0.02,20.0,6.4
551,37,Fish,Convict Cichlid,Amatitlania nigrofasciata,Low,7.72,23.0,0.002,0.001,24.8,8.7,watch,Nitrate,Nitrate,"Do a 25–40% water change, vacuum the substrate, and add fast-growing plants.",medium,6.5,8.0,21.0,28.0,0.02,0.02,20.0,6.4
552,37,Fish,Convict Cichlid,Amatitlania nigrofasciata,Low,9.63,36.6,0.001,0.004,3.4,10.1,critical,"pH, Temperature",pH,Correct pH slowly with small water changes only. Move no more than 0.2 pH per day.,critical,6.5,8.0,21.0,28.0,0.02,0.02,20.0,6.4
553,37,Fish,Convict Cichlid,Amatitlania nigrofasciata,Low,6.84,23.4,0.713,1.166,8.1,10.4,critical,"Ammonia, Nitrite",Ammonia,Do a 40–50% water change with dechlorinated water. Pause feeding 24 hours and add beneficial bacteria.,critical,6.5,8.0,21.0,28.0,0.02,0.02,20.0,6.4
554,37,Fish,Convict Cichlid,Amatitlania nigrofasciata,Low,7.79,24.6,0.416,1.79,6.0,8.6,critical,"Ammonia, Nitrite",Ammonia,Do a 40–50% water change with dechlorinated water. Pause feeding 24 hours and add beneficial bacteria.,critical,6.5,8.0,21.0,28.0,0.02,0.02,20.0,6.4
555,37,Fish,Convict Cichlid,Amatitlania nigrofasciata,Low,9.36,13.1,0.002,0.003,3.9,11.3,critical,"pH, Temperature",pH,Correct pH slowly with small water changes only. Move no more than 0.2 pH per day.,critical,6.5,8.0,21.0,28.0,0.02,0.02,20.0,6.4
556,38,Fish,Oscar,Astronotus ocellatus,Medium,7.04,26.2,0.003,0.002,5.5,11.0,excellent,,,Keep weekly testing and regular water changes.,low,6.0,7.5,22.0,27.0,0.02,0.02,20.0,6.3
557,38,Fish,Oscar,Astronotus ocellatus,Medium,7.22,23.7,0.004,0.002,7.4,11.5,excellent,,,Keep weekly testing and regular water changes.,low,6.0,7.5,22.0,27.0,0.02,0.02,20.0,6.3
558,38,Fish,Oscar,Astronotus ocellatus,Medium,7.02,23.2,0.002,0.0,7.3,9.1,excellent,,,Keep weekly testing and regular water changes.,low,6.0,7.5,22.0,27.0,0.02,0.02,20.0,6.3
559,38,Fish,Oscar,Astronotus ocellatus,Medium,7.01,26.1,0.001,0.002,6.6,9.6,excellent,,,Keep weekly testing and regular water changes.,low,6.0,7.5,22.0,27.0,0.02,0.02,20.0,6.3
560,38,Fish,Oscar,Astronotus ocellatus,Medium,6.28,22.3,0.011,0.009,16.4,6.7,good,,,Keep weekly testing and regular water changes.,low,6.0,7.5,22.0,27.0,0.02,0.02,20.0,6.3
561,38,Fish,Oscar,Astronotus ocellatus,Medium,6.68,23.9,0.01,0.01,14.9,7.4,good,,,Keep weekly testing and regular water changes.,low,6.0,7.5,22.0,27.0,0.02,0.02,20.0,6.3
562,38,Fish,Oscar,Astronotus ocellatus,Medium,7.37,24.7,0.013,0.001,14.1,6.7,good,,,Keep weekly testing and regular water changes.,low,6.0,7.5,22.0,27.0,0.02,0.02,20.0,6.3
563,38,Fish,Oscar,Astronotus ocellatus,Medium,7.92,25.8,0.001,0.001,4.9,10.2,watch,pH,pH,Correct pH slowly with small water changes only. Move no more than 0.2 pH per day.,high,6.0,7.5,22.0,27.0,0.02,0.02,20.0,6.3
564,38,Fish,Oscar,Astronotus ocellatus,Medium,7.29,21.0,0.003,0.002,4.8,11.3,watch,Temperature,Temperature,Adjust the heater 1°C at a time. Increase surface movement if the tank is hot.,high,6.0,7.5,22.0,27.0,0.02,0.02,20.0,6.3
565,38,Fish,Oscar,Astronotus ocellatus,Medium,7.03,25.4,0.04,0.002,4.9,11.0,watch,Ammonia,Ammonia,Do a 40–50% water change with dechlorinated water. Pause feeding 24 hours and add beneficial bacteria.,critical,6.0,7.5,22.0,27.0,0.02,0.02,20.0,6.3
566,38,Fish,Oscar,Astronotus ocellatus,Medium,7.11,23.6,0.002,0.003,33.5,9.8,watch,Nitrate,Nitrate,"Do a 25–40% water change, vacuum the substrate, and add fast-growing plants.",medium,6.0,7.5,22.0,27.0,0.02,0.02,20.0,6.3
567,38,Fish,Oscar,Astronotus ocellatus,Medium,7.15,26.0,1.077,6.19,95.0,9.9,critical,"Ammonia, Nitrite, Nitrate",Ammonia,Do a 40–50% water change with dechlorinated water. Pause feeding 24 hours and add beneficial bacteria.,critical,6.0,7.5,22.0,27.0,0.02,0.02,20.0,6.3
568,38,Fish,Oscar,Astronotus ocellatus,Medium,5.14,35.6,0.002,0.002,3.3,9.9,critical,"pH, Temperature",pH,Correct pH slowly with small water changes only. Move no more than 0.2 pH per day.,critical,6.0,7.5,22.0,27.0,0.02,0.02,20.0,6.3
569,38,Fish,Oscar,Astronotus ocellatus,Medium,6.12,24.1,0.845,3.702,58.7,10.5,critical,"Ammonia, Nitrite, Nitrate",Ammonia,Do a 40–50% water change with dechlorinated water. Pause feeding 24 hours and add beneficial bacteria.,critical,6.0,7.5,22.0,27.0,0.02,0.02,20.0,6.3
570,38,Fish,Oscar,Astronotus ocellatus,Medium,9.29,37.3,0.002,0.0,7.9,8.3,critical,"pH, Temperature",pH,Correct pH slowly with small water changes only. Move no more than 0.2 pH per day.,critical,6.0,7.5,22.0,27.0,0.02,0.02,20.0,6.3
571,39,Fish,Firemouth Cichlid,Thorichthys meeki,Medium,6.91,26.0,0.001,0.0,5.3,10.0,excellent,,,Keep weekly testing and regular water changes.,low,6.5,7.5,23.0,28.0,0.02,0.02,20.0,6.4
572,39,Fish,Firemouth Cichlid,Thorichthys meeki,Medium,6.97,27.3,0.003,0.004,4.7,10.9,excellent,,,Keep weekly testing and regular water changes.,low,6.5,7.5,23.0,28.0,0.02,0.02,20.0,6.4
573,39,Fish,Firemouth Cichlid,Thorichthys meeki,Medium,7.05,25.9,0.004,0.003,7.9,10.7,excellent,,,Keep weekly testing and regular water changes.,low,6.5,7.5,23.0,28.0,0.02,0.02,20.0,6.4
574,39,Fish,Firemouth Cichlid,Thorichthys meeki,Medium,6.69,26.3,0.002,0.004,7.4,8.6,excellent,,,Keep weekly testing and regular water changes.,low,6.5,7.5,23.0,28.0,0.02,0.02,20.0,6.4
575,39,Fish,Firemouth Cichlid,Thorichthys meeki,Medium,6.65,23.5,0.012,0.001,17.3,7.5,good,,,Keep weekly testing and regular water changes.,low,6.5,7.5,23.0,28.0,0.02,0.02,20.0,6.4
576,39,Fish,Firemouth Cichlid,Thorichthys meeki,Medium,7.32,24.5,0.012,0.002,18.3,6.9,good,,,Keep weekly testing and regular water changes.,low,6.5,7.5,23.0,28.0,0.02,0.02,20.0,6.4
577,39,Fish,Firemouth Cichlid,Thorichthys meeki,Medium,6.62,24.1,0.015,0.001,16.7,7.8,good,,,Keep weekly testing and regular water changes.,low,6.5,7.5,23.0,28.0,0.02,0.02,20.0,6.4
578,39,Fish,Firemouth Cichlid,Thorichthys meeki,Medium,6.19,24.3,0.0,0.002,4.3,10.6,watch,pH,pH,Correct pH slowly with small water changes only. Move no more than 0.2 pH per day.,high,6.5,7.5,23.0,28.0,0.02,0.02,20.0,6.4
579,39,Fish,Firemouth Cichlid,Thorichthys meeki,Medium,6.68,30.2,0.001,0.003,3.6,11.5,watch,Temperature,Temperature,Adjust the heater 1°C at a time. Increase surface movement if the tank is hot.,high,6.5,7.5,23.0,28.0,0.02,0.02,20.0,6.4
580,39,Fish,Firemouth Cichlid,Thorichthys meeki,Medium,6.73,23.7,0.001,0.001,24.9,11.2,watch,Nitrate,Nitrate,"Do a 25–40% water change, vacuum the substrate, and add fast-growing plants.",medium,6.5,7.5,23.0,28.0,0.02,0.02,20.0,6.4
581,39,Fish,Firemouth Cichlid,Thorichthys meeki,Medium,7.05,22.1,0.004,0.0,7.0,10.8,watch,Temperature,Temperature,Adjust the heater 1°C at a time. Increase surface movement if the tank is hot.,high,6.5,7.5,23.0,28.0,0.02,0.02,20.0,6.4
582,39,Fish,Firemouth Cichlid,Thorichthys meeki,Medium,6.72,25.1,1.062,4.096,73.0,10.9,critical,"Ammonia, Nitrite, Nitrate",Ammonia,Do a 40–50% water change with dechlorinated water. Pause feeding 24 hours and add beneficial bacteria.,critical,6.5,7.5,23.0,28.0,0.02,0.02,20.0,6.4
583,39,Fish,Firemouth Cichlid,Thorichthys meeki,Medium,6.8,26.8,0.837,1.974,55.3,9.4,critical,"Ammonia, Nitrite, Nitrate",Ammonia,Do a 40–50% water change with dechlorinated water. Pause feeding 24 hours and add beneficial bacteria.,critical,6.5,7.5,23.0,28.0,0.02,0.02,20.0,6.4
584,39,Fish,Firemouth Cichlid,Thorichthys meeki,Medium,7.29,23.9,0.12,0.002,8.2,3.9,critical,"Ammonia, DissolvedO2",Ammonia,Do a 40–50% water change with dechlorinated water. Pause feeding 24 hours and add beneficial bacteria.,critical,6.5,7.5,23.0,28.0,0.02,0.02,20.0,6.4
585,39,Fish,Firemouth Cichlid,Thorichthys meeki,Medium,6.82,26.7,1.398,6.155,86.6,11.0,critical,"Ammonia, Nitrite, Nitrate",Ammonia,Do a 40–50% water change with dechlorinated water. Pause feeding 24 hours and add beneficial bacteria.,critical,6.5,7.5,23.0,28.0,0.02,0.02,20.0,6.4
586,40,Fish,Jack Dempsey,Rocio octofasciata,Medium,6.98,26.5,0.003,0.001,3.4,9.5,excellent,,,Keep weekly testing and regular water changes.,low,6.5,7.5,22.0,28.0,0.02,0.02,20.0,6.3
587,40,Fish,Jack Dempsey,Rocio octofasciata,Medium,7.3,24.0,0.003,0.0,5.0,10.3,excellent,,,Keep weekly testing and regular water changes.,low,6.5,7.5,22.0,28.0,0.02,0.02,20.0,6.3
588,40,Fish,Jack Dempsey,Rocio octofasciata,Medium,6.69,26.9,0.001,0.004,4.3,11.6,excellent,,,Keep weekly testing and regular water changes.,low,6.5,7.5,22.0,28.0,0.02,0.02,20.0,6.3
589,40,Fish,Jack Dempsey,Rocio octofasciata,Medium,7.09,23.0,0.0,0.0,6.3,10.9,excellent,,,Keep weekly testing and regular water changes.,low,6.5,7.5,22.0,28.0,0.02,0.02,20.0,6.3
590,40,Fish,Jack Dempsey,Rocio octofasciata,Medium,6.91,24.7,0.013,0.007,17.1,7.3,good,,,Keep weekly testing and regular water changes.,low,6.5,7.5,22.0,28.0,0.02,0.02,20.0,6.3
591,40,Fish,Jack Dempsey,Rocio octofasciata,Medium,7.21,27.8,0.011,0.0,13.8,7.4,good,,,Keep weekly testing and regular water changes.,low,6.5,7.5,22.0,28.0,0.02,0.02,20.0,6.3
592,40,Fish,Jack Dempsey,Rocio octofasciata,Medium,6.85,27.5,0.013,0.007,17.8,6.9,good,,,Keep weekly testing and regular water changes.,low,6.5,7.5,22.0,28.0,0.02,0.02,20.0,6.3
593,40,Fish,Jack Dempsey,Rocio octofasciata,Medium,7.27,22.6,0.002,0.004,32.1,11.1,watch,Nitrate,Nitrate,"Do a 25–40% water change, vacuum the substrate, and add fast-growing plants.",medium,6.5,7.5,22.0,28.0,0.02,0.02,20.0,6.3
594,40,Fish,Jack Dempsey,Rocio octofasciata,Medium,7.04,30.3,0.0,0.001,6.1,8.3,watch,Temperature,Temperature,Adjust the heater 1°C at a time. Increase surface movement if the tank is hot.,high,6.5,7.5,22.0,28.0,0.02,0.02,20.0,6.3
595,40,Fish,Jack Dempsey,Rocio octofasciata,Medium,7.68,27.0,0.0,0.004,3.6,9.8,watch,pH,pH,Correct pH slowly with small water changes only. Move no more than 0.2 pH per day.,high,6.5,7.5,22.0,28.0,0.02,0.02,20.0,6.3
596,40,Fish,Jack Dempsey,Rocio octofasciata,Medium,6.6,22.7,0.042,0.003,3.9,8.5,watch,Ammonia,Ammonia,Do a 40–50% water change with dechlorinated water. Pause feeding 24 hours and add beneficial bacteria.,critical,6.5,7.5,22.0,28.0,0.02,0.02,20.0,6.3
597,40,Fish,Jack Dempsey,Rocio octofasciata,Medium,9.1,14.6,0.004,0.003,7.8,9.9,critical,"pH, Temperature",pH,Correct pH slowly with small water changes only. Move no more than 0.2 pH per day.,critical,6.5,7.5,22.0,28.0,0.02,0.02,20.0,6.3
598,40,Fish,Jack Dempsey,Rocio octofasciata,Medium,7.16,27.2,1.375,4.522,81.3,8.9,critical,"Ammonia, Nitrite, Nitrate",Ammonia,Do a 40–50% water change with dechlorinated water. Pause feeding 24 hours and add beneficial bacteria.,critical,6.5,7.5,22.0,28.0,0.02,0.02,20.0,6.3
599,40,Fish,Jack Dempsey,Rocio octofasciata,Medium,7.21,23.2,0.251,1.22,4.0,9.6,critical,"Ammonia, Nitrite",Ammonia,Do a 40–50% water change with dechlorinated water. Pause feeding 24 hours and add beneficial bacteria.,critical,6.5,7.5,22.0,28.0,0.02,0.02,20.0,6.3
600,40,Fish,Jack Dempsey,Rocio octofasciata,Medium,9.73,12.9,0.001,0.003,4.2,11.2,critical,"pH, Temperature",pH,Correct pH slowly with small water changes only. Move no more than 0.2 pH per day.,critical,6.5,7.5,22.0,28.0,0.02,0.02,20.0,6.3
601,41,Fish,Blood Parrot Cichlid,Hybrid Cichlid,Medium,7.2,27.2,0.001,0.001,6.9,10.1,excellent,,,Keep weekly testing and regular water changes.,low,6.5,7.4,24.0,28.0,0.02,0.02,20.0,6.3
602,41,Fish,Blood Parrot Cichlid,Hybrid Cichlid,Medium,6.73,26.7,0.002,0.003,5.1,9.6,excellent,,,Keep weekly testing and regular water changes.,low,6.5,7.4,24.0,28.0,0.02,0.02,20.0,6.3
603,41,Fish,Blood Parrot Cichlid,Hybrid Cichlid,Medium,6.71,26.7,0.001,0.003,7.3,10.7,excellent,,,Keep weekly testing and regular water changes.,low,6.5,7.4,24.0,28.0,0.02,0.02,20.0,6.3
604,41,Fish,Blood Parrot Cichlid,Hybrid Cichlid,Medium,6.59,25.4,0.002,0.002,8.0,9.4,excellent,,,Keep weekly testing and regular water changes.,low,6.5,7.4,24.0,28.0,0.02,0.02,20.0,6.3
605,41,Fish,Blood Parrot Cichlid,Hybrid Cichlid,Medium,7.27,24.8,0.011,0.001,17.5,6.7,good,,,Keep weekly testing and regular water changes.,low,6.5,7.4,24.0,28.0,0.02,0.02,20.0,6.3
606,41,Fish,Blood Parrot Cichlid,Hybrid Cichlid,Medium,6.74,27.0,0.012,0.0,13.0,7.3,good,,,Keep weekly testing and regular water changes.,low,6.5,7.4,24.0,28.0,0.02,0.02,20.0,6.3
607,41,Fish,Blood Parrot Cichlid,Hybrid Cichlid,Medium,6.78,24.8,0.013,0.003,16.6,7.1,good,,,Keep weekly testing and regular water changes.,low,6.5,7.4,24.0,28.0,0.02,0.02,20.0,6.3
608,41,Fish,Blood Parrot Cichlid,Hybrid Cichlid,Medium,6.72,25.0,0.001,0.0,27.1,11.3,watch,Nitrate,Nitrate,"Do a 25–40% water change, vacuum the substrate, and add fast-growing plants.",medium,6.5,7.4,24.0,28.0,0.02,0.02,20.0,6.3
609,41,Fish,Blood Parrot Cichlid,Hybrid Cichlid,Medium,7.01,26.2,0.003,0.001,23.4,9.2,watch,Nitrate,Nitrate,"Do a 25–40% water change, vacuum the substrate, and add fast-growing plants.",medium,6.5,7.4,24.0,28.0,0.02,0.02,20.0,6.3
610,41,Fish,Blood Parrot Cichlid,Hybrid Cichlid,Medium,6.81,29.9,0.004,0.0,5.6,9.4,watch,Temperature,Temperature,Adjust the heater 1°C at a time. Increase surface movement if the tank is hot.,high,6.5,7.4,24.0,28.0,0.02,0.02,20.0,6.3
611,41,Fish,Blood Parrot Cichlid,Hybrid Cichlid,Medium,6.59,29.5,0.004,0.003,6.6,9.9,watch,Temperature,Temperature,Adjust the heater 1°C at a time. Increase surface movement if the tank is hot.,high,6.5,7.4,24.0,28.0,0.02,0.02,20.0,6.3
612,41,Fish,Blood Parrot Cichlid,Hybrid Cichlid,Medium,5.27,12.6,0.0,0.003,5.4,9.6,critical,"pH, Temperature",pH,Correct pH slowly with small water changes only. Move no more than 0.2 pH per day.,critical,6.5,7.4,24.0,28.0,0.02,0.02,20.0,6.3
613,41,Fish,Blood Parrot Cichlid,Hybrid Cichlid,Medium,7.31,25.3,0.12,0.001,6.6,2.7,critical,"Ammonia, DissolvedO2",Ammonia,Do a 40–50% water change with dechlorinated water. Pause feeding 24 hours and add beneficial bacteria.,critical,6.5,7.4,24.0,28.0,0.02,0.02,20.0,6.3
614,41,Fish,Blood Parrot Cichlid,Hybrid Cichlid,Medium,7.06,26.1,1.237,6.138,58.3,9.7,critical,"Ammonia, Nitrite, Nitrate",Ammonia,Do a 40–50% water change with dechlorinated water. Pause feeding 24 hours and add beneficial bacteria.,critical,6.5,7.4,24.0,28.0,0.02,0.02,20.0,6.3
615,41,Fish,Blood Parrot Cichlid,Hybrid Cichlid,Medium,6.79,26.8,0.12,0.001,6.0,3.7,critical,"Ammonia, DissolvedO2",Ammonia,Do a 40–50% water change with dechlorinated water. Pause feeding 24 hours and add beneficial bacteria.,critical,6.5,7.4,24.0,28.0,0.02,0.02,20.0,6.3
616,42,Fish,Bolivian Ram,Mikrogeophagus altispinosus,Low,7.41,23.9,0.001,0.001,5.7,9.9,excellent,,,Keep weekly testing and regular water changes.,low,6.0,7.5,23.0,27.0,0.02,0.02,20.0,6.4
617,42,Fish,Bolivian Ram,Mikrogeophagus altispinosus,Low,7.23,25.8,0.0,0.002,6.4,9.8,excellent,,,Keep weekly testing and regular water changes.,low,6.0,7.5,23.0,27.0,0.02,0.02,20.0,6.4
618,42,Fish,Bolivian Ram,Mikrogeophagus altispinosus,Low,6.26,24.7,0.002,0.001,7.1,9.3,excellent,,,Keep weekly testing and regular water changes.,low,6.0,7.5,23.0,27.0,0.02,0.02,20.0,6.4
619,42,Fish,Bolivian Ram,Mikrogeophagus altispinosus,Low,6.87,25.0,0.004,0.0,3.8,9.2,excellent,,,Keep weekly testing and regular water changes.,low,6.0,7.5,23.0,27.0,0.02,0.02,20.0,6.4
620,42,Fish,Bolivian Ram,Mikrogeophagus altispinosus,Low,6.65,24.3,0.015,0.003,13.5,7.3,good,,,Keep weekly testing and regular water changes.,low,6.0,7.5,23.0,27.0,0.02,0.02,20.0,6.4
621,42,Fish,Bolivian Ram,Mikrogeophagus altispinosus,Low,7.15,26.3,0.014,0.008,17.3,7.7,good,,,Keep weekly testing and regular water changes.,low,6.0,7.5,23.0,27.0,0.02,0.02,20.0,6.4
622,42,Fish,Bolivian Ram,Mikrogeophagus altispinosus,Low,6.36,25.2,0.015,0.004,16.9,7.4,good,,,Keep weekly testing and regular water changes.,low,6.0,7.5,23.0,27.0,0.02,0.02,20.0,6.4
623,42,Fish,Bolivian Ram,Mikrogeophagus altispinosus,Low,6.75,23.9,0.026,0.003,3.9,9.4,watch,Ammonia,Ammonia,Do a 40–50% water change with dechlorinated water. Pause feeding 24 hours and add beneficial bacteria.,critical,6.0,7.5,23.0,27.0,0.02,0.02,20.0,6.4
624,42,Fish,Bolivian Ram,Mikrogeophagus altispinosus,Low,7.94,25.0,0.001,0.001,8.3,9.1,watch,pH,pH,Correct pH slowly with small water changes only. Move no more than 0.2 pH per day.,high,6.0,7.5,23.0,27.0,0.02,0.02,20.0,6.4
625,42,Fish,Bolivian Ram,Mikrogeophagus altispinosus,Low,7.96,23.8,0.003,0.0,6.7,9.1,watch,pH,pH,Correct pH slowly with small water changes only. Move no more than 0.2 pH per day.,high,6.0,7.5,23.0,27.0,0.02,0.02,20.0,6.4
626,42,Fish,Bolivian Ram,Mikrogeophagus altispinosus,Low,7.05,23.7,0.003,0.004,31.9,9.1,watch,Nitrate,Nitrate,"Do a 25–40% water change, vacuum the substrate, and add fast-growing plants.",medium,6.0,7.5,23.0,27.0,0.02,0.02,20.0,6.4
627,42,Fish,Bolivian Ram,Mikrogeophagus altispinosus,Low,6.29,25.4,0.12,0.0,6.1,3.9,critical,"Ammonia, DissolvedO2",Ammonia,Do a 40–50% water change with dechlorinated water. Pause feeding 24 hours and add beneficial bacteria.,critical,6.0,7.5,23.0,27.0,0.02,0.02,20.0,6.4
628,42,Fish,Bolivian Ram,Mikrogeophagus altispinosus,Low,9.11,37.2,0.003,0.001,7.5,8.5,critical,"pH, Temperature",pH,Correct pH slowly with small water changes only. Move no more than 0.2 pH per day.,critical,6.0,7.5,23.0,27.0,0.02,0.02,20.0,6.4
629,42,Fish,Bolivian Ram,Mikrogeophagus altispinosus,Low,7.39,25.5,0.35,1.194,7.9,10.4,critical,"Ammonia, Nitrite",Ammonia,Do a 40–50% water change with dechlorinated water. Pause feeding 24 hours and add beneficial bacteria.,critical,6.0,7.5,23.0,27.0,0.02,0.02,20.0,6.4
630,42,Fish,Bolivian Ram,Mikrogeophagus altispinosus,Low,7.06,24.2,0.948,3.155,66.9,8.8,critical,"Ammonia, Nitrite, Nitrate",Ammonia,Do a 40–50% water change with dechlorinated water. Pause feeding 24 hours and add beneficial bacteria.,critical,6.0,7.5,23.0,27.0,0.02,0.02,20.0,6.4
631,43,Fish,Peacock Cichlid,Aulonocara sp.,Medium,8.36,26.4,0.003,0.003,4.9,11.1,excellent,,,Keep weekly testing and regular water changes.,low,7.5,8.5,24.0,27.0,0.02,0.02,20.0,6.5
632,43,Fish,Peacock Cichlid,Aulonocara sp.,Medium,7.76,24.8,0.004,0.003,4.8,10.5,excellent,,,Keep weekly testing and regular water changes.,low,7.5,8.5,24.0,27.0,0.02,0.02,20.0,6.5
633,43,Fish,Peacock Cichlid,Aulonocara sp.,Medium,7.97,25.2,0.001,0.001,6.1,9.8,excellent,,,Keep weekly testing and regular water changes.,low,7.5,8.5,24.0,27.0,0.02,0.02,20.0,6.5
634,43,Fish,Peacock Cichlid,Aulonocara sp.,Medium,8.01,25.0,0.004,0.003,7.9,8.7,excellent,,,Keep weekly testing and regular water changes.,low,7.5,8.5,24.0,27.0,0.02,0.02,20.0,6.5
635,43,Fish,Peacock Cichlid,Aulonocara sp.,Medium,8.12,26.4,0.01,0.003,14.6,7.1,good,,,Keep weekly testing and regular water changes.,low,7.5,8.5,24.0,27.0,0.02,0.02,20.0,6.5
636,43,Fish,Peacock Cichlid,Aulonocara sp.,Medium,7.95,25.0,0.01,0.009,13.3,7.2,good,,,Keep weekly testing and regular water changes.,low,7.5,8.5,24.0,27.0,0.02,0.02,20.0,6.5
637,43,Fish,Peacock Cichlid,Aulonocara sp.,Medium,8.18,24.6,0.009,0.003,13.0,7.5,good,,,Keep weekly testing and regular water changes.,low,7.5,8.5,24.0,27.0,0.02,0.02,20.0,6.5
638,43,Fish,Peacock Cichlid,Aulonocara sp.,Medium,7.61,25.1,0.05,0.004,4.3,9.3,watch,Ammonia,Ammonia,Do a 40–50% water change with dechlorinated water. Pause feeding 24 hours and add beneficial bacteria.,critical,7.5,8.5,24.0,27.0,0.02,0.02,20.0,6.5
639,43,Fish,Peacock Cichlid,Aulonocara sp.,Medium,8.25,28.0,0.0,0.002,7.7,11.2,watch,Temperature,Temperature,Adjust the heater 1°C at a time. Increase surface movement if the tank is hot.,high,7.5,8.5,24.0,27.0,0.02,0.02,20.0,6.5
640,43,Fish,Peacock Cichlid,Aulonocara sp.,Medium,8.06,28.6,0.003,0.004,5.6,8.6,watch,Temperature,Temperature,Adjust the heater 1°C at a time. Increase surface movement if the tank is hot.,high,7.5,8.5,24.0,27.0,0.02,0.02,20.0,6.5
641,43,Fish,Peacock Cichlid,Aulonocara sp.,Medium,8.26,23.1,0.003,0.001,4.0,9.3,watch,Temperature,Temperature,Adjust the heater 1°C at a time. Increase surface movement if the tank is hot.,high,7.5,8.5,24.0,27.0,0.02,0.02,20.0,6.5
642,43,Fish,Peacock Cichlid,Aulonocara sp.,Medium,7.82,25.8,1.112,7.137,47.6,8.6,critical,"Ammonia, Nitrite, Nitrate",Ammonia,Do a 40–50% water change with dechlorinated water. Pause feeding 24 hours and add beneficial bacteria.,critical,7.5,8.5,24.0,27.0,0.02,0.02,20.0,6.5
643,43,Fish,Peacock Cichlid,Aulonocara sp.,Medium,8.2,26.4,0.493,5.736,70.9,11.1,critical,"Ammonia, Nitrite, Nitrate",Ammonia,Do a 40–50% water change with dechlorinated water. Pause feeding 24 hours and add beneficial bacteria.,critical,7.5,8.5,24.0,27.0,0.02,0.02,20.0,6.5
644,43,Fish,Peacock Cichlid,Aulonocara sp.,Medium,8.19,26.1,0.809,2.012,5.3,9.9,critical,"Ammonia, Nitrite",Ammonia,Do a 40–50% water change with dechlorinated water. Pause feeding 24 hours and add beneficial bacteria.,critical,7.5,8.5,24.0,27.0,0.02,0.02,20.0,6.5
645,43,Fish,Peacock Cichlid,Aulonocara sp.,Medium,7.95,25.2,0.12,0.001,4.7,2.6,critical,"Ammonia, DissolvedO2",Ammonia,Do a 40–50% water change with dechlorinated water. Pause feeding 24 hours and add beneficial bacteria.,critical,7.5,8.5,24.0,27.0,0.02,0.02,20.0,6.5
646,44,Fish,Keyhole Cichlid,Cleithracara maronii,Low,6.22,24.9,0.003,0.001,6.4,11.3,excellent,,,Keep weekly testing and regular water changes.,low,6.0,7.0,23.0,28.0,0.02,0.02,20.0,6.4
647,44,Fish,Keyhole Cichlid,Cleithracara maronii,Low,6.56,24.3,0.001,0.002,5.8,8.7,excellent,,,Keep weekly testing and regular water changes.,low,6.0,7.0,23.0,28.0,0.02,0.02,20.0,6.4
648,44,Fish,Keyhole Cichlid,Cleithracara maronii,Low,6.46,25.7,0.001,0.002,3.6,9.3,excellent,,,Keep weekly testing and regular water changes.,low,6.0,7.0,23.0,28.0,0.02,0.02,20.0,6.4
649,44,Fish,Keyhole Cichlid,Cleithracara maronii,Low,6.76,24.6,0.002,0.002,4.8,11.3,excellent,,,Keep weekly testing and regular water changes.,low,6.0,7.0,23.0,28.0,0.02,0.02,20.0,6.4
650,44,Fish,Keyhole Cichlid,Cleithracara maronii,Low,6.35,24.3,0.016,0.01,17.1,6.7,good,,,Keep weekly testing and regular water changes.,low,6.0,7.0,23.0,28.0,0.02,0.02,20.0,6.4
651,44,Fish,Keyhole Cichlid,Cleithracara maronii,Low,6.15,26.2,0.009,0.003,17.7,7.1,good,,,Keep weekly testing and regular water changes.,low,6.0,7.0,23.0,28.0,0.02,0.02,20.0,6.4
652,44,Fish,Keyhole Cichlid,Cleithracara maronii,Low,6.09,23.3,0.011,0.009,18.2,6.8,good,,,Keep weekly testing and regular water changes.,low,6.0,7.0,23.0,28.0,0.02,0.02,20.0,6.4
653,44,Fish,Keyhole Cichlid,Cleithracara maronii,Low,6.25,30.8,0.001,0.002,8.0,10.1,watch,Temperature,Temperature,Adjust the heater 1°C at a time. Increase surface movement if the tank is hot.,high,6.0,7.0,23.0,28.0,0.02,0.02,20.0,6.4
654,44,Fish,Keyhole Cichlid,Cleithracara maronii,Low,6.13,29.7,0.002,0.002,8.0,9.9,watch,Temperature,Temperature,Adjust the heater 1°C at a time. Increase surface movement if the tank is hot.,high,6.0,7.0,23.0,28.0,0.02,0.02,20.0,6.4
655,44,Fish,Keyhole Cichlid,Cleithracara maronii,Low,5.85,26.1,0.002,0.001,6.9,10.4,watch,pH,pH,Correct pH slowly with small water changes only. Move no more than 0.2 pH per day.,high,6.0,7.0,23.0,28.0,0.02,0.02,20.0,6.4
656,44,Fish,Keyhole Cichlid,Cleithracara maronii,Low,6.46,30.1,0.0,0.002,3.6,9.1,watch,Temperature,Temperature,Adjust the heater 1°C at a time. Increase surface movement if the tank is hot.,high,6.0,7.0,23.0,28.0,0.02,0.02,20.0,6.4
657,44,Fish,Keyhole Cichlid,Cleithracara maronii,Low,6.34,27.4,0.787,0.583,8.2,11.2,critical,"Ammonia, Nitrite",Ammonia,Do a 40–50% water change with dechlorinated water. Pause feeding 24 hours and add beneficial bacteria.,critical,6.0,7.0,23.0,28.0,0.02,0.02,20.0,6.4
658,44,Fish,Keyhole Cichlid,Cleithracara maronii,Low,4.4,15.4,0.0,0.001,8.2,9.3,critical,"pH, Temperature",pH,Correct pH slowly with small water changes only. Move no more than 0.2 pH per day.,critical,6.0,7.0,23.0,28.0,0.02,0.02,20.0,6.4
659,44,Fish,Keyhole Cichlid,Cleithracara maronii,Low,6.45,24.4,0.655,1.092,7.4,10.7,critical,"Ammonia, Nitrite",Ammonia,Do a 40–50% water change with dechlorinated water. Pause feeding 24 hours and add beneficial bacteria.,critical,6.0,7.0,23.0,28.0,0.02,0.02,20.0,6.4
660,44,Fish,Keyhole Cichlid,Cleithracara maronii,Low,9.33,35.8,0.003,0.002,8.1,9.7,critical,"pH, Temperature",pH,Correct pH slowly with small water changes only. Move no more than 0.2 pH per day.,critical,6.0,7.0,23.0,28.0,0.02,0.02,20.0,6.4
661,45,Fish,Apistogramma (Cockatoo Dwarf Cichlid),Apistogramma cacatuoides,High,6.39,26.4,0.001,0.003,5.3,9.6,excellent,,,Keep weekly testing and regular water changes.,low,5.0,7.0,25.0,29.0,0.01,0.02,20.0,6.5
662,45,Fish,Apistogramma (Cockatoo Dwarf Cichlid),Apistogramma cacatuoides,High,5.41,26.8,0.002,0.004,6.3,9.3,excellent,,,Keep weekly testing and regular water changes.,low,5.0,7.0,25.0,29.0,0.01,0.02,20.0,6.5
663,45,Fish,Apistogramma (Cockatoo Dwarf Cichlid),Apistogramma cacatuoides,High,6.34,27.7,0.001,0.003,3.6,8.3,excellent,,,Keep weekly testing and regular water changes.,low,5.0,7.0,25.0,29.0,0.01,0.02,20.0,6.5
664,45,Fish,Apistogramma (Cockatoo Dwarf Cichlid),Apistogramma cacatuoides,High,5.31,26.0,0.002,0.002,4.6,9.7,excellent,,,Keep weekly testing and regular water changes.,low,5.0,7.0,25.0,29.0,0.01,0.02,20.0,6.5
665,45,Fish,Apistogramma (Cockatoo Dwarf Cichlid),Apistogramma cacatuoides,High,5.79,26.3,0.004,0.009,13.8,7.9,good,,,Keep weekly testing and regular water changes.,low,5.0,7.0,25.0,29.0,0.01,0.02,20.0,6.5
666,45,Fish,Apistogramma (Cockatoo Dwarf Cichlid),Apistogramma cacatuoides,High,5.42,27.9,0.008,0.002,13.5,8.2,good,,,Keep weekly testing and regular water changes.,low,5.0,7.0,25.0,29.0,0.01,0.02,20.0,6.5
667,45,Fish,Apistogramma (Cockatoo Dwarf Cichlid),Apistogramma cacatuoides,High,5.93,27.5,0.004,0.004,16.0,8.1,good,,,Keep weekly testing and regular water changes.,low,5.0,7.0,25.0,29.0,0.01,0.02,20.0,6.5
668,45,Fish,Apistogramma (Cockatoo Dwarf Cichlid),Apistogramma cacatuoides,High,4.63,27.8,0.001,0.0,4.7,9.1,watch,pH,pH,Correct pH slowly with small water changes only. Move no more than 0.2 pH per day.,high,5.0,7.0,25.0,29.0,0.01,0.02,20.0,6.5
669,45,Fish,Apistogramma (Cockatoo Dwarf Cichlid),Apistogramma cacatuoides,High,5.88,30.2,0.001,0.002,5.9,10.1,watch,Temperature,Temperature,Adjust the heater 1°C at a time. Increase surface movement if the tank is hot.,high,5.0,7.0,25.0,29.0,0.01,0.02,20.0,6.5
670,45,Fish,Apistogramma (Cockatoo Dwarf Cichlid),Apistogramma cacatuoides,High,6.33,31.5,0.001,0.001,6.3,10.3,watch,Temperature,Temperature,Adjust the heater 1°C at a time. Increase surface movement if the tank is hot.,high,5.0,7.0,25.0,29.0,0.01,0.02,20.0,6.5
671,45,Fish,Apistogramma (Cockatoo Dwarf Cichlid),Apistogramma cacatuoides,High,6.64,30.4,0.001,0.002,8.4,9.0,watch,Temperature,Temperature,Adjust the heater 1°C at a time. Increase surface movement if the tank is hot.,high,5.0,7.0,25.0,29.0,0.01,0.02,20.0,6.5
672,45,Fish,Apistogramma (Cockatoo Dwarf Cichlid),Apistogramma cacatuoides,High,5.89,26.4,0.12,0.002,4.3,3.7,critical,"Ammonia, DissolvedO2",Ammonia,Do a 40–50% water change with dechlorinated water. Pause feeding 24 hours and add beneficial bacteria.,critical,5.0,7.0,25.0,29.0,0.01,0.02,20.0,6.5
673,45,Fish,Apistogramma (Cockatoo Dwarf Cichlid),Apistogramma cacatuoides,High,6.0,26.4,1.019,6.716,51.7,10.2,critical,"Ammonia, Nitrite, Nitrate",Ammonia,Do a 40–50% water change with dechlorinated water. Pause feeding 24 hours and add beneficial bacteria.,critical,5.0,7.0,25.0,29.0,0.01,0.02,20.0,6.5
674,45,Fish,Apistogramma (Cockatoo Dwarf Cichlid),Apistogramma cacatuoides,High,5.48,25.9,0.767,1.485,8.1,9.4,critical,"Ammonia, Nitrite",Ammonia,Do a 40–50% water change with dechlorinated water. Pause feeding 24 hours and add beneficial bacteria.,critical,5.0,7.0,25.0,29.0,0.01,0.02,20.0,6.5
675,45,Fish,Apistogramma (Cockatoo Dwarf Cichlid),Apistogramma cacatuoides,High,6.77,26.7,0.459,4.083,63.8,11.2,critical,"Ammonia, Nitrite, Nitrate",Ammonia,Do a 40–50% water change with dechlorinated water. Pause feeding 24 hours and add beneficial bacteria.,critical,5.0,7.0,25.0,29.0,0.01,0.02,20.0,6.5
676,46,Fish,Bronze Corydoras,Corydoras aeneus,Low,6.97,24.6,0.001,0.003,6.5,10.9,excellent,,,Keep weekly testing and regular water changes.,low,6.0,8.0,22.0,26.0,0.02,0.02,20.0,6.5
677,46,Fish,Bronze Corydoras,Corydoras aeneus,Low,6.54,24.4,0.001,0.001,7.0,10.4,excellent,,,Keep weekly testing and regular water changes.,low,6.0,8.0,22.0,26.0,0.02,0.02,20.0,6.5
678,46,Fish,Bronze Corydoras,Corydoras aeneus,Low,6.43,25.0,0.0,0.002,8.3,10.1,excellent,,,Keep weekly testing and regular water changes.,low,6.0,8.0,22.0,26.0,0.02,0.02,20.0,6.5
679,46,Fish,Bronze Corydoras,Corydoras aeneus,Low,7.55,24.3,0.003,0.003,6.8,9.1,excellent,,,Keep weekly testing and regular water changes.,low,6.0,8.0,22.0,26.0,0.02,0.02,20.0,6.5
680,46,Fish,Bronze Corydoras,Corydoras aeneus,Low,7.47,23.0,0.017,0.003,14.4,8.1,good,,,Keep weekly testing and regular water changes.,low,6.0,8.0,22.0,26.0,0.02,0.02,20.0,6.5
681,46,Fish,Bronze Corydoras,Corydoras aeneus,Low,6.5,23.5,0.014,0.002,14.0,7.5,good,,,Keep weekly testing and regular water changes.,low,6.0,8.0,22.0,26.0,0.02,0.02,20.0,6.5
682,46,Fish,Bronze Corydoras,Corydoras aeneus,Low,6.5,23.0,0.007,0.005,14.9,6.7,good,,,Keep weekly testing and regular water changes.,low,6.0,8.0,22.0,26.0,0.02,0.02,20.0,6.5
683,46,Fish,Bronze Corydoras,Corydoras aeneus,Low,7.22,27.7,0.0,0.001,7.7,10.2,watch,Temperature,Temperature,Adjust the heater 1°C at a time. Increase surface movement if the tank is hot.,high,6.0,8.0,22.0,26.0,0.02,0.02,20.0,6.5
684,46,Fish,Bronze Corydoras,Corydoras aeneus,Low,6.46,27.1,0.004,0.004,4.4,9.3,watch,Temperature,Temperature,Adjust the heater 1°C at a time. Increase surface movement if the tank is hot.,high,6.0,8.0,22.0,26.0,0.02,0.02,20.0,6.5
685,46,Fish,Bronze Corydoras,Corydoras aeneus,Low,6.65,28.5,0.003,0.001,8.0,8.6,watch,Temperature,Temperature,Adjust the heater 1°C at a time. Increase surface movement if the tank is hot.,high,6.0,8.0,22.0,26.0,0.02,0.02,20.0,6.5
686,46,Fish,Bronze Corydoras,Corydoras aeneus,Low,8.29,23.6,0.002,0.001,4.1,9.9,watch,pH,pH,Correct pH slowly with small water changes only. Move no more than 0.2 pH per day.,high,6.0,8.0,22.0,26.0,0.02,0.02,20.0,6.5
687,46,Fish,Bronze Corydoras,Corydoras aeneus,Low,7.21,23.2,0.12,0.003,4.1,3.6,critical,"Ammonia, DissolvedO2",Ammonia,Do a 40–50% water change with dechlorinated water. Pause feeding 24 hours and add beneficial bacteria.,critical,6.0,8.0,22.0,26.0,0.02,0.02,20.0,6.5
688,46,Fish,Bronze Corydoras,Corydoras aeneus,Low,5.0,14.0,0.002,0.001,6.0,9.0,critical,"pH, Temperature",pH,Correct pH slowly with small water changes only. Move no more than 0.2 pH per day.,critical,6.0,8.0,22.0,26.0,0.02,0.02,20.0,6.5
689,46,Fish,Bronze Corydoras,Corydoras aeneus,Low,9.61,36.0,0.004,0.003,7.8,10.4,critical,"pH, Temperature",pH,Correct pH slowly with small water changes only. Move no more than 0.2 pH per day.,critical,6.0,8.0,22.0,26.0,0.02,0.02,20.0,6.5
690,46,Fish,Bronze Corydoras,Corydoras aeneus,Low,6.09,25.0,0.911,0.673,6.4,9.0,critical,"Ammonia, Nitrite",Ammonia,Do a 40–50% water change with dechlorinated water. Pause feeding 24 hours and add beneficial bacteria.,critical,6.0,8.0,22.0,26.0,0.02,0.02,20.0,6.5
691,47,Fish,Panda Corydoras,Corydoras panda,Low,7.27,22.7,0.001,0.001,4.8,9.6,excellent,,,Keep weekly testing and regular water changes.,low,6.0,7.5,20.0,24.0,0.02,0.02,20.0,6.4
692,47,Fish,Panda Corydoras,Corydoras panda,Low,6.41,23.4,0.001,0.003,4.0,11.5,excellent,,,Keep weekly testing and regular water changes.,low,6.0,7.5,20.0,24.0,0.02,0.02,20.0,6.4
693,47,Fish,Panda Corydoras,Corydoras panda,Low,6.38,21.8,0.002,0.0,7.4,9.1,excellent,,,Keep weekly testing and regular water changes.,low,6.0,7.5,20.0,24.0,0.02,0.02,20.0,6.4
694,47,Fish,Panda Corydoras,Corydoras panda,Low,6.82,22.1,0.002,0.0,4.1,8.7,excellent,,,Keep weekly testing and regular water changes.,low,6.0,7.5,20.0,24.0,0.02,0.02,20.0,6.4
695,47,Fish,Panda Corydoras,Corydoras panda,Low,6.46,20.7,0.016,0.007,16.7,7.2,good,,,Keep weekly testing and regular water changes.,low,6.0,7.5,20.0,24.0,0.02,0.02,20.0,6.4
696,47,Fish,Panda Corydoras,Corydoras panda,Low,6.42,22.0,0.01,0.005,15.7,7.4,good,,,Keep weekly testing and regular water changes.,low,6.0,7.5,20.0,24.0,0.02,0.02,20.0,6.4
697,47,Fish,Panda Corydoras,Corydoras panda,Low,7.46,21.0,0.012,0.002,15.1,7.7,good,,,Keep weekly testing and regular water changes.,low,6.0,7.5,20.0,24.0,0.02,0.02,20.0,6.4
698,47,Fish,Panda Corydoras,Corydoras panda,Low,6.31,18.5,0.002,0.0,8.1,9.6,watch,Temperature,Temperature,Adjust the heater 1°C at a time. Increase surface movement if the tank is hot.,high,6.0,7.5,20.0,24.0,0.02,0.02,20.0,6.4
699,47,Fish,Panda Corydoras,Corydoras panda,Low,7.34,21.4,0.002,0.003,33.9,9.4,watch,Nitrate,Nitrate,"Do a 25–40% water change, vacuum the substrate, and add fast-growing plants.",medium,6.0,7.5,20.0,24.0,0.02,0.02,20.0,6.4
700,47,Fish,Panda Corydoras,Corydoras panda,Low,6.82,22.5,0.003,0.003,23.3,10.1,watch,Nitrate,Nitrate,"Do a 25–40% water change, vacuum the substrate, and add fast-growing plants.",medium,6.0,7.5,20.0,24.0,0.02,0.02,20.0,6.4
701,47,Fish,Panda Corydoras,Corydoras panda,Low,5.56,22.9,0.002,0.001,4.7,9.9,watch,pH,pH,Correct pH slowly with small water changes only. Move no more than 0.2 pH per day.,high,6.0,7.5,20.0,24.0,0.02,0.02,20.0,6.4
702,47,Fish,Panda Corydoras,Corydoras panda,Low,6.31,22.3,0.802,0.441,3.8,11.3,critical,"Ammonia, Nitrite",Ammonia,Do a 40–50% water change with dechlorinated water. Pause feeding 24 hours and add beneficial bacteria.,critical,6.0,7.5,20.0,24.0,0.02,0.02,20.0,6.4
703,47,Fish,Panda Corydoras,Corydoras panda,Low,6.76,22.3,0.12,0.002,6.1,1.5,critical,"Ammonia, DissolvedO2",Ammonia,Do a 40–50% water change with dechlorinated water. Pause feeding 24 hours and add beneficial bacteria.,critical,6.0,7.5,20.0,24.0,0.02,0.02,20.0,6.4
704,47,Fish,Panda Corydoras,Corydoras panda,Low,6.67,21.2,0.12,0.004,4.8,2.7,critical,"Ammonia, DissolvedO2",Ammonia,Do a 40–50% water change with dechlorinated water. Pause feeding 24 hours and add beneficial bacteria.,critical,6.0,7.5,20.0,24.0,0.02,0.02,20.0,6.4
705,47,Fish,Panda Corydoras,Corydoras panda,Low,7.25,22.0,0.678,1.307,4.4,11.1,critical,"Ammonia, Nitrite",Ammonia,Do a 40–50% water change with dechlorinated water. Pause feeding 24 hours and add beneficial bacteria.,critical,6.0,7.5,20.0,24.0,0.02,0.02,20.0,6.4
706,48,Fish,Sterbai Corydoras,Corydoras sterbai,Low,6.51,28.2,0.001,0.003,7.9,9.8,excellent,,,Keep weekly testing and regular water changes.,low,6.0,7.5,25.0,29.0,0.02,0.02,20.0,6.4
707,48,Fish,Sterbai Corydoras,Corydoras sterbai,Low,7.28,26.4,0.003,0.0,5.7,8.9,excellent,,,Keep weekly testing and regular water changes.,low,6.0,7.5,25.0,29.0,0.02,0.02,20.0,6.4
708,48,Fish,Sterbai Corydoras,Corydoras sterbai,Low,6.16,25.6,0.001,0.002,5.6,9.2,excellent,,,Keep weekly testing and regular water changes.,low,6.0,7.5,25.0,29.0,0.02,0.02,20.0,6.4
709,48,Fish,Sterbai Corydoras,Corydoras sterbai,Low,7.41,28.2,0.001,0.002,6.6,10.7,excellent,,,Keep weekly testing and regular water changes.,low,6.0,7.5,25.0,29.0,0.02,0.02,20.0,6.4
710,48,Fish,Sterbai Corydoras,Corydoras sterbai,Low,6.55,27.9,0.008,0.005,17.3,7.6,good,,,Keep weekly testing and regular water changes.,low,6.0,7.5,25.0,29.0,0.02,0.02,20.0,6.4
711,48,Fish,Sterbai Corydoras,Corydoras sterbai,Low,7.24,25.3,0.009,0.001,14.2,6.6,good,,,Keep weekly testing and regular water changes.,low,6.0,7.5,25.0,29.0,0.02,0.02,20.0,6.4
712,48,Fish,Sterbai Corydoras,Corydoras sterbai,Low,6.76,27.1,0.014,0.005,13.0,7.7,good,,,Keep weekly testing and regular water changes.,low,6.0,7.5,25.0,29.0,0.02,0.02,20.0,6.4
713,48,Fish,Sterbai Corydoras,Corydoras sterbai,Low,6.15,28.0,0.0,0.002,30.5,10.1,watch,Nitrate,Nitrate,"Do a 25–40% water change, vacuum the substrate, and add fast-growing plants.",medium,6.0,7.5,25.0,29.0,0.02,0.02,20.0,6.4
714,48,Fish,Sterbai Corydoras,Corydoras sterbai,Low,6.24,22.9,0.004,0.004,5.5,9.4,watch,Temperature,Temperature,Adjust the heater 1°C at a time. Increase surface movement if the tank is hot.,high,6.0,7.5,25.0,29.0,0.02,0.02,20.0,6.4
715,48,Fish,Sterbai Corydoras,Corydoras sterbai,Low,6.81,24.1,0.001,0.001,5.6,8.8,watch,Temperature,Temperature,Adjust the heater 1°C at a time. Increase surface movement if the tank is hot.,high,6.0,7.5,25.0,29.0,0.02,0.02,20.0,6.4
716,48,Fish,Sterbai Corydoras,Corydoras sterbai,Low,8.01,25.8,0.0,0.002,4.5,11.5,watch,pH,pH,Correct pH slowly with small water changes only. Move no more than 0.2 pH per day.,high,6.0,7.5,25.0,29.0,0.02,0.02,20.0,6.4
717,48,Fish,Sterbai Corydoras,Corydoras sterbai,Low,4.82,35.4,0.002,0.0,4.7,8.6,critical,"pH, Temperature",pH,Correct pH slowly with small water changes only. Move no more than 0.2 pH per day.,critical,6.0,7.5,25.0,29.0,0.02,0.02,20.0,6.4
718,48,Fish,Sterbai Corydoras,Corydoras sterbai,Low,9.57,33.9,0.001,0.001,7.4,11.3,critical,"pH, Temperature",pH,Correct pH slowly with small water changes only. Move no more than 0.2 pH per day.,critical,6.0,7.5,25.0,29.0,0.02,0.02,20.0,6.4
719,48,Fish,Sterbai Corydoras,Corydoras sterbai,Low,6.22,26.8,0.811,3.995,80.9,9.2,critical,"Ammonia, Nitrite, Nitrate",Ammonia,Do a 40–50% water change with dechlorinated water. Pause feeding 24 hours and add beneficial bacteria.,critical,6.0,7.5,25.0,29.0,0.02,0.02,20.0,6.4
720,48,Fish,Sterbai Corydoras,Corydoras sterbai,Low,10.05,35.1,0.003,0.002,3.5,9.1,critical,"pH, Temperature",pH,Correct pH slowly with small water changes only. Move no more than 0.2 pH per day.,critical,6.0,7.5,25.0,29.0,0.02,0.02,20.0,6.4
721,49,Fish,Bristlenose Pleco,Ancistrus cirrhosus,Low,6.94,23.3,0.003,0.002,4.0,11.2,excellent,,,Keep weekly testing and regular water changes.,low,6.5,7.5,22.0,27.0,0.02,0.02,20.0,6.6
722,49,Fish,Bristlenose Pleco,Ancistrus cirrhosus,Low,6.89,22.8,0.001,0.003,8.0,10.0,excellent,,,Keep weekly testing and regular water changes.,low,6.5,7.5,22.0,27.0,0.02,0.02,20.0,6.6
723,49,Fish,Bristlenose Pleco,Ancistrus cirrhosus,Low,7.38,25.9,0.003,0.003,5.2,10.8,excellent,,,Keep weekly testing and regular water changes.,low,6.5,7.5,22.0,27.0,0.02,0.02,20.0,6.6
724,49,Fish,Bristlenose Pleco,Ancistrus cirrhosus,Low,7.06,25.3,0.001,0.003,8.2,9.4,excellent,,,Keep weekly testing and regular water changes.,low,6.5,7.5,22.0,27.0,0.02,0.02,20.0,6.6
725,49,Fish,Bristlenose Pleco,Ancistrus cirrhosus,Low,7.47,23.9,0.009,0.002,17.7,7.7,good,,,Keep weekly testing and regular water changes.,low,6.5,7.5,22.0,27.0,0.02,0.02,20.0,6.6
726,49,Fish,Bristlenose Pleco,Ancistrus cirrhosus,Low,6.81,25.0,0.01,0.006,18.2,7.9,good,,,Keep weekly testing and regular water changes.,low,6.5,7.5,22.0,27.0,0.02,0.02,20.0,6.6
727,49,Fish,Bristlenose Pleco,Ancistrus cirrhosus,Low,7.25,24.9,0.017,0.003,14.6,6.9,good,,,Keep weekly testing and regular water changes.,low,6.5,7.5,22.0,27.0,0.02,0.02,20.0,6.6
728,49,Fish,Bristlenose Pleco,Ancistrus cirrhosus,Low,7.77,24.9,0.003,0.001,3.3,10.4,watch,pH,pH,Correct pH slowly with small water changes only. Move no more than 0.2 pH per day.,high,6.5,7.5,22.0,27.0,0.02,0.02,20.0,6.6
729,49,Fish,Bristlenose Pleco,Ancistrus cirrhosus,Low,6.73,23.7,0.035,0.001,5.0,10.4,watch,Ammonia,Ammonia,Do a 40–50% water change with dechlorinated water. Pause feeding 24 hours and add beneficial bacteria.,critical,6.5,7.5,22.0,27.0,0.02,0.02,20.0,6.6
730,49,Fish,Bristlenose Pleco,Ancistrus cirrhosus,Low,6.91,22.8,0.004,0.002,32.5,8.7,watch,Nitrate,Nitrate,"Do a 25–40% water change, vacuum the substrate, and add fast-growing plants.",medium,6.5,7.5,22.0,27.0,0.02,0.02,20.0,6.6
731,49,Fish,Bristlenose Pleco,Ancistrus cirrhosus,Low,6.61,20.6,0.001,0.002,8.0,9.8,watch,Temperature,Temperature,Adjust the heater 1°C at a time. Increase surface movement if the tank is hot.,high,6.5,7.5,22.0,27.0,0.02,0.02,20.0,6.6
732,49,Fish,Bristlenose Pleco,Ancistrus cirrhosus,Low,10.16,34.7,0.001,0.001,5.1,10.9,critical,"pH, Temperature",pH,Correct pH slowly with small water changes only. Move no more than 0.2 pH per day.,critical,6.5,7.5,22.0,27.0,0.02,0.02,20.0,6.6
733,49,Fish,Bristlenose Pleco,Ancistrus cirrhosus,Low,7.31,24.8,0.716,0.696,7.0,10.8,critical,"Ammonia, Nitrite",Ammonia,Do a 40–50% water change with dechlorinated water. Pause feeding 24 hours and add beneficial bacteria.,critical,6.5,7.5,22.0,27.0,0.02,0.02,20.0,6.6
734,49,Fish,Bristlenose Pleco,Ancistrus cirrhosus,Low,7.35,25.5,0.12,0.003,7.9,2.7,critical,"Ammonia, DissolvedO2",Ammonia,Do a 40–50% water change with dechlorinated water. Pause feeding 24 hours and add beneficial bacteria.,critical,6.5,7.5,22.0,27.0,0.02,0.02,20.0,6.6
735,49,Fish,Bristlenose Pleco,Ancistrus cirrhosus,Low,6.89,25.7,0.12,0.0,3.9,4.1,critical,"Ammonia, DissolvedO2",Ammonia,Do a 40–50% water change with dechlorinated water. Pause feeding 24 hours and add beneficial bacteria.,critical,6.5,7.5,22.0,27.0,0.02,0.02,20.0,6.6
736,50,Fish,Otocinclus Catfish,Otocinclus vittatus,High,7.36,24.2,0.002,0.003,4.8,9.0,excellent,,,Keep weekly testing and regular water changes.,low,6.0,7.5,22.0,27.0,0.01,0.02,20.0,6.7
737,50,Fish,Otocinclus Catfish,Otocinclus vittatus,High,7.42,22.7,0.001,0.003,6.7,9.3,excellent,,,Keep weekly testing and regular water changes.,low,6.0,7.5,22.0,27.0,0.01,0.02,20.0,6.7
738,50,Fish,Otocinclus Catfish,Otocinclus vittatus,High,7.05,23.4,0.002,0.001,6.8,10.9,excellent,,,Keep weekly testing and regular water changes.,low,6.0,7.5,22.0,27.0,0.01,0.02,20.0,6.7
739,50,Fish,Otocinclus Catfish,Otocinclus vittatus,High,6.33,23.5,0.002,0.0,4.2,9.9,excellent,,,Keep weekly testing and regular water changes.,low,6.0,7.5,22.0,27.0,0.01,0.02,20.0,6.7
740,50,Fish,Otocinclus Catfish,Otocinclus vittatus,High,7.38,24.8,0.005,0.014,15.8,7.6,good,,,Keep weekly testing and regular water changes.,low,6.0,7.5,22.0,27.0,0.01,0.02,20.0,6.7
741,50,Fish,Otocinclus Catfish,Otocinclus vittatus,High,6.62,23.6,0.005,0.01,13.2,8.0,good,,,Keep weekly testing and regular water changes.,low,6.0,7.5,22.0,27.0,0.01,0.02,20.0,6.7
742,50,Fish,Otocinclus Catfish,Otocinclus vittatus,High,6.31,24.0,0.004,0.008,17.4,7.5,good,,,Keep weekly testing and regular water changes.,low,6.0,7.5,22.0,27.0,0.01,0.02,20.0,6.7
743,50,Fish,Otocinclus Catfish,Otocinclus vittatus,High,6.3,20.0,0.002,0.001,7.2,9.5,watch,Temperature,Temperature,Adjust the heater 1°C at a time. Increase surface movement if the tank is hot.,high,6.0,7.5,22.0,27.0,0.01,0.02,20.0,6.7
744,50,Fish,Otocinclus Catfish,Otocinclus vittatus,High,5.68,22.7,0.002,0.001,5.0,9.7,watch,pH,pH,Correct pH slowly with small water changes only. Move no more than 0.2 pH per day.,high,6.0,7.5,22.0,27.0,0.01,0.02,20.0,6.7
745,50,Fish,Otocinclus Catfish,Otocinclus vittatus,High,7.13,20.2,0.002,0.003,8.1,11.0,watch,Temperature,Temperature,Adjust the heater 1°C at a time. Increase surface movement if the tank is hot.,high,6.0,7.5,22.0,27.0,0.01,0.02,20.0,6.7
746,50,Fish,Otocinclus Catfish,Otocinclus vittatus,High,6.56,24.3,0.04,0.002,7.0,8.8,watch,Ammonia,Ammonia,Do a 40–50% water change with dechlorinated water. Pause feeding 24 hours and add beneficial bacteria.,critical,6.0,7.5,22.0,27.0,0.01,0.02,20.0,6.7
747,50,Fish,Otocinclus Catfish,Otocinclus vittatus,High,6.35,26.2,0.946,0.81,7.4,11.0,critical,"Ammonia, Nitrite",Ammonia,Do a 40–50% water change with dechlorinated water. Pause feeding 24 hours and add beneficial bacteria.,critical,6.0,7.5,22.0,27.0,0.01,0.02,20.0,6.7
748,50,Fish,Otocinclus Catfish,Otocinclus vittatus,High,7.19,23.9,0.12,0.002,3.2,3.7,critical,"Ammonia, DissolvedO2",Ammonia,Do a 40–50% water change with dechlorinated water. Pause feeding 24 hours and add beneficial bacteria.,critical,6.0,7.5,22.0,27.0,0.01,0.02,20.0,6.7
749,50,Fish,Otocinclus Catfish,Otocinclus vittatus,High,6.31,26.1,0.713,0.538,6.6,9.1,critical,"Ammonia, Nitrite",Ammonia,Do a 40–50% water change with dechlorinated water. Pause feeding 24 hours and add beneficial bacteria.,critical,6.0,7.5,22.0,27.0,0.01,0.02,20.0,6.7
750,50,Fish,Otocinclus Catfish,Otocinclus vittatus,High,6.22,25.4,0.571,0.514,7.3,8.9,critical,"Ammonia, Nitrite",Ammonia,Do a 40–50% water change with dechlorinated water. Pause feeding 24 hours and add beneficial bacteria.,critical,6.0,7.5,22.0,27.0,0.01,0.02,20.0,6.7
751,51,Fish,Clown Pleco,Panaqolus maccus,Low,7.11,23.8,0.004,0.001,6.8,8.7,excellent,,,Keep weekly testing and regular water changes.,low,6.5,7.5,23.0,28.0,0.02,0.02,20.0,6.5
752,51,Fish,Clown Pleco,Panaqolus maccus,Low,6.76,25.3,0.002,0.004,3.3,8.3,excellent,,,Keep weekly testing and regular water changes.,low,6.5,7.5,23.0,28.0,0.02,0.02,20.0,6.5
753,51,Fish,Clown Pleco,Panaqolus maccus,Low,6.87,25.0,0.004,0.004,7.8,8.8,excellent,,,Keep weekly testing and regular water changes.,low,6.5,7.5,23.0,28.0,0.02,0.02,20.0,6.5
754,51,Fish,Clown Pleco,Panaqolus maccus,Low,6.93,26.4,0.001,0.003,4.4,9.4,excellent,,,Keep weekly testing and regular water changes.,low,6.5,7.5,23.0,28.0,0.02,0.02,20.0,6.5
755,51,Fish,Clown Pleco,Panaqolus maccus,Low,7.35,24.3,0.017,0.004,13.1,7.1,good,,,Keep weekly testing and regular water changes.,low,6.5,7.5,23.0,28.0,0.02,0.02,20.0,6.5
756,51,Fish,Clown Pleco,Panaqolus maccus,Low,6.68,25.5,0.008,0.009,18.2,7.3,good,,,Keep weekly testing and regular water changes.,low,6.5,7.5,23.0,28.0,0.02,0.02,20.0,6.5
757,51,Fish,Clown Pleco,Panaqolus maccus,Low,6.68,25.0,0.015,0.008,13.6,7.6,good,,,Keep weekly testing and regular water changes.,low,6.5,7.5,23.0,28.0,0.02,0.02,20.0,6.5
758,51,Fish,Clown Pleco,Panaqolus maccus,Low,6.97,29.9,0.0,0.004,4.1,8.9,watch,Temperature,Temperature,Adjust the heater 1°C at a time. Increase surface movement if the tank is hot.,high,6.5,7.5,23.0,28.0,0.02,0.02,20.0,6.5
759,51,Fish,Clown Pleco,Panaqolus maccus,Low,7.77,24.5,0.002,0.003,4.7,11.3,watch,pH,pH,Correct pH slowly with small water changes only. Move no more than 0.2 pH per day.,high,6.5,7.5,23.0,28.0,0.02,0.02,20.0,6.5
760,51,Fish,Clown Pleco,Panaqolus maccus,Low,6.75,27.2,0.05,0.001,7.6,10.0,watch,Ammonia,Ammonia,Do a 40–50% water change with dechlorinated water. Pause feeding 24 hours and add beneficial bacteria.,critical,6.5,7.5,23.0,28.0,0.02,0.02,20.0,6.5
761,51,Fish,Clown Pleco,Panaqolus maccus,Low,7.21,29.9,0.002,0.001,3.2,11.5,watch,Temperature,Temperature,Adjust the heater 1°C at a time. Increase surface movement if the tank is hot.,high,6.5,7.5,23.0,28.0,0.02,0.02,20.0,6.5
762,51,Fish,Clown Pleco,Panaqolus maccus,Low,7.08,25.9,0.277,3.956,60.8,10.4,critical,"Ammonia, Nitrite, Nitrate",Ammonia,Do a 40–50% water change with dechlorinated water. Pause feeding 24 hours and add beneficial bacteria.,critical,6.5,7.5,23.0,28.0,0.02,0.02,20.0,6.5
763,51,Fish,Clown Pleco,Panaqolus maccus,Low,6.87,24.3,0.12,0.004,4.8,3.3,critical,"Ammonia, DissolvedO2",Ammonia,Do a 40–50% water change with dechlorinated water. Pause feeding 24 hours and add beneficial bacteria.,critical,6.5,7.5,23.0,28.0,0.02,0.02,20.0,6.5
764,51,Fish,Clown Pleco,Panaqolus maccus,Low,6.71,27.1,0.433,5.305,53.6,11.4,critical,"Ammonia, Nitrite, Nitrate",Ammonia,Do a 40–50% water change with dechlorinated water. Pause feeding 24 hours and add beneficial bacteria.,critical,6.5,7.5,23.0,28.0,0.02,0.02,20.0,6.5
765,51,Fish,Clown Pleco,Panaqolus maccus,Low,7.32,24.2,0.259,2.02,7.7,9.4,critical,"Ammonia, Nitrite",Ammonia,Do a 40–50% water change with dechlorinated water. Pause feeding 24 hours and add beneficial bacteria.,critical,6.5,7.5,23.0,28.0,0.02,0.02,20.0,6.5
766,52,Fish,Glass Catfish,Kryptopterus vitreolus,Medium,6.99,27.0,0.003,0.003,5.2,9.2,excellent,,,Keep weekly testing and regular water changes.,low,6.0,7.5,24.0,28.0,0.02,0.02,20.0,6.3
767,52,Fish,Glass Catfish,Kryptopterus vitreolus,Medium,7.04,26.6,0.004,0.002,4.7,9.8,excellent,,,Keep weekly testing and regular water changes.,low,6.0,7.5,24.0,28.0,0.02,0.02,20.0,6.3
768,52,Fish,Glass Catfish,Kryptopterus vitreolus,Medium,6.9,25.8,0.003,0.002,3.2,10.1,excellent,,,Keep weekly testing and regular water changes.,low,6.0,7.5,24.0,28.0,0.02,0.02,20.0,6.3
769,52,Fish,Glass Catfish,Kryptopterus vitreolus,Medium,6.93,27.2,0.002,0.002,5.7,10.0,excellent,,,Keep weekly testing and regular water changes.,low,6.0,7.5,24.0,28.0,0.02,0.02,20.0,6.3
770,52,Fish,Glass Catfish,Kryptopterus vitreolus,Medium,6.12,27.5,0.016,0.008,16.3,6.6,good,,,Keep weekly testing and regular water changes.,low,6.0,7.5,24.0,28.0,0.02,0.02,20.0,6.3
771,52,Fish,Glass Catfish,Kryptopterus vitreolus,Medium,6.89,25.7,0.014,0.001,17.3,7.0,good,,,Keep weekly testing and regular water changes.,low,6.0,7.5,24.0,28.0,0.02,0.02,20.0,6.3
772,52,Fish,Glass Catfish,Kryptopterus vitreolus,Medium,6.97,26.5,0.009,0.006,18.0,7.5,good,,,Keep weekly testing and regular water changes.,low,6.0,7.5,24.0,28.0,0.02,0.02,20.0,6.3
773,52,Fish,Glass Catfish,Kryptopterus vitreolus,Medium,6.17,25.8,0.047,0.003,6.4,8.1,watch,Ammonia,Ammonia,Do a 40–50% water change with dechlorinated water. Pause feeding 24 hours and add beneficial bacteria.,critical,6.0,7.5,24.0,28.0,0.02,0.02,20.0,6.3
774,52,Fish,Glass Catfish,Kryptopterus vitreolus,Medium,7.11,23.1,0.001,0.002,4.1,9.6,watch,Temperature,Temperature,Adjust the heater 1°C at a time. Increase surface movement if the tank is hot.,high,6.0,7.5,24.0,28.0,0.02,0.02,20.0,6.3
775,52,Fish,Glass Catfish,Kryptopterus vitreolus,Medium,5.57,26.5,0.001,0.003,3.5,10.1,watch,pH,pH,Correct pH slowly with small water changes only. Move no more than 0.2 pH per day.,high,6.0,7.5,24.0,28.0,0.02,0.02,20.0,6.3
776,52,Fish,Glass Catfish,Kryptopterus vitreolus,Medium,7.13,29.7,0.002,0.001,6.2,8.4,watch,Temperature,Temperature,Adjust the heater 1°C at a time. Increase surface movement if the tank is hot.,high,6.0,7.5,24.0,28.0,0.02,0.02,20.0,6.3
777,52,Fish,Glass Catfish,Kryptopterus vitreolus,Medium,6.32,27.1,0.36,6.927,89.0,9.1,critical,"Ammonia, Nitrite, Nitrate",Ammonia,Do a 40–50% water change with dechlorinated water. Pause feeding 24 hours and add beneficial bacteria.,critical,6.0,7.5,24.0,28.0,0.02,0.02,20.0,6.3
778,52,Fish,Glass Catfish,Kryptopterus vitreolus,Medium,7.08,25.8,0.742,0.787,3.9,8.8,critical,"Ammonia, Nitrite",Ammonia,Do a 40–50% water change with dechlorinated water. Pause feeding 24 hours and add beneficial bacteria.,critical,6.0,7.5,24.0,28.0,0.02,0.02,20.0,6.3
779,52,Fish,Glass Catfish,Kryptopterus vitreolus,Medium,7.28,26.4,0.12,0.002,7.7,2.8,critical,"Ammonia, DissolvedO2",Ammonia,Do a 40–50% water change with dechlorinated water. Pause feeding 24 hours and add beneficial bacteria.,critical,6.0,7.5,24.0,28.0,0.02,0.02,20.0,6.3
780,52,Fish,Glass Catfish,Kryptopterus vitreolus,Medium,7.29,25.1,0.12,0.003,5.1,2.4,critical,"Ammonia, DissolvedO2",Ammonia,Do a 40–50% water change with dechlorinated water. Pause feeding 24 hours and add beneficial bacteria.,critical,6.0,7.5,24.0,28.0,0.02,0.02,20.0,6.3
781,53,Fish,Pictus Catfish,Pimelodus pictus,Medium,6.73,25.2,0.002,0.0,3.6,8.9,excellent,,,Keep weekly testing and regular water changes.,low,6.5,7.5,23.0,27.0,0.02,0.02,20.0,6.4
782,53,Fish,Pictus Catfish,Pimelodus pictus,Medium,7.23,26.1,0.002,0.0,6.0,11.1,excellent,,,Keep weekly testing and regular water changes.,low,6.5,7.5,23.0,27.0,0.02,0.02,20.0,6.4
783,53,Fish,Pictus Catfish,Pimelodus pictus,Medium,7.21,24.4,0.0,0.004,7.6,8.4,excellent,,,Keep weekly testing and regular water changes.,low,6.5,7.5,23.0,27.0,0.02,0.02,20.0,6.4
784,53,Fish,Pictus Catfish,Pimelodus pictus,Medium,7.27,23.9,0.0,0.003,6.0,9.6,excellent,,,Keep weekly testing and regular water changes.,low,6.5,7.5,23.0,27.0,0.02,0.02,20.0,6.4
785,53,Fish,Pictus Catfish,Pimelodus pictus,Medium,7.39,26.3,0.008,0.009,17.6,7.5,good,,,Keep weekly testing and regular water changes.,low,6.5,7.5,23.0,27.0,0.02,0.02,20.0,6.4
786,53,Fish,Pictus Catfish,Pimelodus pictus,Medium,7.46,25.7,0.008,0.003,18.0,8.2,good,,,Keep weekly testing and regular water changes.,low,6.5,7.5,23.0,27.0,0.02,0.02,20.0,6.4
787,53,Fish,Pictus Catfish,Pimelodus pictus,Medium,6.61,23.5,0.015,0.001,13.4,8.0,good,,,Keep weekly testing and regular water changes.,low,6.5,7.5,23.0,27.0,0.02,0.02,20.0,6.4
788,53,Fish,Pictus Catfish,Pimelodus pictus,Medium,8.0,26.1,0.003,0.001,7.9,9.2,watch,pH,pH,Correct pH slowly with small water changes only. Move no more than 0.2 pH per day.,high,6.5,7.5,23.0,27.0,0.02,0.02,20.0,6.4
789,53,Fish,Pictus Catfish,Pimelodus pictus,Medium,6.03,26.1,0.001,0.004,6.4,10.5,watch,pH,pH,Correct pH slowly with small water changes only. Move no more than 0.2 pH per day.,high,6.5,7.5,23.0,27.0,0.02,0.02,20.0,6.4
790,53,Fish,Pictus Catfish,Pimelodus pictus,Medium,6.9,21.9,0.003,0.003,7.9,10.5,watch,Temperature,Temperature,Adjust the heater 1°C at a time. Increase surface movement if the tank is hot.,high,6.5,7.5,23.0,27.0,0.02,0.02,20.0,6.4
791,53,Fish,Pictus Catfish,Pimelodus pictus,Medium,7.95,26.3,0.004,0.0,5.2,10.8,watch,pH,pH,Correct pH slowly with small water changes only. Move no more than 0.2 pH per day.,high,6.5,7.5,23.0,27.0,0.02,0.02,20.0,6.4
792,53,Fish,Pictus Catfish,Pimelodus pictus,Medium,6.65,25.3,0.12,0.002,4.4,4.0,critical,"Ammonia, DissolvedO2",Ammonia,Do a 40–50% water change with dechlorinated water. Pause feeding 24 hours and add beneficial bacteria.,critical,6.5,7.5,23.0,27.0,0.02,0.02,20.0,6.4
793,53,Fish,Pictus Catfish,Pimelodus pictus,Medium,7.21,26.2,0.449,1.619,5.1,10.3,critical,"Ammonia, Nitrite",Ammonia,Do a 40–50% water change with dechlorinated water. Pause feeding 24 hours and add beneficial bacteria.,critical,6.5,7.5,23.0,27.0,0.02,0.02,20.0,6.4
794,53,Fish,Pictus Catfish,Pimelodus pictus,Medium,7.25,26.1,0.12,0.002,4.4,2.9,critical,"Ammonia, DissolvedO2",Ammonia,Do a 40–50% water change with dechlorinated water. Pause feeding 24 hours and add beneficial bacteria.,critical,6.5,7.5,23.0,27.0,0.02,0.02,20.0,6.4
795,53,Fish,Pictus Catfish,Pimelodus pictus,Medium,7.19,23.8,0.12,0.004,5.6,2.1,critical,"Ammonia, DissolvedO2",Ammonia,Do a 40–50% water change with dechlorinated water. Pause feeding 24 hours and add beneficial bacteria.,critical,6.5,7.5,23.0,27.0,0.02,0.02,20.0,6.4
796,54,Fish,Farlowella Catfish (Twig Catfish),Farlowella acus,High,6.7,25.1,0.002,0.003,5.6,11.0,excellent,,,Keep weekly testing and regular water changes.,low,6.0,7.0,22.0,26.0,0.01,0.02,20.0,6.5
797,54,Fish,Farlowella Catfish (Twig Catfish),Farlowella acus,High,6.66,23.0,0.0,0.003,6.5,10.0,excellent,,,Keep weekly testing and regular water changes.,low,6.0,7.0,22.0,26.0,0.01,0.02,20.0,6.5
798,54,Fish,Farlowella Catfish (Twig Catfish),Farlowella acus,High,6.84,24.4,0.001,0.002,6.3,10.8,excellent,,,Keep weekly testing and regular water changes.,low,6.0,7.0,22.0,26.0,0.01,0.02,20.0,6.5
799,54,Fish,Farlowella Catfish (Twig Catfish),Farlowella acus,High,6.55,24.0,0.001,0.003,7.5,8.5,excellent,,,Keep weekly testing and regular water changes.,low,6.0,7.0,22.0,26.0,0.01,0.02,20.0,6.5
800,54,Fish,Farlowella Catfish (Twig Catfish),Farlowella acus,High,6.74,24.1,0.004,0.01,17.3,7.5,good,,,Keep weekly testing and regular water changes.,low,6.0,7.0,22.0,26.0,0.01,0.02,20.0,6.5
801,54,Fish,Farlowella Catfish (Twig Catfish),Farlowella acus,High,6.78,23.3,0.005,0.005,15.5,7.8,good,,,Keep weekly testing and regular water changes.,low,6.0,7.0,22.0,26.0,0.01,0.02,20.0,6.5
802,54,Fish,Farlowella Catfish (Twig Catfish),Farlowella acus,High,6.83,24.8,0.004,0.005,14.0,7.8,good,,,Keep weekly testing and regular water changes.,low,6.0,7.0,22.0,26.0,0.01,0.02,20.0,6.5
803,54,Fish,Farlowella Catfish (Twig Catfish),Farlowella acus,High,6.29,27.9,0.002,0.003,4.8,9.4,watch,Temperature,Temperature,Adjust the heater 1°C at a time. Increase surface movement if the tank is hot.,high,6.0,7.0,22.0,26.0,0.01,0.02,20.0,6.5
804,54,Fish,Farlowella Catfish (Twig Catfish),Farlowella acus,High,6.16,20.6,0.001,0.002,4.2,9.5,watch,Temperature,Temperature,Adjust the heater 1°C at a time. Increase surface movement if the tank is hot.,high,6.0,7.0,22.0,26.0,0.01,0.02,20.0,6.5
805,54,Fish,Farlowella Catfish (Twig Catfish),Farlowella acus,High,6.31,24.2,0.001,0.004,31.6,9.0,watch,Nitrate,Nitrate,"Do a 25–40% water change, vacuum the substrate, and add fast-growing plants.",medium,6.0,7.0,22.0,26.0,0.01,0.02,20.0,6.5
806,54,Fish,Farlowella Catfish (Twig Catfish),Farlowella acus,High,7.38,25.0,0.0,0.001,3.4,11.0,watch,pH,pH,Correct pH slowly with small water changes only. Move no more than 0.2 pH per day.,high,6.0,7.0,22.0,26.0,0.01,0.02,20.0,6.5
807,54,Fish,Farlowella Catfish (Twig Catfish),Farlowella acus,High,6.51,24.2,0.12,0.002,3.4,3.4,critical,"Ammonia, DissolvedO2",Ammonia,Do a 40–50% water change with dechlorinated water. Pause feeding 24 hours and add beneficial bacteria.,critical,6.0,7.0,22.0,26.0,0.01,0.02,20.0,6.5
808,54,Fish,Farlowella Catfish (Twig Catfish),Farlowella acus,High,6.36,24.9,0.12,0.001,4.2,2.2,critical,"Ammonia, DissolvedO2",Ammonia,Do a 40–50% water change with dechlorinated water. Pause feeding 24 hours and add beneficial bacteria.,critical,6.0,7.0,22.0,26.0,0.01,0.02,20.0,6.5
809,54,Fish,Farlowella Catfish (Twig Catfish),Farlowella acus,High,6.18,23.0,0.369,0.88,6.4,8.9,critical,"Ammonia, Nitrite",Ammonia,Do a 40–50% water change with dechlorinated water. Pause feeding 24 hours and add beneficial bacteria.,critical,6.0,7.0,22.0,26.0,0.01,0.02,20.0,6.5
810,54,Fish,Farlowella Catfish (Twig Catfish),Farlowella acus,High,6.27,24.8,0.12,0.002,3.4,1.9,critical,"Ammonia, DissolvedO2",Ammonia,Do a 40–50% water change with dechlorinated water. Pause feeding 24 hours and add beneficial bacteria.,critical,6.0,7.0,22.0,26.0,0.01,0.02,20.0,6.5
811,55,Fish,Peppered Corydoras,Corydoras paleatus,Low,7.21,18.9,0.004,0.002,5.9,11.1,excellent,,,Keep weekly testing and regular water changes.,low,6.0,7.5,18.0,23.0,0.02,0.02,20.0,6.5
812,55,Fish,Peppered Corydoras,Corydoras paleatus,Low,6.12,21.6,0.0,0.003,6.0,8.5,excellent,,,Keep weekly testing and regular water changes.,low,6.0,7.5,18.0,23.0,0.02,0.02,20.0,6.5
813,55,Fish,Peppered Corydoras,Corydoras paleatus,Low,7.2,18.7,0.001,0.003,5.6,11.2,excellent,,,Keep weekly testing and regular water changes.,low,6.0,7.5,18.0,23.0,0.02,0.02,20.0,6.5
814,55,Fish,Peppered Corydoras,Corydoras paleatus,Low,6.93,21.0,0.001,0.001,8.2,8.6,excellent,,,Keep weekly testing and regular water changes.,low,6.0,7.5,18.0,23.0,0.02,0.02,20.0,6.5
815,55,Fish,Peppered Corydoras,Corydoras paleatus,Low,6.79,19.4,0.01,0.008,17.8,7.9,good,,,Keep weekly testing and regular water changes.,low,6.0,7.5,18.0,23.0,0.02,0.02,20.0,6.5
816,55,Fish,Peppered Corydoras,Corydoras paleatus,Low,7.29,19.5,0.012,0.0,17.5,7.2,good,,,Keep weekly testing and regular water changes.,low,6.0,7.5,18.0,23.0,0.02,0.02,20.0,6.5
817,55,Fish,Peppered Corydoras,Corydoras paleatus,Low,6.84,18.9,0.015,0.011,18.3,6.8,good,,,Keep weekly testing and regular water changes.,low,6.0,7.5,18.0,23.0,0.02,0.02,20.0,6.5
818,55,Fish,Peppered Corydoras,Corydoras paleatus,Low,7.81,19.5,0.001,0.001,4.6,10.1,watch,pH,pH,Correct pH slowly with small water changes only. Move no more than 0.2 pH per day.,high,6.0,7.5,18.0,23.0,0.02,0.02,20.0,6.5
819,55,Fish,Peppered Corydoras,Corydoras paleatus,Low,5.84,21.8,0.003,0.002,4.0,11.0,watch,pH,pH,Correct pH slowly with small water changes only. Move no more than 0.2 pH per day.,high,6.0,7.5,18.0,23.0,0.02,0.02,20.0,6.5
820,55,Fish,Peppered Corydoras,Corydoras paleatus,Low,5.69,18.8,0.003,0.001,6.6,9.4,watch,pH,pH,Correct pH slowly with small water changes only. Move no more than 0.2 pH per day.,high,6.0,7.5,18.0,23.0,0.02,0.02,20.0,6.5
821,55,Fish,Peppered Corydoras,Corydoras paleatus,Low,6.14,24.4,0.003,0.002,3.6,10.5,watch,Temperature,Temperature,Adjust the heater 1°C at a time. Increase surface movement if the tank is hot.,high,6.0,7.5,18.0,23.0,0.02,0.02,20.0,6.5
822,55,Fish,Peppered Corydoras,Corydoras paleatus,Low,6.1,19.2,0.394,1.405,6.8,9.1,critical,"Ammonia, Nitrite",Ammonia,Do a 40–50% water change with dechlorinated water. Pause feeding 24 hours and add beneficial bacteria.,critical,6.0,7.5,18.0,23.0,0.02,0.02,20.0,6.5
823,55,Fish,Peppered Corydoras,Corydoras paleatus,Low,7.15,20.1,0.614,2.437,86.6,11.5,critical,"Ammonia, Nitrite, Nitrate",Ammonia,Do a 40–50% water change with dechlorinated water. Pause feeding 24 hours and add beneficial bacteria.,critical,6.0,7.5,18.0,23.0,0.02,0.02,20.0,6.5
824,55,Fish,Peppered Corydoras,Corydoras paleatus,Low,6.29,21.1,0.12,0.002,7.5,2.5,critical,"Ammonia, DissolvedO2",Ammonia,Do a 40–50% water change with dechlorinated water. Pause feeding 24 hours and add beneficial bacteria.,critical,6.0,7.5,18.0,23.0,0.02,0.02,20.0,6.5
825,55,Fish,Peppered Corydoras,Corydoras paleatus,Low,6.14,20.0,0.12,0.002,3.8,4.2,critical,"Ammonia, DissolvedO2",Ammonia,Do a 40–50% water change with dechlorinated water. Pause feeding 24 hours and add beneficial bacteria.,critical,6.0,7.5,18.0,23.0,0.02,0.02,20.0,6.5
826,56,Fish,Betta (Siamese Fighting Fish),Betta splendens,Low,7.3,26.2,0.002,0.002,7.4,11.0,excellent,,,Keep weekly testing and regular water changes.,low,6.0,7.5,24.0,28.0,0.02,0.02,20.0,5.5
827,56,Fish,Betta (Siamese Fighting Fish),Betta splendens,Low,7.18,25.9,0.0,0.002,4.0,7.6,excellent,,,Keep weekly testing and regular water changes.,low,6.0,7.5,24.0,28.0,0.02,0.02,20.0,5.5
828,56,Fish,Betta (Siamese Fighting Fish),Betta splendens,Low,6.75,26.4,0.003,0.003,7.7,10.6,excellent,,,Keep weekly testing and regular water changes.,low,6.0,7.5,24.0,28.0,0.02,0.02,20.0,5.5
829,56,Fish,Betta (Siamese Fighting Fish),Betta splendens,Low,7.02,24.6,0.003,0.0,3.5,8.0,excellent,,,Keep weekly testing and regular water changes.,low,6.0,7.5,24.0,28.0,0.02,0.02,20.0,5.5
830,56,Fish,Betta (Siamese Fighting Fish),Betta splendens,Low,7.22,26.9,0.016,0.014,18.4,5.9,good,,,Keep weekly testing and regular water changes.,low,6.0,7.5,24.0,28.0,0.02,0.02,20.0,5.5
831,56,Fish,Betta (Siamese Fighting Fish),Betta splendens,Low,7.3,27.3,0.016,0.002,13.7,7.2,good,,,Keep weekly testing and regular water changes.,low,6.0,7.5,24.0,28.0,0.02,0.02,20.0,5.5
832,56,Fish,Betta (Siamese Fighting Fish),Betta splendens,Low,6.27,25.5,0.012,0.002,13.1,7.3,good,,,Keep weekly testing and regular water changes.,low,6.0,7.5,24.0,28.0,0.02,0.02,20.0,5.5
833,56,Fish,Betta (Siamese Fighting Fish),Betta splendens,Low,7.25,27.2,0.001,0.001,31.6,9.2,watch,Nitrate,Nitrate,"Do a 25–40% water change, vacuum the substrate, and add fast-growing plants.",medium,6.0,7.5,24.0,28.0,0.02,0.02,20.0,5.5
834,56,Fish,Betta (Siamese Fighting Fish),Betta splendens,Low,7.85,26.1,0.002,0.002,3.7,8.4,watch,pH,pH,Correct pH slowly with small water changes only. Move no more than 0.2 pH per day.,high,6.0,7.5,24.0,28.0,0.02,0.02,20.0,5.5
835,56,Fish,Betta (Siamese Fighting Fish),Betta splendens,Low,6.66,26.1,0.042,0.001,3.3,7.5,watch,Ammonia,Ammonia,Do a 40–50% water change with dechlorinated water. Pause feeding 24 hours and add beneficial bacteria.,critical,6.0,7.5,24.0,28.0,0.02,0.02,20.0,5.5
836,56,Fish,Betta (Siamese Fighting Fish),Betta splendens,Low,7.78,27.1,0.003,0.002,4.0,9.0,watch,pH,pH,Correct pH slowly with small water changes only. Move no more than 0.2 pH per day.,high,6.0,7.5,24.0,28.0,0.02,0.02,20.0,5.5
837,56,Fish,Betta (Siamese Fighting Fish),Betta splendens,Low,7.25,26.0,0.161,0.661,3.9,11.2,critical,"Ammonia, Nitrite",Ammonia,Do a 40–50% water change with dechlorinated water. Pause feeding 24 hours and add beneficial bacteria.,critical,6.0,7.5,24.0,28.0,0.02,0.02,20.0,5.5
838,56,Fish,Betta (Siamese Fighting Fish),Betta splendens,Low,7.17,26.1,0.313,0.406,3.6,11.0,critical,"Ammonia, Nitrite",Ammonia,Do a 40–50% water change with dechlorinated water. Pause feeding 24 hours and add beneficial bacteria.,critical,6.0,7.5,24.0,28.0,0.02,0.02,20.0,5.5
839,56,Fish,Betta (Siamese Fighting Fish),Betta splendens,Low,6.85,24.8,0.34,5.74,48.6,8.3,critical,"Ammonia, Nitrite, Nitrate",Ammonia,Do a 40–50% water change with dechlorinated water. Pause feeding 24 hours and add beneficial bacteria.,critical,6.0,7.5,24.0,28.0,0.02,0.02,20.0,5.5
840,56,Fish,Betta (Siamese Fighting Fish),Betta splendens,Low,9.2,37.2,0.004,0.001,3.5,9.6,critical,"pH, Temperature",pH,Correct pH slowly with small water changes only. Move no more than 0.2 pH per day.,critical,6.0,7.5,24.0,28.0,0.02,0.02,20.0,5.5
841,57,Fish,Dwarf Gourami,Trichogaster lalius,Low,7.2,24.7,0.004,0.004,3.9,9.1,excellent,,,Keep weekly testing and regular water changes.,low,6.0,7.5,22.0,28.0,0.02,0.02,20.0,5.8
842,57,Fish,Dwarf Gourami,Trichogaster lalius,Low,6.88,23.0,0.002,0.001,8.2,9.2,excellent,,,Keep weekly testing and regular water changes.,low,6.0,7.5,22.0,28.0,0.02,0.02,20.0,5.8
843,57,Fish,Dwarf Gourami,Trichogaster lalius,Low,7.1,24.5,0.001,0.003,3.2,7.8,excellent,,,Keep weekly testing and regular water changes.,low,6.0,7.5,22.0,28.0,0.02,0.02,20.0,5.8
844,57,Fish,Dwarf Gourami,Trichogaster lalius,Low,6.57,25.9,0.001,0.0,4.9,8.6,excellent,,,Keep weekly testing and regular water changes.,low,6.0,7.5,22.0,28.0,0.02,0.02,20.0,5.8
845,57,Fish,Dwarf Gourami,Trichogaster lalius,Low,6.03,25.2,0.008,0.004,16.8,7.2,good,,,Keep weekly testing and regular water changes.,low,6.0,7.5,22.0,28.0,0.02,0.02,20.0,5.8
846,57,Fish,Dwarf Gourami,Trichogaster lalius,Low,6.4,24.0,0.009,0.013,14.1,6.3,good,,,Keep weekly testing and regular water changes.,low,6.0,7.5,22.0,28.0,0.02,0.02,20.0,5.8
847,57,Fish,Dwarf Gourami,Trichogaster lalius,Low,6.67,23.2,0.009,0.001,16.8,7.0,good,,,Keep weekly testing and regular water changes.,low,6.0,7.5,22.0,28.0,0.02,0.02,20.0,5.8
848,57,Fish,Dwarf Gourami,Trichogaster lalius,Low,5.72,26.3,0.001,0.004,7.0,10.8,watch,pH,pH,Correct pH slowly with small water changes only. Move no more than 0.2 pH per day.,high,6.0,7.5,22.0,28.0,0.02,0.02,20.0,5.8
849,57,Fish,Dwarf Gourami,Trichogaster lalius,Low,6.46,24.6,0.0,0.002,33.2,7.6,watch,Nitrate,Nitrate,"Do a 25–40% water change, vacuum the substrate, and add fast-growing plants.",medium,6.0,7.5,22.0,28.0,0.02,0.02,20.0,5.8
850,57,Fish,Dwarf Gourami,Trichogaster lalius,Low,7.0,20.4,0.001,0.002,7.8,10.2,watch,Temperature,Temperature,Adjust the heater 1°C at a time. Increase surface movement if the tank is hot.,high,6.0,7.5,22.0,28.0,0.02,0.02,20.0,5.8
851,57,Fish,Dwarf Gourami,Trichogaster lalius,Low,6.54,20.5,0.004,0.002,5.2,9.3,watch,Temperature,Temperature,Adjust the heater 1°C at a time. Increase surface movement if the tank is hot.,high,6.0,7.5,22.0,28.0,0.02,0.02,20.0,5.8
852,57,Fish,Dwarf Gourami,Trichogaster lalius,Low,7.41,26.0,0.438,6.274,81.3,7.7,critical,"Ammonia, Nitrite, Nitrate",Ammonia,Do a 40–50% water change with dechlorinated water. Pause feeding 24 hours and add beneficial bacteria.,critical,6.0,7.5,22.0,28.0,0.02,0.02,20.0,5.8
853,57,Fish,Dwarf Gourami,Trichogaster lalius,Low,7.06,26.1,0.12,0.002,6.4,1.7,critical,"Ammonia, DissolvedO2",Ammonia,Do a 40–50% water change with dechlorinated water. Pause feeding 24 hours and add beneficial bacteria.,critical,6.0,7.5,22.0,28.0,0.02,0.02,20.0,5.8
854,57,Fish,Dwarf Gourami,Trichogaster lalius,Low,6.34,24.9,0.798,7.434,72.8,8.2,critical,"Ammonia, Nitrite, Nitrate",Ammonia,Do a 40–50% water change with dechlorinated water. Pause feeding 24 hours and add beneficial bacteria.,critical,6.0,7.5,22.0,28.0,0.02,0.02,20.0,5.8
855,57,Fish,Dwarf Gourami,Trichogaster lalius,Low,10.18,15.0,0.001,0.003,5.3,8.8,critical,"pH, Temperature",pH,Correct pH slowly with small water changes only. Move no more than 0.2 pH per day.,critical,6.0,7.5,22.0,28.0,0.02,0.02,20.0,5.8
856,58,Fish,Pearl Gourami,Trichopodus leerii,Low,6.88,26.0,0.001,0.002,6.8,8.4,excellent,,,Keep weekly testing and regular water changes.,low,6.0,7.5,25.0,28.0,0.02,0.02,20.0,5.8
857,58,Fish,Pearl Gourami,Trichopodus leerii,Low,6.66,26.4,0.001,0.002,4.0,9.6,excellent,,,Keep weekly testing and regular water changes.,low,6.0,7.5,25.0,28.0,0.02,0.02,20.0,5.8
858,58,Fish,Pearl Gourami,Trichopodus leerii,Low,6.23,26.5,0.001,0.002,5.5,11.2,excellent,,,Keep weekly testing and regular water changes.,low,6.0,7.5,25.0,28.0,0.02,0.02,20.0,5.8
859,58,Fish,Pearl Gourami,Trichopodus leerii,Low,6.74,27.1,0.001,0.001,3.6,9.3,excellent,,,Keep weekly testing and regular water changes.,low,6.0,7.5,25.0,28.0,0.02,0.02,20.0,5.8
860,58,Fish,Pearl Gourami,Trichopodus leerii,Low,7.0,27.4,0.013,0.009,14.1,6.1,good,,,Keep weekly testing and regular water changes.,low,6.0,7.5,25.0,28.0,0.02,0.02,20.0,5.8
861,58,Fish,Pearl Gourami,Trichopodus leerii,Low,7.18,25.6,0.008,0.013,18.8,7.0,good,,,Keep weekly testing and regular water changes.,low,6.0,7.5,25.0,28.0,0.02,0.02,20.0,5.8
862,58,Fish,Pearl Gourami,Trichopodus leerii,Low,6.57,27.4,0.009,0.006,15.1,7.5,good,,,Keep weekly testing and regular water changes.,low,6.0,7.5,25.0,28.0,0.02,0.02,20.0,5.8
863,58,Fish,Pearl Gourami,Trichopodus leerii,Low,7.31,28.9,0.0,0.002,4.5,11.1,watch,Temperature,Temperature,Adjust the heater 1°C at a time. Increase surface movement if the tank is hot.,high,6.0,7.5,25.0,28.0,0.02,0.02,20.0,5.8
864,58,Fish,Pearl Gourami,Trichopodus leerii,Low,7.66,26.4,0.003,0.0,7.4,7.7,watch,pH,pH,Correct pH slowly with small water changes only. Move no more than 0.2 pH per day.,high,6.0,7.5,25.0,28.0,0.02,0.02,20.0,5.8
865,58,Fish,Pearl Gourami,Trichopodus leerii,Low,6.7,23.1,0.002,0.0,3.4,10.5,watch,Temperature,Temperature,Adjust the heater 1°C at a time. Increase surface movement if the tank is hot.,high,6.0,7.5,25.0,28.0,0.02,0.02,20.0,5.8
866,58,Fish,Pearl Gourami,Trichopodus leerii,Low,5.56,25.7,0.003,0.001,5.2,7.9,watch,pH,pH,Correct pH slowly with small water changes only. Move no more than 0.2 pH per day.,high,6.0,7.5,25.0,28.0,0.02,0.02,20.0,5.8
867,58,Fish,Pearl Gourami,Trichopodus leerii,Low,6.83,26.5,0.358,6.901,99.5,10.5,critical,"Ammonia, Nitrite, Nitrate",Ammonia,Do a 40–50% water change with dechlorinated water. Pause feeding 24 hours and add beneficial bacteria.,critical,6.0,7.5,25.0,28.0,0.02,0.02,20.0,5.8
868,58,Fish,Pearl Gourami,Trichopodus leerii,Low,7.15,27.0,0.394,4.247,73.7,8.4,critical,"Ammonia, Nitrite, Nitrate",Ammonia,Do a 40–50% water change with dechlorinated water. Pause feeding 24 hours and add beneficial bacteria.,critical,6.0,7.5,25.0,28.0,0.02,0.02,20.0,5.8
869,58,Fish,Pearl Gourami,Trichopodus leerii,Low,7.05,25.8,0.383,6.499,97.4,10.4,critical,"Ammonia, Nitrite, Nitrate",Ammonia,Do a 40–50% water change with dechlorinated water. Pause feeding 24 hours and add beneficial bacteria.,critical,6.0,7.5,25.0,28.0,0.02,0.02,20.0,5.8
870,58,Fish,Pearl Gourami,Trichopodus leerii,Low,7.01,26.5,0.346,0.993,5.7,10.0,critical,"Ammonia, Nitrite",Ammonia,Do a 40–50% water change with dechlorinated water. Pause feeding 24 hours and add beneficial bacteria.,critical,6.0,7.5,25.0,28.0,0.02,0.02,20.0,5.8
871,59,Fish,Honey Gourami,Trichogaster chuna,Low,7.24,24.9,0.002,0.001,7.6,9.9,excellent,,,Keep weekly testing and regular water changes.,low,6.0,7.5,24.0,28.0,0.02,0.02,20.0,5.8
872,59,Fish,Honey Gourami,Trichogaster chuna,Low,6.62,25.3,0.002,0.004,5.8,9.5,excellent,,,Keep weekly testing and regular water changes.,low,6.0,7.5,24.0,28.0,0.02,0.02,20.0,5.8
873,59,Fish,Honey Gourami,Trichogaster chuna,Low,7.08,25.7,0.002,0.001,4.0,10.5,excellent,,,Keep weekly testing and regular water changes.,low,6.0,7.5,24.0,28.0,0.02,0.02,20.0,5.8
874,59,Fish,Honey Gourami,Trichogaster chuna,Low,7.25,27.1,0.004,0.002,4.7,10.2,excellent,,,Keep weekly testing and regular water changes.,low,6.0,7.5,24.0,28.0,0.02,0.02,20.0,5.8
875,59,Fish,Honey Gourami,Trichogaster chuna,Low,7.41,26.8,0.012,0.01,17.6,7.5,good,,,Keep weekly testing and regular water changes.,low,6.0,7.5,24.0,28.0,0.02,0.02,20.0,5.8
876,59,Fish,Honey Gourami,Trichogaster chuna,Low,7.13,25.8,0.01,0.007,15.0,7.5,good,,,Keep weekly testing and regular water changes.,low,6.0,7.5,24.0,28.0,0.02,0.02,20.0,5.8
877,59,Fish,Honey Gourami,Trichogaster chuna,Low,6.76,25.9,0.01,0.009,16.1,6.2,good,,,Keep weekly testing and regular water changes.,low,6.0,7.5,24.0,28.0,0.02,0.02,20.0,5.8
878,59,Fish,Honey Gourami,Trichogaster chuna,Low,7.24,28.9,0.002,0.001,6.1,10.4,watch,Temperature,Temperature,Adjust the heater 1°C at a time. Increase surface movement if the tank is hot.,high,6.0,7.5,24.0,28.0,0.02,0.02,20.0,5.8
879,59,Fish,Honey Gourami,Trichogaster chuna,Low,7.38,26.6,0.034,0.001,4.7,11.1,watch,Ammonia,Ammonia,Do a 40–50% water change with dechlorinated water. Pause feeding 24 hours and add beneficial bacteria.,critical,6.0,7.5,24.0,28.0,0.02,0.02,20.0,5.8
880,59,Fish,Honey Gourami,Trichogaster chuna,Low,5.75,26.6,0.003,0.003,7.1,8.3,watch,pH,pH,Correct pH slowly with small water changes only. Move no more than 0.2 pH per day.,high,6.0,7.5,24.0,28.0,0.02,0.02,20.0,5.8
881,59,Fish,Honey Gourami,Trichogaster chuna,Low,6.25,27.3,0.029,0.001,6.5,8.9,watch,Ammonia,Ammonia,Do a 40–50% water change with dechlorinated water. Pause feeding 24 hours and add beneficial bacteria.,critical,6.0,7.5,24.0,28.0,0.02,0.02,20.0,5.8
882,59,Fish,Honey Gourami,Trichogaster chuna,Low,6.89,26.7,0.83,2.35,45.1,10.9,critical,"Ammonia, Nitrite, Nitrate",Ammonia,Do a 40–50% water change with dechlorinated water. Pause feeding 24 hours and add beneficial bacteria.,critical,6.0,7.5,24.0,28.0,0.02,0.02,20.0,5.8
883,59,Fish,Honey Gourami,Trichogaster chuna,Low,6.34,26.6,0.165,1.64,6.6,8.4,critical,"Ammonia, Nitrite",Ammonia,Do a 40–50% water change with dechlorinated water. Pause feeding 24 hours and add beneficial bacteria.,critical,6.0,7.5,24.0,28.0,0.02,0.02,20.0,5.8
884,59,Fish,Honey Gourami,Trichogaster chuna,Low,6.66,27.3,0.737,0.93,5.5,8.4,critical,"Ammonia, Nitrite",Ammonia,Do a 40–50% water change with dechlorinated water. Pause feeding 24 hours and add beneficial bacteria.,critical,6.0,7.5,24.0,28.0,0.02,0.02,20.0,5.8
885,59,Fish,Honey Gourami,Trichogaster chuna,Low,6.79,26.5,0.364,3.567,70.7,8.1,critical,"Ammonia, Nitrite, Nitrate",Ammonia,Do a 40–50% water change with dechlorinated water. Pause feeding 24 hours and add beneficial bacteria.,critical,6.0,7.5,24.0,28.0,0.02,0.02,20.0,5.8
886,60,Fish,Blue Gourami,Trichopodus trichopterus,Low,6.84,25.3,0.0,0.004,6.3,9.2,excellent,,,Keep weekly testing and regular water changes.,low,6.0,8.0,23.0,28.0,0.02,0.02,20.0,5.9
887,60,Fish,Blue Gourami,Trichopodus trichopterus,Low,7.01,24.8,0.003,0.002,5.8,11.3,excellent,,,Keep weekly testing and regular water changes.,low,6.0,8.0,23.0,28.0,0.02,0.02,20.0,5.9
888,60,Fish,Blue Gourami,Trichopodus trichopterus,Low,7.62,26.7,0.001,0.001,6.8,9.5,excellent,,,Keep weekly testing and regular water changes.,low,6.0,8.0,23.0,28.0,0.02,0.02,20.0,5.9
889,60,Fish,Blue Gourami,Trichopodus trichopterus,Low,7.34,26.5,0.001,0.001,5.8,8.8,excellent,,,Keep weekly testing and regular water changes.,low,6.0,8.0,23.0,28.0,0.02,0.02,20.0,5.9
890,60,Fish,Blue Gourami,Trichopodus trichopterus,Low,7.33,26.7,0.012,0.01,16.1,7.2,good,,,Keep weekly testing and regular water changes.,low,6.0,8.0,23.0,28.0,0.02,0.02,20.0,5.9
891,60,Fish,Blue Gourami,Trichopodus trichopterus,Low,6.46,26.6,0.014,0.004,16.3,7.5,good,,,Keep weekly testing and regular water changes.,low,6.0,8.0,23.0,28.0,0.02,0.02,20.0,5.9
892,60,Fish,Blue Gourami,Trichopodus trichopterus,Low,6.51,26.6,0.017,0.012,15.4,7.1,good,,,Keep weekly testing and regular water changes.,low,6.0,8.0,23.0,28.0,0.02,0.02,20.0,5.9
893,60,Fish,Blue Gourami,Trichopodus trichopterus,Low,7.9,29.5,0.0,0.0,7.3,9.4,watch,Temperature,Temperature,Adjust the heater 1°C at a time. Increase surface movement if the tank is hot.,high,6.0,8.0,23.0,28.0,0.02,0.02,20.0,5.9
894,60,Fish,Blue Gourami,Trichopodus trichopterus,Low,5.76,25.4,0.003,0.003,8.3,11.2,watch,pH,pH,Correct pH slowly with small water changes only. Move no more than 0.2 pH per day.,high,6.0,8.0,23.0,28.0,0.02,0.02,20.0,5.9
895,60,Fish,Blue Gourami,Trichopodus trichopterus,Low,7.29,20.8,0.004,0.001,6.7,11.0,watch,Temperature,Temperature,Adjust the heater 1°C at a time. Increase surface movement if the tank is hot.,high,6.0,8.0,23.0,28.0,0.02,0.02,20.0,5.9
896,60,Fish,Blue Gourami,Trichopodus trichopterus,Low,8.28,25.3,0.002,0.001,6.2,11.3,watch,pH,pH,Correct pH slowly with small water changes only. Move no more than 0.2 pH per day.,high,6.0,8.0,23.0,28.0,0.02,0.02,20.0,5.9
897,60,Fish,Blue Gourami,Trichopodus trichopterus,Low,7.15,26.9,0.12,0.0,8.1,2.7,critical,"Ammonia, DissolvedO2",Ammonia,Do a 40–50% water change with dechlorinated water. Pause feeding 24 hours and add beneficial bacteria.,critical,6.0,8.0,23.0,28.0,0.02,0.02,20.0,5.9
898,60,Fish,Blue Gourami,Trichopodus trichopterus,Low,7.53,24.2,0.12,0.003,4.0,3.1,critical,"Ammonia, DissolvedO2",Ammonia,Do a 40–50% water change with dechlorinated water. Pause feeding 24 hours and add beneficial bacteria.,critical,6.0,8.0,23.0,28.0,0.02,0.02,20.0,5.9
899,60,Fish,Blue Gourami,Trichopodus trichopterus,Low,7.28,24.4,0.563,3.226,100.0,7.9,critical,"Ammonia, Nitrite, Nitrate",Ammonia,Do a 40–50% water change with dechlorinated water. Pause feeding 24 hours and add beneficial bacteria.,critical,6.0,8.0,23.0,28.0,0.02,0.02,20.0,5.9
900,60,Fish,Blue Gourami,Trichopodus trichopterus,Low,6.13,25.5,0.193,1.113,8.4,10.4,critical,"Ammonia, Nitrite",Ammonia,Do a 40–50% water change with dechlorinated water. Pause feeding 24 hours and add beneficial bacteria.,critical,6.0,8.0,23.0,28.0,0.02,0.02,20.0,5.9
901,61,Fish,Chocolate Gourami,Sphaerichthys osphromenoides,High,4.48,25.9,0.001,0.001,3.5,11.1,excellent,,,Keep weekly testing and regular water changes.,low,4.0,6.5,25.0,29.0,0.01,0.01,10.0,5.5
902,61,Fish,Chocolate Gourami,Sphaerichthys osphromenoides,High,4.66,28.2,0.001,0.001,3.8,7.5,excellent,,,Keep weekly testing and regular water changes.,low,4.0,6.5,25.0,29.0,0.01,0.01,10.0,5.5
903,61,Fish,Chocolate Gourami,Sphaerichthys osphromenoides,High,5.39,27.6,0.001,0.002,2.2,10.9,excellent,,,Keep weekly testing and regular water changes.,low,4.0,6.5,25.0,29.0,0.01,0.01,10.0,5.5
904,61,Fish,Chocolate Gourami,Sphaerichthys osphromenoides,High,4.26,26.0,0.001,0.002,2.0,11.1,excellent,,,Keep weekly testing and regular water changes.,low,4.0,6.5,25.0,29.0,0.01,0.01,10.0,5.5
905,61,Fish,Chocolate Gourami,Sphaerichthys osphromenoides,High,4.59,26.8,0.005,0.001,9.3,6.4,good,,,Keep weekly testing and regular water changes.,low,4.0,6.5,25.0,29.0,0.01,0.01,10.0,5.5
906,61,Fish,Chocolate Gourami,Sphaerichthys osphromenoides,High,5.72,27.3,0.006,0.004,9.2,6.8,good,,,Keep weekly testing and regular water changes.,low,4.0,6.5,25.0,29.0,0.01,0.01,10.0,5.5
907,61,Fish,Chocolate Gourami,Sphaerichthys osphromenoides,High,5.33,27.5,0.007,0.003,8.4,6.4,good,,,Keep weekly testing and regular water changes.,low,4.0,6.5,25.0,29.0,0.01,0.01,10.0,5.5
908,61,Fish,Chocolate Gourami,Sphaerichthys osphromenoides,High,3.68,28.3,0.002,0.002,3.2,10.5,watch,pH,pH,Correct pH slowly with small water changes only. Move no more than 0.2 pH per day.,high,4.0,6.5,25.0,29.0,0.01,0.01,10.0,5.5
909,61,Fish,Chocolate Gourami,Sphaerichthys osphromenoides,High,3.61,25.6,0.002,0.002,2.9,8.4,watch,pH,pH,Correct pH slowly with small water changes only. Move no more than 0.2 pH per day.,high,4.0,6.5,25.0,29.0,0.01,0.01,10.0,5.5
910,61,Fish,Chocolate Gourami,Sphaerichthys osphromenoides,High,5.1,30.6,0.002,0.001,2.2,8.4,watch,Temperature,Temperature,Adjust the heater 1°C at a time. Increase surface movement if the tank is hot.,high,4.0,6.5,25.0,29.0,0.01,0.01,10.0,5.5
911,61,Fish,Chocolate Gourami,Sphaerichthys osphromenoides,High,7.0,25.9,0.001,0.0,3.5,7.8,watch,pH,pH,Correct pH slowly with small water changes only. Move no more than 0.2 pH per day.,high,4.0,6.5,25.0,29.0,0.01,0.01,10.0,5.5
912,61,Fish,Chocolate Gourami,Sphaerichthys osphromenoides,High,4.6,25.9,0.968,0.563,2.3,9.5,critical,"Ammonia, Nitrite",Ammonia,Do a 40–50% water change with dechlorinated water. Pause feeding 24 hours and add beneficial bacteria.,critical,4.0,6.5,25.0,29.0,0.01,0.01,10.0,5.5
913,61,Fish,Chocolate Gourami,Sphaerichthys osphromenoides,High,5.04,28.0,0.132,1.077,3.7,8.5,critical,"Ammonia, Nitrite",Ammonia,Do a 40–50% water change with dechlorinated water. Pause feeding 24 hours and add beneficial bacteria.,critical,4.0,6.5,25.0,29.0,0.01,0.01,10.0,5.5
914,61,Fish,Chocolate Gourami,Sphaerichthys osphromenoides,High,4.11,28.1,0.12,0.001,2.1,1.5,critical,"Ammonia, DissolvedO2",Ammonia,Do a 40–50% water change with dechlorinated water. Pause feeding 24 hours and add beneficial bacteria.,critical,4.0,6.5,25.0,29.0,0.01,0.01,10.0,5.5
915,61,Fish,Chocolate Gourami,Sphaerichthys osphromenoides,High,6.14,27.2,0.12,0.001,1.9,2.9,critical,"Ammonia, DissolvedO2",Ammonia,Do a 40–50% water change with dechlorinated water. Pause feeding 24 hours and add beneficial bacteria.,critical,4.0,6.5,25.0,29.0,0.01,0.01,10.0,5.5
916,62,Fish,Paradise Fish,Macropodus opercularis,Low,6.79,15.8,0.003,0.001,5.0,10.1,excellent,,,Keep weekly testing and regular water changes.,low,6.0,8.0,15.0,25.0,0.02,0.02,20.0,5.8
917,62,Fish,Paradise Fish,Macropodus opercularis,Low,6.26,16.2,0.0,0.004,4.8,10.2,excellent,,,Keep weekly testing and regular water changes.,low,6.0,8.0,15.0,25.0,0.02,0.02,20.0,5.8
918,62,Fish,Paradise Fish,Macropodus opercularis,Low,7.9,21.5,0.002,0.002,5.2,10.0,excellent,,,Keep weekly testing and regular water changes.,low,6.0,8.0,15.0,25.0,0.02,0.02,20.0,5.8
919,62,Fish,Paradise Fish,Macropodus opercularis,Low,7.84,22.5,0.002,0.001,7.8,8.1,excellent,,,Keep weekly testing and regular water changes.,low,6.0,8.0,15.0,25.0,0.02,0.02,20.0,5.8
920,62,Fish,Paradise Fish,Macropodus opercularis,Low,7.69,17.6,0.014,0.011,15.9,6.3,good,,,Keep weekly testing and regular water changes.,low,6.0,8.0,15.0,25.0,0.02,0.02,20.0,5.8
921,62,Fish,Paradise Fish,Macropodus opercularis,Low,7.68,18.7,0.01,0.007,15.6,7.1,good,,,Keep weekly testing and regular water changes.,low,6.0,8.0,15.0,25.0,0.02,0.02,20.0,5.8
922,62,Fish,Paradise Fish,Macropodus opercularis,Low,6.29,19.4,0.016,0.001,15.7,7.1,good,,,Keep weekly testing and regular water changes.,low,6.0,8.0,15.0,25.0,0.02,0.02,20.0,5.8
923,62,Fish,Paradise Fish,Macropodus opercularis,Low,7.71,20.8,0.003,0.001,29.1,11.4,watch,Nitrate,Nitrate,"Do a 25–40% water change, vacuum the substrate, and add fast-growing plants.",medium,6.0,8.0,15.0,25.0,0.02,0.02,20.0,5.8
924,62,Fish,Paradise Fish,Macropodus opercularis,Low,6.95,19.6,0.033,0.004,7.5,9.4,watch,Ammonia,Ammonia,Do a 40–50% water change with dechlorinated water. Pause feeding 24 hours and add beneficial bacteria.,critical,6.0,8.0,15.0,25.0,0.02,0.02,20.0,5.8
925,62,Fish,Paradise Fish,Macropodus opercularis,Low,6.71,26.0,0.003,0.002,4.4,10.1,watch,Temperature,Temperature,Adjust the heater 1°C at a time. Increase surface movement if the tank is hot.,high,6.0,8.0,15.0,25.0,0.02,0.02,20.0,5.8
926,62,Fish,Paradise Fish,Macropodus opercularis,Low,6.92,19.9,0.03,0.002,6.4,8.2,watch,Ammonia,Ammonia,Do a 40–50% water change with dechlorinated water. Pause feeding 24 hours and add beneficial bacteria.,critical,6.0,8.0,15.0,25.0,0.02,0.02,20.0,5.8
927,62,Fish,Paradise Fish,Macropodus opercularis,Low,9.63,13.6,0.003,0.003,7.6,10.6,critical,"pH, Temperature",pH,Correct pH slowly with small water changes only. Move no more than 0.2 pH per day.,critical,6.0,8.0,15.0,25.0,0.02,0.02,20.0,5.8
928,62,Fish,Paradise Fish,Macropodus opercularis,Low,10.13,37.0,0.002,0.0,4.6,10.6,critical,"pH, Temperature",pH,Correct pH slowly with small water changes only. Move no more than 0.2 pH per day.,critical,6.0,8.0,15.0,25.0,0.02,0.02,20.0,5.8
929,62,Fish,Paradise Fish,Macropodus opercularis,Low,9.08,12.0,0.0,0.002,7.3,8.9,critical,"pH, Temperature",pH,Correct pH slowly with small water changes only. Move no more than 0.2 pH per day.,critical,6.0,8.0,15.0,25.0,0.02,0.02,20.0,5.8
930,62,Fish,Paradise Fish,Macropodus opercularis,Low,7.2,20.2,0.811,1.897,3.3,8.7,critical,"Ammonia, Nitrite",Ammonia,Do a 40–50% water change with dechlorinated water. Pause feeding 24 hours and add beneficial bacteria.,critical,6.0,8.0,15.0,25.0,0.02,0.02,20.0,5.8
931,63,Fish,Licorice Gourami,Parosphromenus deissneri,High,4.89,23.8,0.002,0.002,2.7,8.3,excellent,,,Keep weekly testing and regular water changes.,low,4.0,6.0,23.0,27.0,0.01,0.01,10.0,5.5
932,63,Fish,Licorice Gourami,Parosphromenus deissneri,High,4.16,25.3,0.002,0.001,2.4,10.1,excellent,,,Keep weekly testing and regular water changes.,low,4.0,6.0,23.0,27.0,0.01,0.01,10.0,5.5
933,63,Fish,Licorice Gourami,Parosphromenus deissneri,High,5.61,24.9,0.002,0.001,2.5,9.8,excellent,,,Keep weekly testing and regular water changes.,low,4.0,6.0,23.0,27.0,0.01,0.01,10.0,5.5
934,63,Fish,Licorice Gourami,Parosphromenus deissneri,High,4.94,26.3,0.001,0.001,2.6,9.7,excellent,,,Keep weekly testing and regular water changes.,low,4.0,6.0,23.0,27.0,0.01,0.01,10.0,5.5
935,63,Fish,Licorice Gourami,Parosphromenus deissneri,High,4.72,25.8,0.005,0.003,8.4,5.8,good,,,Keep weekly testing and regular water changes.,low,4.0,6.0,23.0,27.0,0.01,0.01,10.0,5.5
936,63,Fish,Licorice Gourami,Parosphromenus deissneri,High,5.3,25.0,0.006,0.005,8.8,7.1,good,,,Keep weekly testing and regular water changes.,low,4.0,6.0,23.0,27.0,0.01,0.01,10.0,5.5
937,63,Fish,Licorice Gourami,Parosphromenus deissneri,High,4.75,24.4,0.007,0.004,8.4,6.6,good,,,Keep weekly testing and regular water changes.,low,4.0,6.0,23.0,27.0,0.01,0.01,10.0,5.5
938,63,Fish,Licorice Gourami,Parosphromenus deissneri,High,3.72,24.1,0.001,0.0,2.7,10.2,watch,pH,pH,Correct pH slowly with small water changes only. Move no more than 0.2 pH per day.,high,4.0,6.0,23.0,27.0,0.01,0.01,10.0,5.5
939,63,Fish,Licorice Gourami,Parosphromenus deissneri,High,5.71,28.1,0.001,0.002,2.7,10.7,watch,Temperature,Temperature,Adjust the heater 1°C at a time. Increase surface movement if the tank is hot.,high,4.0,6.0,23.0,27.0,0.01,0.01,10.0,5.5
940,63,Fish,Licorice Gourami,Parosphromenus deissneri,High,4.61,22.0,0.0,0.001,2.1,10.0,watch,Temperature,Temperature,Adjust the heater 1°C at a time. Increase surface movement if the tank is hot.,high,4.0,6.0,23.0,27.0,0.01,0.01,10.0,5.5
941,63,Fish,Licorice Gourami,Parosphromenus deissneri,High,3.65,25.4,0.002,0.001,1.7,9.8,watch,pH,pH,Correct pH slowly with small water changes only. Move no more than 0.2 pH per day.,high,4.0,6.0,23.0,27.0,0.01,0.01,10.0,5.5
942,63,Fish,Licorice Gourami,Parosphromenus deissneri,High,4.11,26.0,0.958,1.031,2.9,10.0,critical,"Ammonia, Nitrite",Ammonia,Do a 40–50% water change with dechlorinated water. Pause feeding 24 hours and add beneficial bacteria.,critical,4.0,6.0,23.0,27.0,0.01,0.01,10.0,5.5
943,63,Fish,Licorice Gourami,Parosphromenus deissneri,High,5.29,14.4,0.001,0.002,3.9,10.3,critical,Temperature,Temperature,Adjust the heater 1°C at a time. Increase surface movement if the tank is hot.,critical,4.0,6.0,23.0,27.0,0.01,0.01,10.0,5.5
944,63,Fish,Licorice Gourami,Parosphromenus deissneri,High,4.49,24.8,0.12,0.002,4.2,2.2,critical,"Ammonia, DissolvedO2",Ammonia,Do a 40–50% water change with dechlorinated water. Pause feeding 24 hours and add beneficial bacteria.,critical,4.0,6.0,23.0,27.0,0.01,0.01,10.0,5.5
945,63,Fish,Licorice Gourami,Parosphromenus deissneri,High,4.34,24.5,0.12,0.001,2.2,1.8,critical,"Ammonia, DissolvedO2",Ammonia,Do a 40–50% water change with dechlorinated water. Pause feeding 24 hours and add beneficial bacteria.,critical,4.0,6.0,23.0,27.0,0.01,0.01,10.0,5.5
946,64,Fish,Kissing Gourami,Helostoma temminkii,Medium,7.75,23.0,0.001,0.002,5.0,9.7,excellent,,,Keep weekly testing and regular water changes.,low,6.0,8.0,22.0,28.0,0.02,0.02,20.0,5.9
947,64,Fish,Kissing Gourami,Helostoma temminkii,Medium,6.16,25.7,0.002,0.003,6.1,9.4,excellent,,,Keep weekly testing and regular water changes.,low,6.0,8.0,22.0,28.0,0.02,0.02,20.0,5.9
948,64,Fish,Kissing Gourami,Helostoma temminkii,Medium,6.72,23.7,0.002,0.0,4.9,10.3,excellent,,,Keep weekly testing and regular water changes.,low,6.0,8.0,22.0,28.0,0.02,0.02,20.0,5.9
949,64,Fish,Kissing Gourami,Helostoma temminkii,Medium,6.28,22.9,0.003,0.002,7.4,11.4,excellent,,,Keep weekly testing and regular water changes.,low,6.0,8.0,22.0,28.0,0.02,0.02,20.0,5.9
950,64,Fish,Kissing Gourami,Helostoma temminkii,Medium,7.9,24.6,0.01,0.009,16.8,7.1,good,,,Keep weekly testing and regular water changes.,low,6.0,8.0,22.0,28.0,0.02,0.02,20.0,5.9
951,64,Fish,Kissing Gourami,Helostoma temminkii,Medium,6.65,22.5,0.009,0.002,13.7,7.6,good,,,Keep weekly testing and regular water changes.,low,6.0,8.0,22.0,28.0,0.02,0.02,20.0,5.9
952,64,Fish,Kissing Gourami,Helostoma temminkii,Medium,6.05,25.6,0.016,0.005,16.2,7.2,good,,,Keep weekly testing and regular water changes.,low,6.0,8.0,22.0,28.0,0.02,0.02,20.0,5.9
953,64,Fish,Kissing Gourami,Helostoma temminkii,Medium,6.66,19.9,0.003,0.003,7.4,11.6,watch,Temperature,Temperature,Adjust the heater 1°C at a time. Increase surface movement if the tank is hot.,high,6.0,8.0,22.0,28.0,0.02,0.02,20.0,5.9
954,64,Fish,Kissing Gourami,Helostoma temminkii,Medium,7.19,30.1,0.003,0.003,7.8,9.1,watch,Temperature,Temperature,Adjust the heater 1°C at a time. Increase surface movement if the tank is hot.,high,6.0,8.0,22.0,28.0,0.02,0.02,20.0,5.9
955,64,Fish,Kissing Gourami,Helostoma temminkii,Medium,6.6,20.9,0.003,0.003,5.4,9.7,watch,Temperature,Temperature,Adjust the heater 1°C at a time. Increase surface movement if the tank is hot.,high,6.0,8.0,22.0,28.0,0.02,0.02,20.0,5.9
956,64,Fish,Kissing Gourami,Helostoma temminkii,Medium,6.56,29.9,0.001,0.004,4.5,10.5,watch,Temperature,Temperature,Adjust the heater 1°C at a time. Increase surface movement if the tank is hot.,high,6.0,8.0,22.0,28.0,0.02,0.02,20.0,5.9
957,64,Fish,Kissing Gourami,Helostoma temminkii,Medium,7.36,25.7,0.858,5.603,72.2,8.0,critical,"Ammonia, Nitrite, Nitrate",Ammonia,Do a 40–50% water change with dechlorinated water. Pause feeding 24 hours and add beneficial bacteria.,critical,6.0,8.0,22.0,28.0,0.02,0.02,20.0,5.9
958,64,Fish,Kissing Gourami,Helostoma temminkii,Medium,9.83,36.2,0.003,0.003,6.9,10.5,critical,"pH, Temperature",pH,Correct pH slowly with small water changes only. Move no more than 0.2 pH per day.,critical,6.0,8.0,22.0,28.0,0.02,0.02,20.0,5.9
959,64,Fish,Kissing Gourami,Helostoma temminkii,Medium,4.39,33.5,0.001,0.002,5.1,11.2,critical,"pH, Temperature",pH,Correct pH slowly with small water changes only. Move no more than 0.2 pH per day.,critical,6.0,8.0,22.0,28.0,0.02,0.02,20.0,5.9
960,64,Fish,Kissing Gourami,Helostoma temminkii,Medium,7.07,23.4,0.12,0.002,7.2,2.0,critical,"Ammonia, DissolvedO2",Ammonia,Do a 40–50% water change with dechlorinated water. Pause feeding 24 hours and add beneficial bacteria.,critical,6.0,8.0,22.0,28.0,0.02,0.02,20.0,5.9
961,65,Fish,Kuhli Loach,Pangio kuhlii,Low,6.38,26.2,0.0,0.003,4.2,10.8,excellent,,,Keep weekly testing and regular water changes.,low,5.5,6.5,24.0,28.0,0.02,0.02,20.0,6.2
962,65,Fish,Kuhli Loach,Pangio kuhlii,Low,6.17,27.3,0.004,0.001,7.2,9.1,excellent,,,Keep weekly testing and regular water changes.,low,5.5,6.5,24.0,28.0,0.02,0.02,20.0,6.2
963,65,Fish,Kuhli Loach,Pangio kuhlii,Low,6.11,26.3,0.0,0.0,3.5,8.5,excellent,,,Keep weekly testing and regular water changes.,low,5.5,6.5,24.0,28.0,0.02,0.02,20.0,6.2
964,65,Fish,Kuhli Loach,Pangio kuhlii,Low,5.8,27.1,0.002,0.003,7.6,10.6,excellent,,,Keep weekly testing and regular water changes.,low,5.5,6.5,24.0,28.0,0.02,0.02,20.0,6.2
965,65,Fish,Kuhli Loach,Pangio kuhlii,Low,5.9,27.3,0.014,0.01,18.4,7.4,good,,,Keep weekly testing and regular water changes.,low,5.5,6.5,24.0,28.0,0.02,0.02,20.0,6.2
966,65,Fish,Kuhli Loach,Pangio kuhlii,Low,6.03,27.4,0.012,0.011,13.3,6.4,good,,,Keep weekly testing and regular water changes.,low,5.5,6.5,24.0,28.0,0.02,0.02,20.0,6.2
967,65,Fish,Kuhli Loach,Pangio kuhlii,Low,6.03,24.4,0.017,0.0,17.3,6.8,good,,,Keep weekly testing and regular water changes.,low,5.5,6.5,24.0,28.0,0.02,0.02,20.0,6.2
968,65,Fish,Kuhli Loach,Pangio kuhlii,Low,6.39,22.6,0.0,0.0,6.1,11.6,watch,Temperature,Temperature,Adjust the heater 1°C at a time. Increase surface movement if the tank is hot.,high,5.5,6.5,24.0,28.0,0.02,0.02,20.0,6.2
969,65,Fish,Kuhli Loach,Pangio kuhlii,Low,5.99,24.9,0.05,0.002,4.5,10.2,watch,Ammonia,Ammonia,Do a 40–50% water change with dechlorinated water. Pause feeding 24 hours and add beneficial bacteria.,critical,5.5,6.5,24.0,28.0,0.02,0.02,20.0,6.2
970,65,Fish,Kuhli Loach,Pangio kuhlii,Low,5.09,25.2,0.001,0.0,4.1,10.3,watch,pH,pH,Correct pH slowly with small water changes only. Move no more than 0.2 pH per day.,high,5.5,6.5,24.0,28.0,0.02,0.02,20.0,6.2
971,65,Fish,Kuhli Loach,Pangio kuhlii,Low,7.03,27.2,0.003,0.001,3.6,8.8,watch,pH,pH,Correct pH slowly with small water changes only. Move no more than 0.2 pH per day.,high,5.5,6.5,24.0,28.0,0.02,0.02,20.0,6.2
972,65,Fish,Kuhli Loach,Pangio kuhlii,Low,4.61,12.5,0.001,0.002,4.7,11.5,critical,"pH, Temperature",pH,Correct pH slowly with small water changes only. Move no more than 0.2 pH per day.,critical,5.5,6.5,24.0,28.0,0.02,0.02,20.0,6.2
973,65,Fish,Kuhli Loach,Pangio kuhlii,Low,5.7,26.2,1.172,1.402,65.7,9.0,critical,"Ammonia, Nitrite, Nitrate",Ammonia,Do a 40–50% water change with dechlorinated water. Pause feeding 24 hours and add beneficial bacteria.,critical,5.5,6.5,24.0,28.0,0.02,0.02,20.0,6.2
974,65,Fish,Kuhli Loach,Pangio kuhlii,Low,6.18,27.3,0.12,0.003,6.7,2.8,critical,"Ammonia, DissolvedO2",Ammonia,Do a 40–50% water change with dechlorinated water. Pause feeding 24 hours and add beneficial bacteria.,critical,5.5,6.5,24.0,28.0,0.02,0.02,20.0,6.2
975,65,Fish,Kuhli Loach,Pangio kuhlii,Low,5.09,36.2,0.001,0.004,3.8,11.4,critical,"pH, Temperature",pH,Correct pH slowly with small water changes only. Move no more than 0.2 pH per day.,critical,5.5,6.5,24.0,28.0,0.02,0.02,20.0,6.2
976,66,Fish,Yoyo Loach,Botia almorhae,Medium,7.22,25.7,0.001,0.001,4.9,9.8,excellent,,,Keep weekly testing and regular water changes.,low,6.5,7.5,23.0,27.0,0.02,0.02,20.0,6.4
977,66,Fish,Yoyo Loach,Botia almorhae,Medium,7.06,25.9,0.003,0.003,4.6,9.8,excellent,,,Keep weekly testing and regular water changes.,low,6.5,7.5,23.0,27.0,0.02,0.02,20.0,6.4
978,66,Fish,Yoyo Loach,Botia almorhae,Medium,6.86,24.3,0.0,0.001,4.5,10.1,excellent,,,Keep weekly testing and regular water changes.,low,6.5,7.5,23.0,27.0,0.02,0.02,20.0,6.4
979,66,Fish,Yoyo Loach,Botia almorhae,Medium,6.63,24.4,0.0,0.003,6.2,9.3,excellent,,,Keep weekly testing and regular water changes.,low,6.5,7.5,23.0,27.0,0.02,0.02,20.0,6.4
980,66,Fish,Yoyo Loach,Botia almorhae,Medium,6.66,26.7,0.013,0.01,16.2,7.9,good,,,Keep weekly testing and regular water changes.,low,6.5,7.5,23.0,27.0,0.02,0.02,20.0,6.4
981,66,Fish,Yoyo Loach,Botia almorhae,Medium,7.38,24.6,0.014,0.003,16.9,7.2,good,,,Keep weekly testing and regular water changes.,low,6.5,7.5,23.0,27.0,0.02,0.02,20.0,6.4
982,66,Fish,Yoyo Loach,Botia almorhae,Medium,6.53,26.7,0.016,0.004,19.0,7.1,good,,,Keep weekly testing and regular water changes.,low,6.5,7.5,23.0,27.0,0.02,0.02,20.0,6.4
983,66,Fish,Yoyo Loach,Botia almorhae,Medium,6.97,26.0,0.034,0.002,6.7,8.6,watch,Ammonia,Ammonia,Do a 40–50% water change with dechlorinated water. Pause feeding 24 hours and add beneficial bacteria.,critical,6.5,7.5,23.0,27.0,0.02,0.02,20.0,6.4
984,66,Fish,Yoyo Loach,Botia almorhae,Medium,7.15,29.2,0.001,0.003,4.0,9.6,watch,Temperature,Temperature,Adjust the heater 1°C at a time. Increase surface movement if the tank is hot.,high,6.5,7.5,23.0,27.0,0.02,0.02,20.0,6.4
985,66,Fish,Yoyo Loach,Botia almorhae,Medium,7.22,29.0,0.003,0.003,5.0,10.8,watch,Temperature,Temperature,Adjust the heater 1°C at a time. Increase surface movement if the tank is hot.,high,6.5,7.5,23.0,27.0,0.02,0.02,20.0,6.4
986,66,Fish,Yoyo Loach,Botia almorhae,Medium,7.05,25.7,0.004,0.002,32.4,10.7,watch,Nitrate,Nitrate,"Do a 25–40% water change, vacuum the substrate, and add fast-growing plants.",medium,6.5,7.5,23.0,27.0,0.02,0.02,20.0,6.4
987,66,Fish,Yoyo Loach,Botia almorhae,Medium,9.58,14.9,0.001,0.002,5.5,10.1,critical,"pH, Temperature",pH,Correct pH slowly with small water changes only. Move no more than 0.2 pH per day.,critical,6.5,7.5,23.0,27.0,0.02,0.02,20.0,6.4
988,66,Fish,Yoyo Loach,Botia almorhae,Medium,6.6,25.0,0.12,0.003,6.6,1.4,critical,"Ammonia, DissolvedO2",Ammonia,Do a 40–50% water change with dechlorinated water. Pause feeding 24 hours and add beneficial bacteria.,critical,6.5,7.5,23.0,27.0,0.02,0.02,20.0,6.4
989,66,Fish,Yoyo Loach,Botia almorhae,Medium,9.09,34.3,0.004,0.001,4.5,9.7,critical,"pH, Temperature",pH,Correct pH slowly with small water changes only. Move no more than 0.2 pH per day.,critical,6.5,7.5,23.0,27.0,0.02,0.02,20.0,6.4
990,66,Fish,Yoyo Loach,Botia almorhae,Medium,10.34,15.5,0.002,0.001,6.1,9.9,critical,"pH, Temperature",pH,Correct pH slowly with small water changes only. Move no more than 0.2 pH per day.,critical,6.5,7.5,23.0,27.0,0.02,0.02,20.0,6.4
991,67,Fish,Clown Loach,Chromobotia macracanthus,Medium,7.01,27.6,0.001,0.0,8.3,10.3,excellent,,,Keep weekly testing and regular water changes.,low,6.0,7.5,26.0,30.0,0.02,0.02,20.0,6.4
992,67,Fish,Clown Loach,Chromobotia macracanthus,Medium,6.62,28.1,0.0,0.001,6.4,9.9,excellent,,,Keep weekly testing and regular water changes.,low,6.0,7.5,26.0,30.0,0.02,0.02,20.0,6.4
993,67,Fish,Clown Loach,Chromobotia macracanthus,Medium,7.13,28.4,0.002,0.003,3.6,10.5,excellent,,,Keep weekly testing and regular water changes.,low,6.0,7.5,26.0,30.0,0.02,0.02,20.0,6.4
994,67,Fish,Clown Loach,Chromobotia macracanthus,Medium,7.04,27.4,0.001,0.001,4.2,10.0,excellent,,,Keep weekly testing and regular water changes.,low,6.0,7.5,26.0,30.0,0.02,0.02,20.0,6.4
995,67,Fish,Clown Loach,Chromobotia macracanthus,Medium,6.22,28.6,0.008,0.0,14.9,6.9,good,,,Keep weekly testing and regular water changes.,low,6.0,7.5,26.0,30.0,0.02,0.02,20.0,6.4
996,67,Fish,Clown Loach,Chromobotia macracanthus,Medium,7.46,27.3,0.009,0.003,15.2,7.6,good,,,Keep weekly testing and regular water changes.,low,6.0,7.5,26.0,30.0,0.02,0.02,20.0,6.4
997,67,Fish,Clown Loach,Chromobotia macracanthus,Medium,7.16,27.5,0.013,0.007,18.1,7.5,good,,,Keep weekly testing and regular water changes.,low,6.0,7.5,26.0,30.0,0.02,0.02,20.0,6.4
998,67,Fish,Clown Loach,Chromobotia macracanthus,Medium,7.96,28.6,0.003,0.002,8.3,11.2,watch,pH,pH,Correct pH slowly with small water changes only. Move no more than 0.2 pH per day.,high,6.0,7.5,26.0,30.0,0.02,0.02,20.0,6.4
999,67,Fish,Clown Loach,Chromobotia macracanthus,Medium,5.83,28.1,0.002,0.003,6.4,10.0,watch,pH,pH,Correct pH slowly with small water changes only. Move no more than 0.2 pH per day.,high,6.0,7.5,26.0,30.0,0.02,0.02,20.0,6.4
1000,67,Fish,Clown Loach,Chromobotia macracanthus,Medium,6.68,29.1,0.026,0.0,7.8,11.0,watch,Ammonia,Ammonia,Do a 40–50% water change with dechlorinated water. Pause feeding 24 hours and add beneficial bacteria.,critical,6.0,7.5,26.0,30.0,0.02,0.02,20.0,6.4
1001,67,Fish,Clown Loach,Chromobotia macracanthus,Medium,6.83,23.7,0.001,0.003,7.9,9.4,watch,Temperature,Temperature,Adjust the heater 1°C at a time. Increase surface movement if the tank is hot.,high,6.0,7.5,26.0,30.0,0.02,0.02,20.0,6.4
1002,67,Fish,Clown Loach,Chromobotia macracanthus,Medium,10.04,33.4,0.001,0.003,7.1,9.5,critical,"pH, Temperature",pH,Correct pH slowly with small water changes only. Move no more than 0.2 pH per day.,critical,6.0,7.5,26.0,30.0,0.02,0.02,20.0,6.4
1003,67,Fish,Clown Loach,Chromobotia macracanthus,Medium,6.26,29.2,0.309,0.976,3.8,10.2,critical,"Ammonia, Nitrite",Ammonia,Do a 40–50% water change with dechlorinated water. Pause feeding 24 hours and add beneficial bacteria.,critical,6.0,7.5,26.0,30.0,0.02,0.02,20.0,6.4
1004,67,Fish,Clown Loach,Chromobotia macracanthus,Medium,6.44,28.9,0.922,1.443,8.3,10.5,critical,"Ammonia, Nitrite",Ammonia,Do a 40–50% water change with dechlorinated water. Pause feeding 24 hours and add beneficial bacteria.,critical,6.0,7.5,26.0,30.0,0.02,0.02,20.0,6.4
1005,67,Fish,Clown Loach,Chromobotia macracanthus,Medium,6.69,28.4,0.212,1.688,6.0,9.7,critical,"Ammonia, Nitrite",Ammonia,Do a 40–50% water change with dechlorinated water. Pause feeding 24 hours and add beneficial bacteria.,critical,6.0,7.5,26.0,30.0,0.02,0.02,20.0,6.4
1006,68,Fish,Zebra Loach,Botia striata,Medium,6.25,26.7,0.002,0.001,5.3,10.3,excellent,,,Keep weekly testing and regular water changes.,low,6.0,7.5,25.0,29.0,0.02,0.02,20.0,6.3
1007,68,Fish,Zebra Loach,Botia striata,Medium,6.5,26.1,0.003,0.004,5.6,9.2,excellent,,,Keep weekly testing and regular water changes.,low,6.0,7.5,25.0,29.0,0.02,0.02,20.0,6.3
1008,68,Fish,Zebra Loach,Botia striata,Medium,6.14,25.7,0.002,0.004,7.0,9.3,excellent,,,Keep weekly testing and regular water changes.,low,6.0,7.5,25.0,29.0,0.02,0.02,20.0,6.3
1009,68,Fish,Zebra Loach,Botia striata,Medium,7.38,26.8,0.001,0.002,4.3,11.2,excellent,,,Keep weekly testing and regular water changes.,low,6.0,7.5,25.0,29.0,0.02,0.02,20.0,6.3
1010,68,Fish,Zebra Loach,Botia striata,Medium,6.55,27.6,0.011,0.013,16.9,7.3,good,,,Keep weekly testing and regular water changes.,low,6.0,7.5,25.0,29.0,0.02,0.02,20.0,6.3
1011,68,Fish,Zebra Loach,Botia striata,Medium,6.21,28.5,0.012,0.004,18.3,6.6,good,,,Keep weekly testing and regular water changes.,low,6.0,7.5,25.0,29.0,0.02,0.02,20.0,6.3
1012,68,Fish,Zebra Loach,Botia striata,Medium,6.48,27.1,0.01,0.007,14.6,6.7,good,,,Keep weekly testing and regular water changes.,low,6.0,7.5,25.0,29.0,0.02,0.02,20.0,6.3
1013,68,Fish,Zebra Loach,Botia striata,Medium,6.13,26.0,0.004,0.002,24.6,9.4,watch,Nitrate,Nitrate,"Do a 25–40% water change, vacuum the substrate, and add fast-growing plants.",medium,6.0,7.5,25.0,29.0,0.02,0.02,20.0,6.3
1014,68,Fish,Zebra Loach,Botia striata,Medium,6.45,27.4,0.002,0.003,25.0,11.0,watch,Nitrate,Nitrate,"Do a 25–40% water change, vacuum the substrate, and add fast-growing plants.",medium,6.0,7.5,25.0,29.0,0.02,0.02,20.0,6.3
1015,68,Fish,Zebra Loach,Botia striata,Medium,7.86,26.1,0.003,0.004,8.0,9.1,watch,pH,pH,Correct pH slowly with small water changes only. Move no more than 0.2 pH per day.,high,6.0,7.5,25.0,29.0,0.02,0.02,20.0,6.3
1016,68,Fish,Zebra Loach,Botia striata,Medium,7.18,27.1,0.036,0.0,8.2,9.6,watch,Ammonia,Ammonia,Do a 40–50% water change with dechlorinated water. Pause feeding 24 hours and add beneficial bacteria.,critical,6.0,7.5,25.0,29.0,0.02,0.02,20.0,6.3
1017,68,Fish,Zebra Loach,Botia striata,Medium,9.05,12.9,0.004,0.0,3.8,10.9,critical,"pH, Temperature",pH,Correct pH slowly with small water changes only. Move no more than 0.2 pH per day.,critical,6.0,7.5,25.0,29.0,0.02,0.02,20.0,6.3
1018,68,Fish,Zebra Loach,Botia striata,Medium,6.37,27.7,1.0,1.658,5.2,9.2,critical,"Ammonia, Nitrite",Ammonia,Do a 40–50% water change with dechlorinated water. Pause feeding 24 hours and add beneficial bacteria.,critical,6.0,7.5,25.0,29.0,0.02,0.02,20.0,6.3
1019,68,Fish,Zebra Loach,Botia striata,Medium,6.8,26.3,0.639,1.352,6.0,8.1,critical,"Ammonia, Nitrite",Ammonia,Do a 40–50% water change with dechlorinated water. Pause feeding 24 hours and add beneficial bacteria.,critical,6.0,7.5,25.0,29.0,0.02,0.02,20.0,6.3
1020,68,Fish,Zebra Loach,Botia striata,Medium,6.36,27.7,1.253,6.431,56.3,10.4,critical,"Ammonia, Nitrite, Nitrate",Ammonia,Do a 40–50% water change with dechlorinated water. Pause feeding 24 hours and add beneficial bacteria.,critical,6.0,7.5,25.0,29.0,0.02,0.02,20.0,6.3
1021,69,Fish,Dwarf Chain Loach,Ambastaia sidthimunki,Medium,6.7,24.9,0.0,0.001,4.7,9.8,excellent,,,Keep weekly testing and regular water changes.,low,6.0,7.5,24.0,28.0,0.02,0.02,20.0,6.3
1022,69,Fish,Dwarf Chain Loach,Ambastaia sidthimunki,Medium,7.08,25.1,0.004,0.001,6.3,11.4,excellent,,,Keep weekly testing and regular water changes.,low,6.0,7.5,24.0,28.0,0.02,0.02,20.0,6.3
1023,69,Fish,Dwarf Chain Loach,Ambastaia sidthimunki,Medium,7.2,26.4,0.003,0.001,3.3,9.6,excellent,,,Keep weekly testing and regular water changes.,low,6.0,7.5,24.0,28.0,0.02,0.02,20.0,6.3
1024,69,Fish,Dwarf Chain Loach,Ambastaia sidthimunki,Medium,6.2,25.6,0.001,0.004,7.8,11.0,excellent,,,Keep weekly testing and regular water changes.,low,6.0,7.5,24.0,28.0,0.02,0.02,20.0,6.3
1025,69,Fish,Dwarf Chain Loach,Ambastaia sidthimunki,Medium,7.06,24.7,0.007,0.009,16.9,7.1,good,,,Keep weekly testing and regular water changes.,low,6.0,7.5,24.0,28.0,0.02,0.02,20.0,6.3
1026,69,Fish,Dwarf Chain Loach,Ambastaia sidthimunki,Medium,6.71,26.0,0.009,0.004,15.5,7.5,good,,,Keep weekly testing and regular water changes.,low,6.0,7.5,24.0,28.0,0.02,0.02,20.0,6.3
1027,69,Fish,Dwarf Chain Loach,Ambastaia sidthimunki,Medium,7.42,26.1,0.014,0.011,13.7,7.5,good,,,Keep weekly testing and regular water changes.,low,6.0,7.5,24.0,28.0,0.02,0.02,20.0,6.3
1028,69,Fish,Dwarf Chain Loach,Ambastaia sidthimunki,Medium,6.73,26.2,0.0,0.004,25.0,8.1,watch,Nitrate,Nitrate,"Do a 25–40% water change, vacuum the substrate, and add fast-growing plants.",medium,6.0,7.5,24.0,28.0,0.02,0.02,20.0,6.3
1029,69,Fish,Dwarf Chain Loach,Ambastaia sidthimunki,Medium,5.71,26.3,0.001,0.003,5.0,9.7,watch,pH,pH,Correct pH slowly with small water changes only. Move no more than 0.2 pH per day.,high,6.0,7.5,24.0,28.0,0.02,0.02,20.0,6.3
1030,69,Fish,Dwarf Chain Loach,Ambastaia sidthimunki,Medium,5.66,25.9,0.001,0.002,7.9,9.9,watch,pH,pH,Correct pH slowly with small water changes only. Move no more than 0.2 pH per day.,high,6.0,7.5,24.0,28.0,0.02,0.02,20.0,6.3
1031,69,Fish,Dwarf Chain Loach,Ambastaia sidthimunki,Medium,7.11,25.4,0.026,0.001,3.3,8.7,watch,Ammonia,Ammonia,Do a 40–50% water change with dechlorinated water. Pause feeding 24 hours and add beneficial bacteria.,critical,6.0,7.5,24.0,28.0,0.02,0.02,20.0,6.3
1032,69,Fish,Dwarf Chain Loach,Ambastaia sidthimunki,Medium,7.35,27.4,0.229,4.265,81.4,10.7,critical,"Ammonia, Nitrite, Nitrate",Ammonia,Do a 40–50% water change with dechlorinated water. Pause feeding 24 hours and add beneficial bacteria.,critical,6.0,7.5,24.0,28.0,0.02,0.02,20.0,6.3
1033,69,Fish,Dwarf Chain Loach,Ambastaia sidthimunki,Medium,10.19,36.0,0.001,0.002,6.0,10.7,critical,"pH, Temperature",pH,Correct pH slowly with small water changes only. Move no more than 0.2 pH per day.,critical,6.0,7.5,24.0,28.0,0.02,0.02,20.0,6.3
1034,69,Fish,Dwarf Chain Loach,Ambastaia sidthimunki,Medium,9.03,12.2,0.003,0.003,5.9,11.1,critical,"pH, Temperature",pH,Correct pH slowly with small water changes only. Move no more than 0.2 pH per day.,critical,6.0,7.5,24.0,28.0,0.02,0.02,20.0,6.3
1035,69,Fish,Dwarf Chain Loach,Ambastaia sidthimunki,Medium,9.16,13.6,0.001,0.003,7.2,9.4,critical,"pH, Temperature",pH,Correct pH slowly with small water changes only. Move no more than 0.2 pH per day.,critical,6.0,7.5,24.0,28.0,0.02,0.02,20.0,6.3
1036,70,Fish,Weather Loach (Dojo Loach),Misgurnus anguillicaudatus,Low,6.69,23.9,0.002,0.003,3.9,9.2,excellent,,,Keep weekly testing and regular water changes.,low,6.0,8.0,10.0,25.0,0.02,0.02,20.0,6.5
1037,70,Fish,Weather Loach (Dojo Loach),Misgurnus anguillicaudatus,Low,7.82,15.9,0.003,0.004,6.1,9.3,excellent,,,Keep weekly testing and regular water changes.,low,6.0,8.0,10.0,25.0,0.02,0.02,20.0,6.5
1038,70,Fish,Weather Loach (Dojo Loach),Misgurnus anguillicaudatus,Low,7.06,11.4,0.0,0.0,7.8,10.5,excellent,,,Keep weekly testing and regular water changes.,low,6.0,8.0,10.0,25.0,0.02,0.02,20.0,6.5
1039,70,Fish,Weather Loach (Dojo Loach),Misgurnus anguillicaudatus,Low,6.63,13.7,0.003,0.004,4.8,9.4,excellent,,,Keep weekly testing and regular water changes.,low,6.0,8.0,10.0,25.0,0.02,0.02,20.0,6.5
1040,70,Fish,Weather Loach (Dojo Loach),Misgurnus anguillicaudatus,Low,7.69,23.3,0.016,0.004,13.7,7.4,good,,,Keep weekly testing and regular water changes.,low,6.0,8.0,10.0,25.0,0.02,0.02,20.0,6.5
1041,70,Fish,Weather Loach (Dojo Loach),Misgurnus anguillicaudatus,Low,6.6,23.1,0.007,0.009,18.4,8.3,good,,,Keep weekly testing and regular water changes.,low,6.0,8.0,10.0,25.0,0.02,0.02,20.0,6.5
1042,70,Fish,Weather Loach (Dojo Loach),Misgurnus anguillicaudatus,Low,7.29,24.1,0.008,0.005,13.1,8.3,excellent,,,Keep weekly testing and regular water changes.,low,6.0,8.0,10.0,25.0,0.02,0.02,20.0,6.5
1043,70,Fish,Weather Loach (Dojo Loach),Misgurnus anguillicaudatus,Low,6.13,10.9,0.042,0.001,7.6,8.8,watch,Ammonia,Ammonia,Do a 40–50% water change with dechlorinated water. Pause feeding 24 hours and add beneficial bacteria.,critical,6.0,8.0,10.0,25.0,0.02,0.02,20.0,6.5
1044,70,Fish,Weather Loach (Dojo Loach),Misgurnus anguillicaudatus,Low,6.77,12.6,0.004,0.002,33.0,9.5,watch,Nitrate,Nitrate,"Do a 25–40% water change, vacuum the substrate, and add fast-growing plants.",medium,6.0,8.0,10.0,25.0,0.02,0.02,20.0,6.5
1045,70,Fish,Weather Loach (Dojo Loach),Misgurnus anguillicaudatus,Low,7.59,8.2,0.002,0.004,4.8,10.6,watch,Temperature,Temperature,Adjust the heater 1°C at a time. Increase surface movement if the tank is hot.,high,6.0,8.0,10.0,25.0,0.02,0.02,20.0,6.5
1046,70,Fish,Weather Loach (Dojo Loach),Misgurnus anguillicaudatus,Low,7.92,27.4,0.002,0.002,7.9,11.6,watch,Temperature,Temperature,Adjust the heater 1°C at a time. Increase surface movement if the tank is hot.,high,6.0,8.0,10.0,25.0,0.02,0.02,20.0,6.5
1047,70,Fish,Weather Loach (Dojo Loach),Misgurnus anguillicaudatus,Low,4.64,13.2,0.004,0.003,7.1,10.5,critical,pH,pH,Correct pH slowly with small water changes only. Move no more than 0.2 pH per day.,critical,6.0,8.0,10.0,25.0,0.02,0.02,20.0,6.5
1048,70,Fish,Weather Loach (Dojo Loach),Misgurnus anguillicaudatus,Low,7.63,15.0,0.12,0.0,3.9,1.6,critical,"Ammonia, DissolvedO2",Ammonia,Do a 40–50% water change with dechlorinated water. Pause feeding 24 hours and add beneficial bacteria.,critical,6.0,8.0,10.0,25.0,0.02,0.02,20.0,6.5
1049,70,Fish,Weather Loach (Dojo Loach),Misgurnus anguillicaudatus,Low,7.82,23.0,0.203,4.75,51.4,10.6,critical,"Ammonia, Nitrite, Nitrate",Ammonia,Do a 40–50% water change with dechlorinated water. Pause feeding 24 hours and add beneficial bacteria.,critical,6.0,8.0,10.0,25.0,0.02,0.02,20.0,6.5
1050,70,Fish,Weather Loach (Dojo Loach),Misgurnus anguillicaudatus,Low,6.99,23.7,1.033,3.127,83.8,11.3,critical,"Ammonia, Nitrite, Nitrate",Ammonia,Do a 40–50% water change with dechlorinated water. Pause feeding 24 hours and add beneficial bacteria.,critical,6.0,8.0,10.0,25.0,0.02,0.02,20.0,6.5
1051,71,Fish,Boesemani Rainbowfish,Melanotaenia boesemani,Low,7.29,25.7,0.002,0.001,6.8,11.0,excellent,,,Keep weekly testing and regular water changes.,low,7.0,8.0,25.0,28.0,0.02,0.02,20.0,6.6
1052,71,Fish,Boesemani Rainbowfish,Melanotaenia boesemani,Low,7.27,26.6,0.0,0.001,7.2,10.9,excellent,,,Keep weekly testing and regular water changes.,low,7.0,8.0,25.0,28.0,0.02,0.02,20.0,6.6
1053,71,Fish,Boesemani Rainbowfish,Melanotaenia boesemani,Low,7.73,25.9,0.002,0.002,8.4,10.5,excellent,,,Keep weekly testing and regular water changes.,low,7.0,8.0,25.0,28.0,0.02,0.02,20.0,6.6
1054,71,Fish,Boesemani Rainbowfish,Melanotaenia boesemani,Low,7.87,25.9,0.002,0.003,5.1,10.4,excellent,,,Keep weekly testing and regular water changes.,low,7.0,8.0,25.0,28.0,0.02,0.02,20.0,6.6
1055,71,Fish,Boesemani Rainbowfish,Melanotaenia boesemani,Low,7.51,27.8,0.009,0.013,15.4,7.5,good,,,Keep weekly testing and regular water changes.,low,7.0,8.0,25.0,28.0,0.02,0.02,20.0,6.6
1056,71,Fish,Boesemani Rainbowfish,Melanotaenia boesemani,Low,7.53,25.9,0.017,0.013,18.8,8.4,good,,,Keep weekly testing and regular water changes.,low,7.0,8.0,25.0,28.0,0.02,0.02,20.0,6.6
1057,71,Fish,Boesemani Rainbowfish,Melanotaenia boesemani,Low,7.66,26.4,0.016,0.0,18.0,7.6,good,,,Keep weekly testing and regular water changes.,low,7.0,8.0,25.0,28.0,0.02,0.02,20.0,6.6
1058,71,Fish,Boesemani Rainbowfish,Melanotaenia boesemani,Low,7.65,26.3,0.032,0.0,5.4,9.7,watch,Ammonia,Ammonia,Do a 40–50% water change with dechlorinated water. Pause feeding 24 hours and add beneficial bacteria.,critical,7.0,8.0,25.0,28.0,0.02,0.02,20.0,6.6
1059,71,Fish,Boesemani Rainbowfish,Melanotaenia boesemani,Low,6.67,26.2,0.003,0.0,6.2,8.9,watch,pH,pH,Correct pH slowly with small water changes only. Move no more than 0.2 pH per day.,high,7.0,8.0,25.0,28.0,0.02,0.02,20.0,6.6
1060,71,Fish,Boesemani Rainbowfish,Melanotaenia boesemani,Low,7.54,23.1,0.002,0.002,4.1,9.9,watch,Temperature,Temperature,Adjust the heater 1°C at a time. Increase surface movement if the tank is hot.,high,7.0,8.0,25.0,28.0,0.02,0.02,20.0,6.6
1061,71,Fish,Boesemani Rainbowfish,Melanotaenia boesemani,Low,7.45,29.9,0.002,0.001,4.6,8.5,watch,Temperature,Temperature,Adjust the heater 1°C at a time. Increase surface movement if the tank is hot.,high,7.0,8.0,25.0,28.0,0.02,0.02,20.0,6.6
1062,71,Fish,Boesemani Rainbowfish,Melanotaenia boesemani,Low,7.78,27.0,0.12,0.001,7.7,4.0,critical,"Ammonia, DissolvedO2",Ammonia,Do a 40–50% water change with dechlorinated water. Pause feeding 24 hours and add beneficial bacteria.,critical,7.0,8.0,25.0,28.0,0.02,0.02,20.0,6.6
1063,71,Fish,Boesemani Rainbowfish,Melanotaenia boesemani,Low,9.47,15.3,0.001,0.002,4.0,10.5,critical,"pH, Temperature",pH,Correct pH slowly with small water changes only. Move no more than 0.2 pH per day.,critical,7.0,8.0,25.0,28.0,0.02,0.02,20.0,6.6
1064,71,Fish,Boesemani Rainbowfish,Melanotaenia boesemani,Low,7.7,26.4,0.12,0.002,5.8,4.1,critical,"Ammonia, DissolvedO2",Ammonia,Do a 40–50% water change with dechlorinated water. Pause feeding 24 hours and add beneficial bacteria.,critical,7.0,8.0,25.0,28.0,0.02,0.02,20.0,6.6
1065,71,Fish,Boesemani Rainbowfish,Melanotaenia boesemani,Low,7.74,26.6,1.283,6.57,59.7,11.0,critical,"Ammonia, Nitrite, Nitrate",Ammonia,Do a 40–50% water change with dechlorinated water. Pause feeding 24 hours and add beneficial bacteria.,critical,7.0,8.0,25.0,28.0,0.02,0.02,20.0,6.6
1066,72,Fish,Turquoise Rainbowfish,Melanotaenia lacustris,Low,7.79,25.8,0.004,0.0,3.3,9.5,excellent,,,Keep weekly testing and regular water changes.,low,7.0,8.0,24.0,28.0,0.02,0.02,20.0,6.6
1067,72,Fish,Turquoise Rainbowfish,Melanotaenia lacustris,Low,7.55,25.6,0.004,0.001,4.7,10.4,excellent,,,Keep weekly testing and regular water changes.,low,7.0,8.0,24.0,28.0,0.02,0.02,20.0,6.6
1068,72,Fish,Turquoise Rainbowfish,Melanotaenia lacustris,Low,7.08,26.6,0.002,0.004,6.8,8.6,excellent,,,Keep weekly testing and regular water changes.,low,7.0,8.0,24.0,28.0,0.02,0.02,20.0,6.6
1069,72,Fish,Turquoise Rainbowfish,Melanotaenia lacustris,Low,7.16,24.8,0.004,0.003,5.4,9.0,excellent,,,Keep weekly testing and regular water changes.,low,7.0,8.0,24.0,28.0,0.02,0.02,20.0,6.6
1070,72,Fish,Turquoise Rainbowfish,Melanotaenia lacustris,Low,7.86,24.9,0.014,0.011,14.8,7.6,good,,,Keep weekly testing and regular water changes.,low,7.0,8.0,24.0,28.0,0.02,0.02,20.0,6.6
1071,72,Fish,Turquoise Rainbowfish,Melanotaenia lacustris,Low,7.23,25.6,0.017,0.01,18.1,7.7,good,,,Keep weekly testing and regular water changes.,low,7.0,8.0,24.0,28.0,0.02,0.02,20.0,6.6
1072,72,Fish,Turquoise Rainbowfish,Melanotaenia lacustris,Low,7.25,26.8,0.012,0.002,15.5,7.8,good,,,Keep weekly testing and regular water changes.,low,7.0,8.0,24.0,28.0,0.02,0.02,20.0,6.6
1073,72,Fish,Turquoise Rainbowfish,Melanotaenia lacustris,Low,7.7,22.6,0.004,0.002,4.6,9.0,watch,Temperature,Temperature,Adjust the heater 1°C at a time. Increase surface movement if the tank is hot.,high,7.0,8.0,24.0,28.0,0.02,0.02,20.0,6.6
1074,72,Fish,Turquoise Rainbowfish,Melanotaenia lacustris,Low,7.49,25.2,0.003,0.003,23.3,11.4,watch,Nitrate,Nitrate,"Do a 25–40% water change, vacuum the substrate, and add fast-growing plants.",medium,7.0,8.0,24.0,28.0,0.02,0.02,20.0,6.6
1075,72,Fish,Turquoise Rainbowfish,Melanotaenia lacustris,Low,8.41,26.2,0.003,0.001,6.1,9.4,watch,pH,pH,Correct pH slowly with small water changes only. Move no more than 0.2 pH per day.,high,7.0,8.0,24.0,28.0,0.02,0.02,20.0,6.6
1076,72,Fish,Turquoise Rainbowfish,Melanotaenia lacustris,Low,7.9,21.5,0.003,0.002,4.9,9.2,watch,Temperature,Temperature,Adjust the heater 1°C at a time. Increase surface movement if the tank is hot.,high,7.0,8.0,24.0,28.0,0.02,0.02,20.0,6.6
1077,72,Fish,Turquoise Rainbowfish,Melanotaenia lacustris,Low,9.97,14.4,0.001,0.003,4.2,11.5,critical,"pH, Temperature",pH,Correct pH slowly with small water changes only. Move no more than 0.2 pH per day.,critical,7.0,8.0,24.0,28.0,0.02,0.02,20.0,6.6
1078,72,Fish,Turquoise Rainbowfish,Melanotaenia lacustris,Low,4.86,14.0,0.001,0.004,4.6,8.6,critical,"pH, Temperature",pH,Correct pH slowly with small water changes only. Move no more than 0.2 pH per day.,critical,7.0,8.0,24.0,28.0,0.02,0.02,20.0,6.6
1079,72,Fish,Turquoise Rainbowfish,Melanotaenia lacustris,Low,7.26,26.6,0.823,0.685,6.2,9.9,critical,"Ammonia, Nitrite",Ammonia,Do a 40–50% water change with dechlorinated water. Pause feeding 24 hours and add beneficial bacteria.,critical,7.0,8.0,24.0,28.0,0.02,0.02,20.0,6.6
1080,72,Fish,Turquoise Rainbowfish,Melanotaenia lacustris,Low,10.04,12.1,0.003,0.002,3.4,8.8,critical,"pH, Temperature",pH,Correct pH slowly with small water changes only. Move no more than 0.2 pH per day.,critical,7.0,8.0,24.0,28.0,0.02,0.02,20.0,6.6
1081,73,Fish,Neon Dwarf Rainbowfish,Melanotaenia praecox,Low,7.07,26.5,0.0,0.0,4.6,8.6,excellent,,,Keep weekly testing and regular water changes.,low,6.5,7.5,24.0,28.0,0.02,0.02,20.0,6.5
1082,73,Fish,Neon Dwarf Rainbowfish,Melanotaenia praecox,Low,7.04,24.9,0.003,0.003,8.2,11.4,excellent,,,Keep weekly testing and regular water changes.,low,6.5,7.5,24.0,28.0,0.02,0.02,20.0,6.5
1083,73,Fish,Neon Dwarf Rainbowfish,Melanotaenia praecox,Low,6.81,24.7,0.001,0.003,3.5,9.5,excellent,,,Keep weekly testing and regular water changes.,low,6.5,7.5,24.0,28.0,0.02,0.02,20.0,6.5
1084,73,Fish,Neon Dwarf Rainbowfish,Melanotaenia praecox,Low,6.83,25.2,0.003,0.003,6.0,11.3,excellent,,,Keep weekly testing and regular water changes.,low,6.5,7.5,24.0,28.0,0.02,0.02,20.0,6.5
1085,73,Fish,Neon Dwarf Rainbowfish,Melanotaenia praecox,Low,6.62,24.7,0.011,0.009,16.5,6.8,good,,,Keep weekly testing and regular water changes.,low,6.5,7.5,24.0,28.0,0.02,0.02,20.0,6.5
1086,73,Fish,Neon Dwarf Rainbowfish,Melanotaenia praecox,Low,7.44,25.3,0.011,0.009,18.7,7.8,good,,,Keep weekly testing and regular water changes.,low,6.5,7.5,24.0,28.0,0.02,0.02,20.0,6.5
1087,73,Fish,Neon Dwarf Rainbowfish,Melanotaenia praecox,Low,7.44,24.8,0.013,0.012,16.1,7.3,good,,,Keep weekly testing and regular water changes.,low,6.5,7.5,24.0,28.0,0.02,0.02,20.0,6.5
1088,73,Fish,Neon Dwarf Rainbowfish,Melanotaenia praecox,Low,7.41,25.0,0.002,0.003,23.6,11.5,watch,Nitrate,Nitrate,"Do a 25–40% water change, vacuum the substrate, and add fast-growing plants.",medium,6.5,7.5,24.0,28.0,0.02,0.02,20.0,6.5
1089,73,Fish,Neon Dwarf Rainbowfish,Melanotaenia praecox,Low,7.36,25.8,0.05,0.002,7.4,10.2,watch,Ammonia,Ammonia,Do a 40–50% water change with dechlorinated water. Pause feeding 24 hours and add beneficial bacteria.,critical,6.5,7.5,24.0,28.0,0.02,0.02,20.0,6.5
1090,73,Fish,Neon Dwarf Rainbowfish,Melanotaenia praecox,Low,7.68,25.1,0.002,0.0,6.8,9.3,watch,pH,pH,Correct pH slowly with small water changes only. Move no more than 0.2 pH per day.,high,6.5,7.5,24.0,28.0,0.02,0.02,20.0,6.5
1091,73,Fish,Neon Dwarf Rainbowfish,Melanotaenia praecox,Low,6.72,22.1,0.001,0.001,4.4,9.0,watch,Temperature,Temperature,Adjust the heater 1°C at a time. Increase surface movement if the tank is hot.,high,6.5,7.5,24.0,28.0,0.02,0.02,20.0,6.5
1092,73,Fish,Neon Dwarf Rainbowfish,Melanotaenia praecox,Low,6.72,25.6,0.12,0.002,6.3,2.6,critical,"Ammonia, DissolvedO2",Ammonia,Do a 40–50% water change with dechlorinated water. Pause feeding 24 hours and add beneficial bacteria.,critical,6.5,7.5,24.0,28.0,0.02,0.02,20.0,6.5
1093,73,Fish,Neon Dwarf Rainbowfish,Melanotaenia praecox,Low,6.82,27.1,0.632,6.445,82.3,8.5,critical,"Ammonia, Nitrite, Nitrate",Ammonia,Do a 40–50% water change with dechlorinated water. Pause feeding 24 hours and add beneficial bacteria.,critical,6.5,7.5,24.0,28.0,0.02,0.02,20.0,6.5
1094,73,Fish,Neon Dwarf Rainbowfish,Melanotaenia praecox,Low,6.8,24.9,0.812,2.045,89.8,10.6,critical,"Ammonia, Nitrite, Nitrate",Ammonia,Do a 40–50% water change with dechlorinated water. Pause feeding 24 hours and add beneficial bacteria.,critical,6.5,7.5,24.0,28.0,0.02,0.02,20.0,6.5
1095,73,Fish,Neon Dwarf Rainbowfish,Melanotaenia praecox,Low,7.29,24.8,0.12,0.003,4.0,1.4,critical,"Ammonia, DissolvedO2",Ammonia,Do a 40–50% water change with dechlorinated water. Pause feeding 24 hours and add beneficial bacteria.,critical,6.5,7.5,24.0,28.0,0.02,0.02,20.0,6.5
1096,74,Fish,Threadfin Rainbowfish,Iriatherina werneri,Medium,7.13,27.1,0.003,0.004,7.9,9.7,excellent,,,Keep weekly testing and regular water changes.,low,6.0,7.5,24.0,28.0,0.02,0.02,20.0,6.4
1097,74,Fish,Threadfin Rainbowfish,Iriatherina werneri,Medium,6.61,27.1,0.004,0.004,7.2,8.9,excellent,,,Keep weekly testing and regular water changes.,low,6.0,7.5,24.0,28.0,0.02,0.02,20.0,6.4
1098,74,Fish,Threadfin Rainbowfish,Iriatherina werneri,Medium,7.35,27.3,0.003,0.003,6.1,11.4,excellent,,,Keep weekly testing and regular water changes.,low,6.0,7.5,24.0,28.0,0.02,0.02,20.0,6.4
1099,74,Fish,Threadfin Rainbowfish,Iriatherina werneri,Medium,6.21,27.0,0.0,0.001,3.9,9.8,excellent,,,Keep weekly testing and regular water changes.,low,6.0,7.5,24.0,28.0,0.02,0.02,20.0,6.4
1100,74,Fish,Threadfin Rainbowfish,Iriatherina werneri,Medium,6.36,27.7,0.013,0.013,14.7,6.6,good,,,Keep weekly testing and regular water changes.,low,6.0,7.5,24.0,28.0,0.02,0.02,20.0,6.4
1101,74,Fish,Threadfin Rainbowfish,Iriatherina werneri,Medium,7.15,26.7,0.012,0.011,18.0,7.5,good,,,Keep weekly testing and regular water changes.,low,6.0,7.5,24.0,28.0,0.02,0.02,20.0,6.4
1102,74,Fish,Threadfin Rainbowfish,Iriatherina werneri,Medium,7.43,26.8,0.014,0.005,13.0,7.0,good,,,Keep weekly testing and regular water changes.,low,6.0,7.5,24.0,28.0,0.02,0.02,20.0,6.4
1103,74,Fish,Threadfin Rainbowfish,Iriatherina werneri,Medium,5.71,26.6,0.001,0.003,4.2,9.1,watch,pH,pH,Correct pH slowly with small water changes only. Move no more than 0.2 pH per day.,high,6.0,7.5,24.0,28.0,0.02,0.02,20.0,6.4
1104,74,Fish,Threadfin Rainbowfish,Iriatherina werneri,Medium,6.41,26.0,0.043,0.003,8.2,10.2,watch,Ammonia,Ammonia,Do a 40–50% water change with dechlorinated water. Pause feeding 24 hours and add beneficial bacteria.,critical,6.0,7.5,24.0,28.0,0.02,0.02,20.0,6.4
1105,74,Fish,Threadfin Rainbowfish,Iriatherina werneri,Medium,7.68,26.2,0.001,0.0,7.7,9.7,watch,pH,pH,Correct pH slowly with small water changes only. Move no more than 0.2 pH per day.,high,6.0,7.5,24.0,28.0,0.02,0.02,20.0,6.4
1106,74,Fish,Threadfin Rainbowfish,Iriatherina werneri,Medium,7.2,29.2,0.002,0.003,5.6,11.4,watch,Temperature,Temperature,Adjust the heater 1°C at a time. Increase surface movement if the tank is hot.,high,6.0,7.5,24.0,28.0,0.02,0.02,20.0,6.4
1107,74,Fish,Threadfin Rainbowfish,Iriatherina werneri,Medium,7.04,27.3,0.906,5.57,96.5,10.8,critical,"Ammonia, Nitrite, Nitrate",Ammonia,Do a 40–50% water change with dechlorinated water. Pause feeding 24 hours and add beneficial bacteria.,critical,6.0,7.5,24.0,28.0,0.02,0.02,20.0,6.4
1108,74,Fish,Threadfin Rainbowfish,Iriatherina werneri,Medium,6.85,25.5,1.327,4.537,86.6,9.0,critical,"Ammonia, Nitrite, Nitrate",Ammonia,Do a 40–50% water change with dechlorinated water. Pause feeding 24 hours and add beneficial bacteria.,critical,6.0,7.5,24.0,28.0,0.02,0.02,20.0,6.4
1109,74,Fish,Threadfin Rainbowfish,Iriatherina werneri,Medium,6.29,25.0,0.343,1.114,8.3,9.6,critical,"Ammonia, Nitrite",Ammonia,Do a 40–50% water change with dechlorinated water. Pause feeding 24 hours and add beneficial bacteria.,critical,6.0,7.5,24.0,28.0,0.02,0.02,20.0,6.4
1110,74,Fish,Threadfin Rainbowfish,Iriatherina werneri,Medium,7.4,26.0,0.12,0.001,8.3,2.0,critical,"Ammonia, DissolvedO2",Ammonia,Do a 40–50% water change with dechlorinated water. Pause feeding 24 hours and add beneficial bacteria.,critical,6.0,7.5,24.0,28.0,0.02,0.02,20.0,6.4
1111,75,Fish,Celebes Rainbowfish,Marosatherina ladigesi,Medium,7.9,25.8,0.002,0.001,7.5,11.4,excellent,,,Keep weekly testing and regular water changes.,low,7.0,8.5,25.0,29.0,0.02,0.02,20.0,6.6
1112,75,Fish,Celebes Rainbowfish,Marosatherina ladigesi,Medium,7.31,26.9,0.0,0.001,3.5,9.2,excellent,,,Keep weekly testing and regular water changes.,low,7.0,8.5,25.0,29.0,0.02,0.02,20.0,6.6
1113,75,Fish,Celebes Rainbowfish,Marosatherina ladigesi,Medium,8.41,25.7,0.003,0.0,6.0,9.8,excellent,,,Keep weekly testing and regular water changes.,low,7.0,8.5,25.0,29.0,0.02,0.02,20.0,6.6
1114,75,Fish,Celebes Rainbowfish,Marosatherina ladigesi,Medium,8.33,26.2,0.001,0.003,7.0,10.6,excellent,,,Keep weekly testing and regular water changes.,low,7.0,8.5,25.0,29.0,0.02,0.02,20.0,6.6
1115,75,Fish,Celebes Rainbowfish,Marosatherina ladigesi,Medium,7.06,26.1,0.015,0.008,16.6,7.3,good,,,Keep weekly testing and regular water changes.,low,7.0,8.5,25.0,29.0,0.02,0.02,20.0,6.6
1116,75,Fish,Celebes Rainbowfish,Marosatherina ladigesi,Medium,7.4,28.7,0.014,0.002,18.6,7.7,good,,,Keep weekly testing and regular water changes.,low,7.0,8.5,25.0,29.0,0.02,0.02,20.0,6.6
1117,75,Fish,Celebes Rainbowfish,Marosatherina ladigesi,Medium,7.51,26.6,0.014,0.005,16.5,7.9,good,,,Keep weekly testing and regular water changes.,low,7.0,8.5,25.0,29.0,0.02,0.02,20.0,6.6
1118,75,Fish,Celebes Rainbowfish,Marosatherina ladigesi,Medium,7.34,28.2,0.044,0.002,6.8,10.3,watch,Ammonia,Ammonia,Do a 40–50% water change with dechlorinated water. Pause feeding 24 hours and add beneficial bacteria.,critical,7.0,8.5,25.0,29.0,0.02,0.02,20.0,6.6
1119,75,Fish,Celebes Rainbowfish,Marosatherina ladigesi,Medium,8.29,29.9,0.003,0.001,5.4,10.2,watch,Temperature,Temperature,Adjust the heater 1°C at a time. Increase surface movement if the tank is hot.,high,7.0,8.5,25.0,29.0,0.02,0.02,20.0,6.6
1120,75,Fish,Celebes Rainbowfish,Marosatherina ladigesi,Medium,8.11,26.5,0.001,0.001,29.4,9.5,watch,Nitrate,Nitrate,"Do a 25–40% water change, vacuum the substrate, and add fast-growing plants.",medium,7.0,8.5,25.0,29.0,0.02,0.02,20.0,6.6
1121,75,Fish,Celebes Rainbowfish,Marosatherina ladigesi,Medium,7.42,23.2,0.003,0.0,5.9,10.1,watch,Temperature,Temperature,Adjust the heater 1°C at a time. Increase surface movement if the tank is hot.,high,7.0,8.5,25.0,29.0,0.02,0.02,20.0,6.6
1122,75,Fish,Celebes Rainbowfish,Marosatherina ladigesi,Medium,4.63,34.1,0.004,0.003,4.3,9.2,critical,"pH, Temperature",pH,Correct pH slowly with small water changes only. Move no more than 0.2 pH per day.,critical,7.0,8.5,25.0,29.0,0.02,0.02,20.0,6.6
1123,75,Fish,Celebes Rainbowfish,Marosatherina ladigesi,Medium,4.96,37.5,0.004,0.001,5.2,11.5,critical,"pH, Temperature",pH,Correct pH slowly with small water changes only. Move no more than 0.2 pH per day.,critical,7.0,8.5,25.0,29.0,0.02,0.02,20.0,6.6
1124,75,Fish,Celebes Rainbowfish,Marosatherina ladigesi,Medium,7.92,27.2,1.314,1.221,67.0,10.8,critical,"Ammonia, Nitrite, Nitrate",Ammonia,Do a 40–50% water change with dechlorinated water. Pause feeding 24 hours and add beneficial bacteria.,critical,7.0,8.5,25.0,29.0,0.02,0.02,20.0,6.6
1125,75,Fish,Celebes Rainbowfish,Marosatherina ladigesi,Medium,7.58,26.8,0.12,0.003,6.7,1.7,critical,"Ammonia, DissolvedO2",Ammonia,Do a 40–50% water change with dechlorinated water. Pause feeding 24 hours and add beneficial bacteria.,critical,7.0,8.5,25.0,29.0,0.02,0.02,20.0,6.6
1126,76,Fish,Common Goldfish,Carassius auratus,Low,7.78,22.2,0.002,0.002,4.3,9.8,excellent,,,Keep weekly testing and regular water changes.,low,6.0,8.0,10.0,24.0,0.02,0.02,20.0,6.5
1127,76,Fish,Common Goldfish,Carassius auratus,Low,6.45,10.9,0.004,0.001,6.3,9.3,excellent,,,Keep weekly testing and regular water changes.,low,6.0,8.0,10.0,24.0,0.02,0.02,20.0,6.5
1128,76,Fish,Common Goldfish,Carassius auratus,Low,6.76,15.7,0.001,0.003,8.2,9.7,excellent,,,Keep weekly testing and regular water changes.,low,6.0,8.0,10.0,24.0,0.02,0.02,20.0,6.5
1129,76,Fish,Common Goldfish,Carassius auratus,Low,7.87,19.1,0.002,0.001,3.5,11.1,excellent,,,Keep weekly testing and regular water changes.,low,6.0,8.0,10.0,24.0,0.02,0.02,20.0,6.5
1130,76,Fish,Common Goldfish,Carassius auratus,Low,7.15,15.8,0.015,0.004,17.7,7.2,good,,,Keep weekly testing and regular water changes.,low,6.0,8.0,10.0,24.0,0.02,0.02,20.0,6.5
1131,76,Fish,Common Goldfish,Carassius auratus,Low,7.82,13.8,0.008,0.01,14.0,8.2,good,,,Keep weekly testing and regular water changes.,low,6.0,8.0,10.0,24.0,0.02,0.02,20.0,6.5
1132,76,Fish,Common Goldfish,Carassius auratus,Low,7.3,13.3,0.009,0.013,16.6,8.1,good,,,Keep weekly testing and regular water changes.,low,6.0,8.0,10.0,24.0,0.02,0.02,20.0,6.5
1133,76,Fish,Common Goldfish,Carassius auratus,Low,8.55,22.4,0.002,0.003,5.1,8.5,watch,pH,pH,Correct pH slowly with small water changes only. Move no more than 0.2 pH per day.,high,6.0,8.0,10.0,24.0,0.02,0.02,20.0,6.5
1134,76,Fish,Common Goldfish,Carassius auratus,Low,6.75,22.7,0.027,0.001,3.6,9.6,watch,Ammonia,Ammonia,Do a 40–50% water change with dechlorinated water. Pause feeding 24 hours and add beneficial bacteria.,critical,6.0,8.0,10.0,24.0,0.02,0.02,20.0,6.5
1135,76,Fish,Common Goldfish,Carassius auratus,Low,6.81,8.8,0.003,0.003,6.8,9.0,watch,Temperature,Temperature,Adjust the heater 1°C at a time. Increase surface movement if the tank is hot.,high,6.0,8.0,10.0,24.0,0.02,0.02,20.0,6.5
1136,76,Fish,Common Goldfish,Carassius auratus,Low,7.48,17.9,0.001,0.0,30.3,11.4,watch,Nitrate,Nitrate,"Do a 25–40% water change, vacuum the substrate, and add fast-growing plants.",medium,6.0,8.0,10.0,24.0,0.02,0.02,20.0,6.5
1137,76,Fish,Common Goldfish,Carassius auratus,Low,5.27,34.9,0.001,0.003,5.0,9.9,critical,"pH, Temperature",pH,Correct pH slowly with small water changes only. Move no more than 0.2 pH per day.,critical,6.0,8.0,10.0,24.0,0.02,0.02,20.0,6.5
1138,76,Fish,Common Goldfish,Carassius auratus,Low,9.15,13.6,0.001,0.002,6.3,9.6,critical,pH,pH,Correct pH slowly with small water changes only. Move no more than 0.2 pH per day.,critical,6.0,8.0,10.0,24.0,0.02,0.02,20.0,6.5
1139,76,Fish,Common Goldfish,Carassius auratus,Low,9.94,13.1,0.003,0.004,5.6,8.3,critical,pH,pH,Correct pH slowly with small water changes only. Move no more than 0.2 pH per day.,critical,6.0,8.0,10.0,24.0,0.02,0.02,20.0,6.5
1140,76,Fish,Common Goldfish,Carassius auratus,Low,9.93,15.9,0.001,0.002,7.1,8.7,critical,pH,pH,Correct pH slowly with small water changes only. Move no more than 0.2 pH per day.,critical,6.0,8.0,10.0,24.0,0.02,0.02,20.0,6.5
1141,77,Fish,Fancy Goldfish (Oranda),Carassius auratus,Medium,6.66,18.7,0.001,0.001,6.0,11.3,excellent,,,Keep weekly testing and regular water changes.,low,6.0,8.0,18.0,22.0,0.02,0.02,20.0,6.5
1142,77,Fish,Fancy Goldfish (Oranda),Carassius auratus,Medium,7.68,19.5,0.002,0.0,6.0,8.5,excellent,,,Keep weekly testing and regular water changes.,low,6.0,8.0,18.0,22.0,0.02,0.02,20.0,6.5
1143,77,Fish,Fancy Goldfish (Oranda),Carassius auratus,Medium,7.81,21.0,0.001,0.003,6.2,10.9,excellent,,,Keep weekly testing and regular water changes.,low,6.0,8.0,18.0,22.0,0.02,0.02,20.0,6.5
1144,77,Fish,Fancy Goldfish (Oranda),Carassius auratus,Medium,6.96,19.1,0.003,0.0,6.2,9.0,excellent,,,Keep weekly testing and regular water changes.,low,6.0,8.0,18.0,22.0,0.02,0.02,20.0,6.5
1145,77,Fish,Fancy Goldfish (Oranda),Carassius auratus,Medium,7.36,21.2,0.008,0.006,17.4,7.0,good,,,Keep weekly testing and regular water changes.,low,6.0,8.0,18.0,22.0,0.02,0.02,20.0,6.5
1146,77,Fish,Fancy Goldfish (Oranda),Carassius auratus,Medium,7.13,20.6,0.011,0.012,16.1,7.7,good,,,Keep weekly testing and regular water changes.,low,6.0,8.0,18.0,22.0,0.02,0.02,20.0,6.5
1147,77,Fish,Fancy Goldfish (Oranda),Carassius auratus,Medium,6.3,18.2,0.008,0.013,18.3,8.0,good,,,Keep weekly testing and regular water changes.,low,6.0,8.0,18.0,22.0,0.02,0.02,20.0,6.5
1148,77,Fish,Fancy Goldfish (Oranda),Carassius auratus,Medium,8.22,20.1,0.003,0.003,3.8,11.3,watch,pH,pH,Correct pH slowly with small water changes only. Move no more than 0.2 pH per day.,high,6.0,8.0,18.0,22.0,0.02,0.02,20.0,6.5
1149,77,Fish,Fancy Goldfish (Oranda),Carassius auratus,Medium,8.45,20.0,0.001,0.002,8.3,8.7,watch,pH,pH,Correct pH slowly with small water changes only. Move no more than 0.2 pH per day.,high,6.0,8.0,18.0,22.0,0.02,0.02,20.0,6.5
1150,77,Fish,Fancy Goldfish (Oranda),Carassius auratus,Medium,5.65,18.9,0.002,0.002,4.3,9.6,watch,pH,pH,Correct pH slowly with small water changes only. Move no more than 0.2 pH per day.,high,6.0,8.0,18.0,22.0,0.02,0.02,20.0,6.5
1151,77,Fish,Fancy Goldfish (Oranda),Carassius auratus,Medium,7.41,17.0,0.002,0.002,5.8,10.2,watch,Temperature,Temperature,Adjust the heater 1°C at a time. Increase surface movement if the tank is hot.,high,6.0,8.0,18.0,22.0,0.02,0.02,20.0,6.5
1152,77,Fish,Fancy Goldfish (Oranda),Carassius auratus,Medium,6.66,19.1,0.12,0.004,6.2,3.3,critical,"Ammonia, DissolvedO2",Ammonia,Do a 40–50% water change with dechlorinated water. Pause feeding 24 hours and add beneficial bacteria.,critical,6.0,8.0,18.0,22.0,0.02,0.02,20.0,6.5
1153,77,Fish,Fancy Goldfish (Oranda),Carassius auratus,Medium,6.88,19.9,0.12,0.0,6.0,3.6,critical,"Ammonia, DissolvedO2",Ammonia,Do a 40–50% water change with dechlorinated water. Pause feeding 24 hours and add beneficial bacteria.,critical,6.0,8.0,18.0,22.0,0.02,0.02,20.0,6.5
1154,77,Fish,Fancy Goldfish (Oranda),Carassius auratus,Medium,7.89,20.8,0.12,0.001,6.3,3.8,critical,"Ammonia, DissolvedO2",Ammonia,Do a 40–50% water change with dechlorinated water. Pause feeding 24 hours and add beneficial bacteria.,critical,6.0,8.0,18.0,22.0,0.02,0.02,20.0,6.5
1155,77,Fish,Fancy Goldfish (Oranda),Carassius auratus,Medium,6.43,20.6,0.307,5.14,61.2,10.0,critical,"Ammonia, Nitrite, Nitrate",Ammonia,Do a 40–50% water change with dechlorinated water. Pause feeding 24 hours and add beneficial bacteria.,critical,6.0,8.0,18.0,22.0,0.02,0.02,20.0,6.5
1156,78,Fish,White Cloud Mountain Minnow,Tanichthys albonubes,Low,7.6,21.0,0.003,0.001,3.7,9.3,excellent,,,Keep weekly testing and regular water changes.,low,6.0,8.0,14.0,22.0,0.02,0.02,20.0,6.6
1157,78,Fish,White Cloud Mountain Minnow,Tanichthys albonubes,Low,7.63,19.1,0.004,0.001,6.1,10.9,excellent,,,Keep weekly testing and regular water changes.,low,6.0,8.0,14.0,22.0,0.02,0.02,20.0,6.6
1158,78,Fish,White Cloud Mountain Minnow,Tanichthys albonubes,Low,6.51,21.2,0.002,0.0,3.3,11.2,excellent,,,Keep weekly testing and regular water changes.,low,6.0,8.0,14.0,22.0,0.02,0.02,20.0,6.6
1159,78,Fish,White Cloud Mountain Minnow,Tanichthys albonubes,Low,7.27,19.8,0.003,0.002,7.4,11.4,excellent,,,Keep weekly testing and regular water changes.,low,6.0,8.0,14.0,22.0,0.02,0.02,20.0,6.6
1160,78,Fish,White Cloud Mountain Minnow,Tanichthys albonubes,Low,6.36,20.0,0.01,0.005,15.5,8.2,good,,,Keep weekly testing and regular water changes.,low,6.0,8.0,14.0,22.0,0.02,0.02,20.0,6.6
1161,78,Fish,White Cloud Mountain Minnow,Tanichthys albonubes,Low,6.06,17.5,0.014,0.002,17.8,8.3,good,,,Keep weekly testing and regular water changes.,low,6.0,8.0,14.0,22.0,0.02,0.02,20.0,6.6
1162,78,Fish,White Cloud Mountain Minnow,Tanichthys albonubes,Low,6.2,15.3,0.017,0.003,13.5,8.3,good,,,Keep weekly testing and regular water changes.,low,6.0,8.0,14.0,22.0,0.02,0.02,20.0,6.6
1163,78,Fish,White Cloud Mountain Minnow,Tanichthys albonubes,Low,7.72,24.1,0.002,0.004,6.6,10.5,watch,Temperature,Temperature,Adjust the heater 1°C at a time. Increase surface movement if the tank is hot.,high,6.0,8.0,14.0,22.0,0.02,0.02,20.0,6.6
1164,78,Fish,White Cloud Mountain Minnow,Tanichthys albonubes,Low,7.01,17.3,0.049,0.002,5.1,9.8,watch,Ammonia,Ammonia,Do a 40–50% water change with dechlorinated water. Pause feeding 24 hours and add beneficial bacteria.,critical,6.0,8.0,14.0,22.0,0.02,0.02,20.0,6.6
1165,78,Fish,White Cloud Mountain Minnow,Tanichthys albonubes,Low,8.47,14.8,0.001,0.001,7.3,9.8,watch,pH,pH,Correct pH slowly with small water changes only. Move no more than 0.2 pH per day.,high,6.0,8.0,14.0,22.0,0.02,0.02,20.0,6.6
1166,78,Fish,White Cloud Mountain Minnow,Tanichthys albonubes,Low,5.52,15.8,0.003,0.002,7.2,11.1,watch,pH,pH,Correct pH slowly with small water changes only. Move no more than 0.2 pH per day.,high,6.0,8.0,14.0,22.0,0.02,0.02,20.0,6.6
1167,78,Fish,White Cloud Mountain Minnow,Tanichthys albonubes,Low,6.2,20.0,0.664,1.245,8.0,9.7,critical,"Ammonia, Nitrite",Ammonia,Do a 40–50% water change with dechlorinated water. Pause feeding 24 hours and add beneficial bacteria.,critical,6.0,8.0,14.0,22.0,0.02,0.02,20.0,6.6
1168,78,Fish,White Cloud Mountain Minnow,Tanichthys albonubes,Low,6.37,20.8,1.017,2.053,77.9,10.9,critical,"Ammonia, Nitrite, Nitrate",Ammonia,Do a 40–50% water change with dechlorinated water. Pause feeding 24 hours and add beneficial bacteria.,critical,6.0,8.0,14.0,22.0,0.02,0.02,20.0,6.6
1169,78,Fish,White Cloud Mountain Minnow,Tanichthys albonubes,Low,10.34,35.8,0.001,0.004,7.7,9.3,critical,"pH, Temperature",pH,Correct pH slowly with small water changes only. Move no more than 0.2 pH per day.,critical,6.0,8.0,14.0,22.0,0.02,0.02,20.0,6.6
1170,78,Fish,White Cloud Mountain Minnow,Tanichthys albonubes,Low,6.38,18.3,1.201,3.7,52.5,11.5,critical,"Ammonia, Nitrite, Nitrate",Ammonia,Do a 40–50% water change with dechlorinated water. Pause feeding 24 hours and add beneficial bacteria.,critical,6.0,8.0,14.0,22.0,0.02,0.02,20.0,6.6
1171,79,Fish,Bloodfin Tetra,Aphyocharax anisitsi,Low,7.18,21.9,0.003,0.001,6.5,8.3,excellent,,,Keep weekly testing and regular water changes.,low,6.0,7.5,18.0,24.0,0.02,0.02,20.0,6.4
1172,79,Fish,Bloodfin Tetra,Aphyocharax anisitsi,Low,6.34,23.1,0.003,0.001,3.8,11.4,excellent,,,Keep weekly testing and regular water changes.,low,6.0,7.5,18.0,24.0,0.02,0.02,20.0,6.4
1173,79,Fish,Bloodfin Tetra,Aphyocharax anisitsi,Low,6.23,19.8,0.001,0.0,4.8,11.5,excellent,,,Keep weekly testing and regular water changes.,low,6.0,7.5,18.0,24.0,0.02,0.02,20.0,6.4
1174,79,Fish,Bloodfin Tetra,Aphyocharax anisitsi,Low,6.54,21.0,0.003,0.002,7.1,10.4,excellent,,,Keep weekly testing and regular water changes.,low,6.0,7.5,18.0,24.0,0.02,0.02,20.0,6.4
1175,79,Fish,Bloodfin Tetra,Aphyocharax anisitsi,Low,6.91,21.9,0.015,0.01,17.8,6.8,good,,,Keep weekly testing and regular water changes.,low,6.0,7.5,18.0,24.0,0.02,0.02,20.0,6.4
1176,79,Fish,Bloodfin Tetra,Aphyocharax anisitsi,Low,7.01,22.4,0.01,0.012,14.8,7.0,good,,,Keep weekly testing and regular water changes.,low,6.0,7.5,18.0,24.0,0.02,0.02,20.0,6.4
1177,79,Fish,Bloodfin Tetra,Aphyocharax anisitsi,Low,7.29,19.6,0.011,0.005,18.4,7.3,good,,,Keep weekly testing and regular water changes.,low,6.0,7.5,18.0,24.0,0.02,0.02,20.0,6.4
1178,79,Fish,Bloodfin Tetra,Aphyocharax anisitsi,Low,7.01,25.8,0.003,0.004,7.4,9.6,watch,Temperature,Temperature,Adjust the heater 1°C at a time. Increase surface movement if the tank is hot.,high,6.0,7.5,18.0,24.0,0.02,0.02,20.0,6.4
1179,79,Fish,Bloodfin Tetra,Aphyocharax anisitsi,Low,6.11,19.8,0.041,0.001,6.2,9.4,watch,Ammonia,Ammonia,Do a 40–50% water change with dechlorinated water. Pause feeding 24 hours and add beneficial bacteria.,critical,6.0,7.5,18.0,24.0,0.02,0.02,20.0,6.4
1180,79,Fish,Bloodfin Tetra,Aphyocharax anisitsi,Low,6.08,22.7,0.041,0.001,5.5,9.9,watch,Ammonia,Ammonia,Do a 40–50% water change with dechlorinated water. Pause feeding 24 hours and add beneficial bacteria.,critical,6.0,7.5,18.0,24.0,0.02,0.02,20.0,6.4
1181,79,Fish,Bloodfin Tetra,Aphyocharax anisitsi,Low,6.14,16.1,0.002,0.0,7.2,10.4,watch,Temperature,Temperature,Adjust the heater 1°C at a time. Increase surface movement if the tank is hot.,high,6.0,7.5,18.0,24.0,0.02,0.02,20.0,6.4
1182,79,Fish,Bloodfin Tetra,Aphyocharax anisitsi,Low,9.31,34.3,0.002,0.0,4.8,11.6,critical,"pH, Temperature",pH,Correct pH slowly with small water changes only. Move no more than 0.2 pH per day.,critical,6.0,7.5,18.0,24.0,0.02,0.02,20.0,6.4
1183,79,Fish,Bloodfin Tetra,Aphyocharax anisitsi,Low,6.29,22.1,0.635,1.516,3.8,10.4,critical,"Ammonia, Nitrite",Ammonia,Do a 40–50% water change with dechlorinated water. Pause feeding 24 hours and add beneficial bacteria.,critical,6.0,7.5,18.0,24.0,0.02,0.02,20.0,6.4
1184,79,Fish,Bloodfin Tetra,Aphyocharax anisitsi,Low,6.32,22.1,0.12,0.002,4.2,1.5,critical,"Ammonia, DissolvedO2",Ammonia,Do a 40–50% water change with dechlorinated water. Pause feeding 24 hours and add beneficial bacteria.,critical,6.0,7.5,18.0,24.0,0.02,0.02,20.0,6.4
1185,79,Fish,Bloodfin Tetra,Aphyocharax anisitsi,Low,4.21,13.9,0.002,0.003,5.8,10.0,critical,"pH, Temperature",pH,Correct pH slowly with small water changes only. Move no more than 0.2 pH per day.,critical,6.0,7.5,18.0,24.0,0.02,0.02,20.0,6.4
1186,80,Fish,Cape Lopez Killifish,Aphyosemion australe,High,6.41,22.1,0.0,0.001,8.3,8.2,excellent,,,Keep weekly testing and regular water changes.,low,6.0,7.0,20.0,24.0,0.01,0.02,20.0,6.2
1187,80,Fish,Cape Lopez Killifish,Aphyosemion australe,High,6.35,21.5,0.001,0.003,4.5,9.7,excellent,,,Keep weekly testing and regular water changes.,low,6.0,7.0,20.0,24.0,0.01,0.02,20.0,6.2
1188,80,Fish,Cape Lopez Killifish,Aphyosemion australe,High,6.62,21.5,0.002,0.004,3.8,9.2,excellent,,,Keep weekly testing and regular water changes.,low,6.0,7.0,20.0,24.0,0.01,0.02,20.0,6.2
1189,80,Fish,Cape Lopez Killifish,Aphyosemion australe,High,6.25,21.1,0.001,0.002,5.4,9.0,excellent,,,Keep weekly testing and regular water changes.,low,6.0,7.0,20.0,24.0,0.01,0.02,20.0,6.2
1190,80,Fish,Cape Lopez Killifish,Aphyosemion australe,High,6.29,23.8,0.008,0.001,16.9,7.1,good,,,Keep weekly testing and regular water changes.,low,6.0,7.0,20.0,24.0,0.01,0.02,20.0,6.2
1191,80,Fish,Cape Lopez Killifish,Aphyosemion australe,High,6.68,22.4,0.008,0.001,15.1,8.0,good,,,Keep weekly testing and regular water changes.,low,6.0,7.0,20.0,24.0,0.01,0.02,20.0,6.2
1192,80,Fish,Cape Lopez Killifish,Aphyosemion australe,High,6.19,20.6,0.007,0.011,17.0,7.6,good,,,Keep weekly testing and regular water changes.,low,6.0,7.0,20.0,24.0,0.01,0.02,20.0,6.2
1193,80,Fish,Cape Lopez Killifish,Aphyosemion australe,High,6.66,21.0,0.001,0.003,31.6,8.9,watch,Nitrate,Nitrate,"Do a 25–40% water change, vacuum the substrate, and add fast-growing plants.",medium,6.0,7.0,20.0,24.0,0.01,0.02,20.0,6.2
1194,80,Fish,Cape Lopez Killifish,Aphyosemion australe,High,7.16,20.7,0.002,0.002,4.9,8.0,watch,pH,pH,Correct pH slowly with small water changes only. Move no more than 0.2 pH per day.,high,6.0,7.0,20.0,24.0,0.01,0.02,20.0,6.2
1195,80,Fish,Cape Lopez Killifish,Aphyosemion australe,High,6.75,25.9,0.0,0.001,4.1,8.4,watch,Temperature,Temperature,Adjust the heater 1°C at a time. Increase surface movement if the tank is hot.,high,6.0,7.0,20.0,24.0,0.01,0.02,20.0,6.2
1196,80,Fish,Cape Lopez Killifish,Aphyosemion australe,High,5.84,21.6,0.001,0.002,3.9,8.1,watch,pH,pH,Correct pH slowly with small water changes only. Move no more than 0.2 pH per day.,high,6.0,7.0,20.0,24.0,0.01,0.02,20.0,6.2
1197,80,Fish,Cape Lopez Killifish,Aphyosemion australe,High,6.37,22.6,0.12,0.003,6.9,1.9,critical,"Ammonia, DissolvedO2",Ammonia,Do a 40–50% water change with dechlorinated water. Pause feeding 24 hours and add beneficial bacteria.,critical,6.0,7.0,20.0,24.0,0.01,0.02,20.0,6.2
1198,80,Fish,Cape Lopez Killifish,Aphyosemion australe,High,6.13,22.1,0.768,1.211,5.8,10.6,critical,"Ammonia, Nitrite",Ammonia,Do a 40–50% water change with dechlorinated water. Pause feeding 24 hours and add beneficial bacteria.,critical,6.0,7.0,20.0,24.0,0.01,0.02,20.0,6.2
1199,80,Fish,Cape Lopez Killifish,Aphyosemion australe,High,6.86,23.4,0.452,1.167,5.1,8.8,critical,"Ammonia, Nitrite",Ammonia,Do a 40–50% water change with dechlorinated water. Pause feeding 24 hours and add beneficial bacteria.,critical,6.0,7.0,20.0,24.0,0.01,0.02,20.0,6.2
1200,80,Fish,Cape Lopez Killifish,Aphyosemion australe,High,6.72,21.4,0.12,0.001,7.3,1.4,critical,"Ammonia, DissolvedO2",Ammonia,Do a 40–50% water change with dechlorinated water. Pause feeding 24 hours and add beneficial bacteria.,critical,6.0,7.0,20.0,24.0,0.01,0.02,20.0,6.2
1201,81,Fish,Peacock Gudgeon,Tateurndina ocellicauda,Medium,7.13,25.1,0.003,0.002,5.3,10.5,excellent,,,Keep weekly testing and regular water changes.,low,6.5,7.5,24.0,28.0,0.02,0.02,20.0,6.3
1202,81,Fish,Peacock Gudgeon,Tateurndina ocellicauda,Medium,7.3,26.8,0.002,0.003,5.4,10.9,excellent,,,Keep weekly testing and regular water changes.,low,6.5,7.5,24.0,28.0,0.02,0.02,20.0,6.3
1203,81,Fish,Peacock Gudgeon,Tateurndina ocellicauda,Medium,7.28,25.0,0.001,0.001,4.1,9.5,excellent,,,Keep weekly testing and regular water changes.,low,6.5,7.5,24.0,28.0,0.02,0.02,20.0,6.3
1204,81,Fish,Peacock Gudgeon,Tateurndina ocellicauda,Medium,6.74,26.3,0.0,0.001,6.7,9.5,excellent,,,Keep weekly testing and regular water changes.,low,6.5,7.5,24.0,28.0,0.02,0.02,20.0,6.3
1205,81,Fish,Peacock Gudgeon,Tateurndina ocellicauda,Medium,6.92,27.1,0.017,0.008,13.5,6.7,good,,,Keep weekly testing and regular water changes.,low,6.5,7.5,24.0,28.0,0.02,0.02,20.0,6.3
1206,81,Fish,Peacock Gudgeon,Tateurndina ocellicauda,Medium,7.45,26.7,0.015,0.009,14.1,7.2,good,,,Keep weekly testing and regular water changes.,low,6.5,7.5,24.0,28.0,0.02,0.02,20.0,6.3
1207,81,Fish,Peacock Gudgeon,Tateurndina ocellicauda,Medium,7.29,27.4,0.009,0.008,13.9,8.0,good,,,Keep weekly testing and regular water changes.,low,6.5,7.5,24.0,28.0,0.02,0.02,20.0,6.3
1208,81,Fish,Peacock Gudgeon,Tateurndina ocellicauda,Medium,6.79,26.6,0.05,0.002,6.6,9.2,watch,Ammonia,Ammonia,Do a 40–50% water change with dechlorinated water. Pause feeding 24 hours and add beneficial bacteria.,critical,6.5,7.5,24.0,28.0,0.02,0.02,20.0,6.3
1209,81,Fish,Peacock Gudgeon,Tateurndina ocellicauda,Medium,7.3,25.5,0.003,0.002,29.6,9.8,watch,Nitrate,Nitrate,"Do a 25–40% water change, vacuum the substrate, and add fast-growing plants.",medium,6.5,7.5,24.0,28.0,0.02,0.02,20.0,6.3
1210,81,Fish,Peacock Gudgeon,Tateurndina ocellicauda,Medium,6.69,29.9,0.001,0.001,3.9,8.8,watch,Temperature,Temperature,Adjust the heater 1°C at a time. Increase surface movement if the tank is hot.,high,6.5,7.5,24.0,28.0,0.02,0.02,20.0,6.3
1211,81,Fish,Peacock Gudgeon,Tateurndina ocellicauda,Medium,6.6,26.8,0.004,0.004,29.5,11.6,watch,Nitrate,Nitrate,"Do a 25–40% water change, vacuum the substrate, and add fast-growing plants.",medium,6.5,7.5,24.0,28.0,0.02,0.02,20.0,6.3
1212,81,Fish,Peacock Gudgeon,Tateurndina ocellicauda,Medium,7.39,27.3,0.12,0.003,7.3,2.4,critical,"Ammonia, DissolvedO2",Ammonia,Do a 40–50% water change with dechlorinated water. Pause feeding 24 hours and add beneficial bacteria.,critical,6.5,7.5,24.0,28.0,0.02,0.02,20.0,6.3
1213,81,Fish,Peacock Gudgeon,Tateurndina ocellicauda,Medium,6.92,26.4,1.34,7.22,54.8,10.6,critical,"Ammonia, Nitrite, Nitrate",Ammonia,Do a 40–50% water change with dechlorinated water. Pause feeding 24 hours and add beneficial bacteria.,critical,6.5,7.5,24.0,28.0,0.02,0.02,20.0,6.3
1214,81,Fish,Peacock Gudgeon,Tateurndina ocellicauda,Medium,6.63,26.2,0.12,0.002,5.2,3.4,critical,"Ammonia, DissolvedO2",Ammonia,Do a 40–50% water change with dechlorinated water. Pause feeding 24 hours and add beneficial bacteria.,critical,6.5,7.5,24.0,28.0,0.02,0.02,20.0,6.3
1215,81,Fish,Peacock Gudgeon,Tateurndina ocellicauda,Medium,6.73,26.5,0.12,0.001,4.0,3.5,critical,"Ammonia, DissolvedO2",Ammonia,Do a 40–50% water change with dechlorinated water. Pause feeding 24 hours and add beneficial bacteria.,critical,6.5,7.5,24.0,28.0,0.02,0.02,20.0,6.3
1216,82,Fish,Black Ghost Knifefish,Apteronotus albifrons,High,6.88,26.9,0.002,0.003,8.3,9.5,excellent,,,Keep weekly testing and regular water changes.,low,6.0,7.5,24.0,28.0,0.02,0.02,20.0,6.3
1217,82,Fish,Black Ghost Knifefish,Apteronotus albifrons,High,6.28,25.0,0.002,0.002,4.2,11.2,excellent,,,Keep weekly testing and regular water changes.,low,6.0,7.5,24.0,28.0,0.02,0.02,20.0,6.3
1218,82,Fish,Black Ghost Knifefish,Apteronotus albifrons,High,7.36,25.3,0.001,0.001,5.2,11.1,excellent,,,Keep weekly testing and regular water changes.,low,6.0,7.5,24.0,28.0,0.02,0.02,20.0,6.3
1219,82,Fish,Black Ghost Knifefish,Apteronotus albifrons,High,6.88,24.8,0.002,0.0,5.3,9.5,excellent,,,Keep weekly testing and regular water changes.,low,6.0,7.5,24.0,28.0,0.02,0.02,20.0,6.3
1220,82,Fish,Black Ghost Knifefish,Apteronotus albifrons,High,6.97,26.2,0.016,0.0,17.6,6.5,good,,,Keep weekly testing and regular water changes.,low,6.0,7.5,24.0,28.0,0.02,0.02,20.0,6.3
1221,82,Fish,Black Ghost Knifefish,Apteronotus albifrons,High,6.46,27.4,0.014,0.002,15.9,7.7,good,,,Keep weekly testing and regular water changes.,low,6.0,7.5,24.0,28.0,0.02,0.02,20.0,6.3
1222,82,Fish,Black Ghost Knifefish,Apteronotus albifrons,High,7.39,26.5,0.007,0.007,13.9,6.6,good,,,Keep weekly testing and regular water changes.,low,6.0,7.5,24.0,28.0,0.02,0.02,20.0,6.3
1223,82,Fish,Black Ghost Knifefish,Apteronotus albifrons,High,5.81,24.7,0.003,0.003,7.1,9.0,watch,pH,pH,Correct pH slowly with small water changes only. Move no more than 0.2 pH per day.,high,6.0,7.5,24.0,28.0,0.02,0.02,20.0,6.3
1224,82,Fish,Black Ghost Knifefish,Apteronotus albifrons,High,6.4,30.4,0.001,0.001,4.2,11.3,watch,Temperature,Temperature,Adjust the heater 1°C at a time. Increase surface movement if the tank is hot.,high,6.0,7.5,24.0,28.0,0.02,0.02,20.0,6.3
1225,82,Fish,Black Ghost Knifefish,Apteronotus albifrons,High,6.54,27.3,0.001,0.002,27.1,9.7,watch,Nitrate,Nitrate,"Do a 25–40% water change, vacuum the substrate, and add fast-growing plants.",medium,6.0,7.5,24.0,28.0,0.02,0.02,20.0,6.3
1226,82,Fish,Black Ghost Knifefish,Apteronotus albifrons,High,5.77,26.3,0.002,0.002,4.6,10.0,watch,pH,pH,Correct pH slowly with small water changes only. Move no more than 0.2 pH per day.,high,6.0,7.5,24.0,28.0,0.02,0.02,20.0,6.3
1227,82,Fish,Black Ghost Knifefish,Apteronotus albifrons,High,7.24,26.7,0.12,0.003,3.2,2.7,critical,"Ammonia, DissolvedO2",Ammonia,Do a 40–50% water change with dechlorinated water. Pause feeding 24 hours and add beneficial bacteria.,critical,6.0,7.5,24.0,28.0,0.02,0.02,20.0,6.3
1228,82,Fish,Black Ghost Knifefish,Apteronotus albifrons,High,10.35,34.1,0.002,0.001,6.4,9.1,critical,"pH, Temperature",pH,Correct pH slowly with small water changes only. Move no more than 0.2 pH per day.,critical,6.0,7.5,24.0,28.0,0.02,0.02,20.0,6.3
1229,82,Fish,Black Ghost Knifefish,Apteronotus albifrons,High,9.97,12.2,0.004,0.001,3.8,8.3,critical,"pH, Temperature",pH,Correct pH slowly with small water changes only. Move no more than 0.2 pH per day.,critical,6.0,7.5,24.0,28.0,0.02,0.02,20.0,6.3
1230,82,Fish,Black Ghost Knifefish,Apteronotus albifrons,High,9.94,36.1,0.002,0.001,8.2,9.8,critical,"pH, Temperature",pH,Correct pH slowly with small water changes only. Move no more than 0.2 pH per day.,critical,6.0,7.5,24.0,28.0,0.02,0.02,20.0,6.3
1231,83,Fish,Flying Fox,Crossocheilus siamensis,Medium,6.41,23.7,0.003,0.002,5.1,8.9,excellent,,,Keep weekly testing and regular water changes.,low,6.0,7.5,22.0,26.0,0.02,0.02,20.0,6.5
1232,83,Fish,Flying Fox,Crossocheilus siamensis,Medium,6.76,23.5,0.004,0.002,7.7,9.6,excellent,,,Keep weekly testing and regular water changes.,low,6.0,7.5,22.0,26.0,0.02,0.02,20.0,6.5
1233,83,Fish,Flying Fox,Crossocheilus siamensis,Medium,7.19,22.8,0.001,0.0,3.4,11.3,excellent,,,Keep weekly testing and regular water changes.,low,6.0,7.5,22.0,26.0,0.02,0.02,20.0,6.5
1234,83,Fish,Flying Fox,Crossocheilus siamensis,Medium,7.04,24.4,0.002,0.002,6.5,11.0,excellent,,,Keep weekly testing and regular water changes.,low,6.0,7.5,22.0,26.0,0.02,0.02,20.0,6.5
1235,83,Fish,Flying Fox,Crossocheilus siamensis,Medium,6.89,24.9,0.01,0.014,13.2,7.3,good,,,Keep weekly testing and regular water changes.,low,6.0,7.5,22.0,26.0,0.02,0.02,20.0,6.5
1236,83,Fish,Flying Fox,Crossocheilus siamensis,Medium,7.31,22.8,0.008,0.005,15.6,8.2,good,,,Keep weekly testing and regular water changes.,low,6.0,7.5,22.0,26.0,0.02,0.02,20.0,6.5
1237,83,Fish,Flying Fox,Crossocheilus siamensis,Medium,7.24,23.9,0.017,0.009,18.2,7.1,good,,,Keep weekly testing and regular water changes.,low,6.0,7.5,22.0,26.0,0.02,0.02,20.0,6.5
1238,83,Fish,Flying Fox,Crossocheilus siamensis,Medium,6.74,22.7,0.026,0.003,3.8,10.1,watch,Ammonia,Ammonia,Do a 40–50% water change with dechlorinated water. Pause feeding 24 hours and add beneficial bacteria.,critical,6.0,7.5,22.0,26.0,0.02,0.02,20.0,6.5
1239,83,Fish,Flying Fox,Crossocheilus siamensis,Medium,6.68,24.5,0.004,0.001,30.2,11.1,watch,Nitrate,Nitrate,"Do a 25–40% water change, vacuum the substrate, and add fast-growing plants.",medium,6.0,7.5,22.0,26.0,0.02,0.02,20.0,6.5
1240,83,Fish,Flying Fox,Crossocheilus siamensis,Medium,6.61,28.2,0.003,0.001,8.4,11.3,watch,Temperature,Temperature,Adjust the heater 1°C at a time. Increase surface movement if the tank is hot.,high,6.0,7.5,22.0,26.0,0.02,0.02,20.0,6.5
1241,83,Fish,Flying Fox,Crossocheilus siamensis,Medium,6.78,28.6,0.003,0.0,3.6,9.4,watch,Temperature,Temperature,Adjust the heater 1°C at a time. Increase surface movement if the tank is hot.,high,6.0,7.5,22.0,26.0,0.02,0.02,20.0,6.5
1242,83,Fish,Flying Fox,Crossocheilus siamensis,Medium,6.61,25.1,0.367,1.289,51.1,10.2,critical,"Ammonia, Nitrite, Nitrate",Ammonia,Do a 40–50% water change with dechlorinated water. Pause feeding 24 hours and add beneficial bacteria.,critical,6.0,7.5,22.0,26.0,0.02,0.02,20.0,6.5
1243,83,Fish,Flying Fox,Crossocheilus siamensis,Medium,5.29,14.3,0.001,0.0,4.6,9.6,critical,"pH, Temperature",pH,Correct pH slowly with small water changes only. Move no more than 0.2 pH per day.,critical,6.0,7.5,22.0,26.0,0.02,0.02,20.0,6.5
1244,83,Fish,Flying Fox,Crossocheilus siamensis,Medium,10.28,13.9,0.004,0.003,8.4,8.4,critical,"pH, Temperature",pH,Correct pH slowly with small water changes only. Move no more than 0.2 pH per day.,critical,6.0,7.5,22.0,26.0,0.02,0.02,20.0,6.5
1245,83,Fish,Flying Fox,Crossocheilus siamensis,Medium,6.89,23.6,0.423,1.479,5.0,9.0,critical,"Ammonia, Nitrite",Ammonia,Do a 40–50% water change with dechlorinated water. Pause feeding 24 hours and add beneficial bacteria.,critical,6.0,7.5,22.0,26.0,0.02,0.02,20.0,6.5
1246,84,Fish,Red Tail Shark,Epalzeorhynchos bicolor,Medium,7.15,24.7,0.001,0.003,6.8,8.4,excellent,,,Keep weekly testing and regular water changes.,low,6.5,7.5,22.0,26.0,0.02,0.02,20.0,6.5
1247,84,Fish,Red Tail Shark,Epalzeorhynchos bicolor,Medium,6.86,23.9,0.001,0.0,4.3,8.4,excellent,,,Keep weekly testing and regular water changes.,low,6.5,7.5,22.0,26.0,0.02,0.02,20.0,6.5
1248,84,Fish,Red Tail Shark,Epalzeorhynchos bicolor,Medium,6.66,23.3,0.003,0.002,5.4,10.5,excellent,,,Keep weekly testing and regular water changes.,low,6.5,7.5,22.0,26.0,0.02,0.02,20.0,6.5
1249,84,Fish,Red Tail Shark,Epalzeorhynchos bicolor,Medium,7.03,23.0,0.001,0.001,6.3,9.8,excellent,,,Keep weekly testing and regular water changes.,low,6.5,7.5,22.0,26.0,0.02,0.02,20.0,6.5
1250,84,Fish,Red Tail Shark,Epalzeorhynchos bicolor,Medium,6.89,24.2,0.017,0.004,16.1,7.5,good,,,Keep weekly testing and regular water changes.,low,6.5,7.5,22.0,26.0,0.02,0.02,20.0,6.5
1251,84,Fish,Red Tail Shark,Epalzeorhynchos bicolor,Medium,7.21,24.9,0.014,0.003,15.7,8.0,good,,,Keep weekly testing and regular water changes.,low,6.5,7.5,22.0,26.0,0.02,0.02,20.0,6.5
1252,84,Fish,Red Tail Shark,Epalzeorhynchos bicolor,Medium,6.89,25.8,0.011,0.007,15.8,7.4,good,,,Keep weekly testing and regular water changes.,low,6.5,7.5,22.0,26.0,0.02,0.02,20.0,6.5
1253,84,Fish,Red Tail Shark,Epalzeorhynchos bicolor,Medium,6.04,23.0,0.002,0.002,7.6,10.3,watch,pH,pH,Correct pH slowly with small water changes only. Move no more than 0.2 pH per day.,high,6.5,7.5,22.0,26.0,0.02,0.02,20.0,6.5
1254,84,Fish,Red Tail Shark,Epalzeorhynchos bicolor,Medium,6.87,25.0,0.044,0.001,6.4,9.2,watch,Ammonia,Ammonia,Do a 40–50% water change with dechlorinated water. Pause feeding 24 hours and add beneficial bacteria.,critical,6.5,7.5,22.0,26.0,0.02,0.02,20.0,6.5
1255,84,Fish,Red Tail Shark,Epalzeorhynchos bicolor,Medium,7.9,24.7,0.002,0.002,3.3,10.6,watch,pH,pH,Correct pH slowly with small water changes only. Move no more than 0.2 pH per day.,high,6.5,7.5,22.0,26.0,0.02,0.02,20.0,6.5
1256,84,Fish,Red Tail Shark,Epalzeorhynchos bicolor,Medium,6.85,26.9,0.002,0.004,4.4,10.5,watch,Temperature,Temperature,Adjust the heater 1°C at a time. Increase surface movement if the tank is hot.,high,6.5,7.5,22.0,26.0,0.02,0.02,20.0,6.5
1257,84,Fish,Red Tail Shark,Epalzeorhynchos bicolor,Medium,4.77,37.6,0.002,0.001,3.8,9.4,critical,"pH, Temperature",pH,Correct pH slowly with small water changes only. Move no more than 0.2 pH per day.,critical,6.5,7.5,22.0,26.0,0.02,0.02,20.0,6.5
1258,84,Fish,Red Tail Shark,Epalzeorhynchos bicolor,Medium,4.84,14.4,0.002,0.001,7.7,10.5,critical,"pH, Temperature",pH,Correct pH slowly with small water changes only. Move no more than 0.2 pH per day.,critical,6.5,7.5,22.0,26.0,0.02,0.02,20.0,6.5
1259,84,Fish,Red Tail Shark,Epalzeorhynchos bicolor,Medium,9.68,14.0,0.001,0.003,3.3,8.8,critical,"pH, Temperature",pH,Correct pH slowly with small water changes only. Move no more than 0.2 pH per day.,critical,6.5,7.5,22.0,26.0,0.02,0.02,20.0,6.5
1260,84,Fish,Red Tail Shark,Epalzeorhynchos bicolor,Medium,6.94,22.9,0.784,1.384,7.1,11.6,critical,"Ammonia, Nitrite",Ammonia,Do a 40–50% water change with dechlorinated water. Pause feeding 24 hours and add beneficial bacteria.,critical,6.5,7.5,22.0,26.0,0.02,0.02,20.0,6.5
1261,85,Fish,Rainbow Shark,Epalzeorhynchos frenatum,Medium,7.21,25.1,0.002,0.001,5.9,9.2,excellent,,,Keep weekly testing and regular water changes.,low,6.5,7.5,22.0,27.0,0.02,0.02,20.0,6.5
1262,85,Fish,Rainbow Shark,Epalzeorhynchos frenatum,Medium,6.99,23.2,0.002,0.001,4.7,9.9,excellent,,,Keep weekly testing and regular water changes.,low,6.5,7.5,22.0,27.0,0.02,0.02,20.0,6.5
1263,85,Fish,Rainbow Shark,Epalzeorhynchos frenatum,Medium,6.72,26.3,0.002,0.001,3.4,11.1,excellent,,,Keep weekly testing and regular water changes.,low,6.5,7.5,22.0,27.0,0.02,0.02,20.0,6.5
1264,85,Fish,Rainbow Shark,Epalzeorhynchos frenatum,Medium,7.11,24.2,0.001,0.003,8.1,9.6,excellent,,,Keep weekly testing and regular water changes.,low,6.5,7.5,22.0,27.0,0.02,0.02,20.0,6.5
1265,85,Fish,Rainbow Shark,Epalzeorhynchos frenatum,Medium,6.65,22.7,0.007,0.01,18.9,8.3,good,,,Keep weekly testing and regular water changes.,low,6.5,7.5,22.0,27.0,0.02,0.02,20.0,6.5
1266,85,Fish,Rainbow Shark,Epalzeorhynchos frenatum,Medium,7.27,22.9,0.017,0.005,15.0,7.8,good,,,Keep weekly testing and regular water changes.,low,6.5,7.5,22.0,27.0,0.02,0.02,20.0,6.5
1267,85,Fish,Rainbow Shark,Epalzeorhynchos frenatum,Medium,6.57,26.0,0.017,0.011,17.7,7.3,good,,,Keep weekly testing and regular water changes.,low,6.5,7.5,22.0,27.0,0.02,0.02,20.0,6.5
1268,85,Fish,Rainbow Shark,Epalzeorhynchos frenatum,Medium,6.64,29.2,0.002,0.004,3.8,9.3,watch,Temperature,Temperature,Adjust the heater 1°C at a time. Increase surface movement if the tank is hot.,high,6.5,7.5,22.0,27.0,0.02,0.02,20.0,6.5
1269,85,Fish,Rainbow Shark,Epalzeorhynchos frenatum,Medium,7.24,28.5,0.001,0.002,3.4,9.1,watch,Temperature,Temperature,Adjust the heater 1°C at a time. Increase surface movement if the tank is hot.,high,6.5,7.5,22.0,27.0,0.02,0.02,20.0,6.5
1270,85,Fish,Rainbow Shark,Epalzeorhynchos frenatum,Medium,7.93,24.4,0.001,0.002,7.5,9.1,watch,pH,pH,Correct pH slowly with small water changes only. Move no more than 0.2 pH per day.,high,6.5,7.5,22.0,27.0,0.02,0.02,20.0,6.5
1271,85,Fish,Rainbow Shark,Epalzeorhynchos frenatum,Medium,7.23,28.7,0.001,0.002,7.9,9.6,watch,Temperature,Temperature,Adjust the heater 1°C at a time. Increase surface movement if the tank is hot.,high,6.5,7.5,22.0,27.0,0.02,0.02,20.0,6.5
1272,85,Fish,Rainbow Shark,Epalzeorhynchos frenatum,Medium,7.41,23.0,0.875,1.893,4.0,10.7,critical,"Ammonia, Nitrite",Ammonia,Do a 40–50% water change with dechlorinated water. Pause feeding 24 hours and add beneficial bacteria.,critical,6.5,7.5,22.0,27.0,0.02,0.02,20.0,6.5
1273,85,Fish,Rainbow Shark,Epalzeorhynchos frenatum,Medium,4.25,13.3,0.003,0.004,6.4,10.3,critical,"pH, Temperature",pH,Correct pH slowly with small water changes only. Move no more than 0.2 pH per day.,critical,6.5,7.5,22.0,27.0,0.02,0.02,20.0,6.5
1274,85,Fish,Rainbow Shark,Epalzeorhynchos frenatum,Medium,7.38,26.4,0.12,0.001,5.7,3.0,critical,"Ammonia, DissolvedO2",Ammonia,Do a 40–50% water change with dechlorinated water. Pause feeding 24 hours and add beneficial bacteria.,critical,6.5,7.5,22.0,27.0,0.02,0.02,20.0,6.5
1275,85,Fish,Rainbow Shark,Epalzeorhynchos frenatum,Medium,6.92,22.9,0.322,2.039,66.6,8.6,critical,"Ammonia, Nitrite, Nitrate",Ammonia,Do a 40–50% water change with dechlorinated water. Pause feeding 24 hours and add beneficial bacteria.,critical,6.5,7.5,22.0,27.0,0.02,0.02,20.0,6.5
1276,86,Fish,Roseline Shark,Sahyadria denisonii,Medium,7.64,19.4,0.0,0.003,5.1,9.2,excellent,,,Keep weekly testing and regular water changes.,low,6.5,7.8,15.0,22.0,0.02,0.02,20.0,6.6
1277,86,Fish,Roseline Shark,Sahyadria denisonii,Medium,7.23,15.7,0.002,0.003,8.0,9.5,excellent,,,Keep weekly testing and regular water changes.,low,6.5,7.8,15.0,22.0,0.02,0.02,20.0,6.6
1278,86,Fish,Roseline Shark,Sahyadria denisonii,Medium,7.31,16.9,0.002,0.001,6.2,8.9,excellent,,,Keep weekly testing and regular water changes.,low,6.5,7.8,15.0,22.0,0.02,0.02,20.0,6.6
1279,86,Fish,Roseline Shark,Sahyadria denisonii,Medium,7.65,20.7,0.001,0.003,3.7,10.8,excellent,,,Keep weekly testing and regular water changes.,low,6.5,7.8,15.0,22.0,0.02,0.02,20.0,6.6
1280,86,Fish,Roseline Shark,Sahyadria denisonii,Medium,6.88,16.1,0.014,0.007,16.2,7.6,good,,,Keep weekly testing and regular water changes.,low,6.5,7.8,15.0,22.0,0.02,0.02,20.0,6.6
1281,86,Fish,Roseline Shark,Sahyadria denisonii,Medium,6.59,15.5,0.013,0.009,13.3,7.4,good,,,Keep weekly testing and regular water changes.,low,6.5,7.8,15.0,22.0,0.02,0.02,20.0,6.6
1282,86,Fish,Roseline Shark,Sahyadria denisonii,Medium,7.29,19.5,0.015,0.006,16.3,7.7,good,,,Keep weekly testing and regular water changes.,low,6.5,7.8,15.0,22.0,0.02,0.02,20.0,6.6
1283,86,Fish,Roseline Shark,Sahyadria denisonii,Medium,8.11,15.9,0.0,0.003,4.2,10.4,watch,pH,pH,Correct pH slowly with small water changes only. Move no more than 0.2 pH per day.,high,6.5,7.8,15.0,22.0,0.02,0.02,20.0,6.6
1284,86,Fish,Roseline Shark,Sahyadria denisonii,Medium,7.53,13.0,0.0,0.003,5.8,9.5,watch,Temperature,Temperature,Adjust the heater 1°C at a time. Increase surface movement if the tank is hot.,high,6.5,7.8,15.0,22.0,0.02,0.02,20.0,6.6
1285,86,Fish,Roseline Shark,Sahyadria denisonii,Medium,7.36,17.4,0.004,0.003,27.9,8.6,watch,Nitrate,Nitrate,"Do a 25–40% water change, vacuum the substrate, and add fast-growing plants.",medium,6.5,7.8,15.0,22.0,0.02,0.02,20.0,6.6
1286,86,Fish,Roseline Shark,Sahyadria denisonii,Medium,6.08,18.6,0.003,0.001,6.9,11.0,watch,pH,pH,Correct pH slowly with small water changes only. Move no more than 0.2 pH per day.,high,6.5,7.8,15.0,22.0,0.02,0.02,20.0,6.6
1287,86,Fish,Roseline Shark,Sahyadria denisonii,Medium,7.46,20.8,0.603,7.492,54.6,10.2,critical,"Ammonia, Nitrite, Nitrate",Ammonia,Do a 40–50% water change with dechlorinated water. Pause feeding 24 hours and add beneficial bacteria.,critical,6.5,7.8,15.0,22.0,0.02,0.02,20.0,6.6
1288,86,Fish,Roseline Shark,Sahyadria denisonii,Medium,6.78,18.3,0.587,1.857,8.0,9.9,critical,"Ammonia, Nitrite",Ammonia,Do a 40–50% water change with dechlorinated water. Pause feeding 24 hours and add beneficial bacteria.,critical,6.5,7.8,15.0,22.0,0.02,0.02,20.0,6.6
1289,86,Fish,Roseline Shark,Sahyadria denisonii,Medium,7.51,17.0,0.78,1.488,7.6,10.2,critical,"Ammonia, Nitrite",Ammonia,Do a 40–50% water change with dechlorinated water. Pause feeding 24 hours and add beneficial bacteria.,critical,6.5,7.8,15.0,22.0,0.02,0.02,20.0,6.6
1290,86,Fish,Roseline Shark,Sahyadria denisonii,Medium,7.22,20.6,0.596,1.139,6.7,10.5,critical,"Ammonia, Nitrite",Ammonia,Do a 40–50% water change with dechlorinated water. Pause feeding 24 hours and add beneficial bacteria.,critical,6.5,7.8,15.0,22.0,0.02,0.02,20.0,6.6
1291,87,Fish,African Butterflyfish,Pantodon buchholzi,High,7.03,26.3,0.001,0.0,3.4,10.3,excellent,,,Keep weekly testing and regular water changes.,low,6.0,7.5,24.0,28.0,0.01,0.01,10.0,6.0
1292,87,Fish,African Butterflyfish,Pantodon buchholzi,High,6.54,25.6,0.0,0.002,3.8,9.9,excellent,,,Keep weekly testing and regular water changes.,low,6.0,7.5,24.0,28.0,0.01,0.01,10.0,6.0
1293,87,Fish,African Butterflyfish,Pantodon buchholzi,High,6.62,26.7,0.001,0.002,1.7,7.9,excellent,,,Keep weekly testing and regular water changes.,low,6.0,7.5,24.0,28.0,0.01,0.01,10.0,6.0
1294,87,Fish,African Butterflyfish,Pantodon buchholzi,High,6.84,25.2,0.001,0.002,2.0,9.5,excellent,,,Keep weekly testing and regular water changes.,low,6.0,7.5,24.0,28.0,0.01,0.01,10.0,6.0
1295,87,Fish,African Butterflyfish,Pantodon buchholzi,High,7.03,27.2,0.006,0.001,8.3,6.9,good,,,Keep weekly testing and regular water changes.,low,6.0,7.5,24.0,28.0,0.01,0.01,10.0,6.0
1296,87,Fish,African Butterflyfish,Pantodon buchholzi,High,7.15,26.2,0.005,0.005,8.1,6.5,good,,,Keep weekly testing and regular water changes.,low,6.0,7.5,24.0,28.0,0.01,0.01,10.0,6.0
1297,87,Fish,African Butterflyfish,Pantodon buchholzi,High,6.84,27.7,0.007,0.002,8.6,6.7,good,,,Keep weekly testing and regular water changes.,low,6.0,7.5,24.0,28.0,0.01,0.01,10.0,6.0
1298,87,Fish,African Butterflyfish,Pantodon buchholzi,High,6.81,22.1,0.0,0.001,4.0,8.8,watch,Temperature,Temperature,Adjust the heater 1°C at a time. Increase surface movement if the tank is hot.,high,6.0,7.5,24.0,28.0,0.01,0.01,10.0,6.0
1299,87,Fish,African Butterflyfish,Pantodon buchholzi,High,6.79,25.0,0.0,0.0,22.6,11.5,watch,Nitrate,Nitrate,"Do a 25–40% water change, vacuum the substrate, and add fast-growing plants.",medium,6.0,7.5,24.0,28.0,0.01,0.01,10.0,6.0
1300,87,Fish,African Butterflyfish,Pantodon buchholzi,High,6.11,25.4,0.0,0.002,19.1,8.6,watch,Nitrate,Nitrate,"Do a 25–40% water change, vacuum the substrate, and add fast-growing plants.",medium,6.0,7.5,24.0,28.0,0.01,0.01,10.0,6.0
1301,87,Fish,African Butterflyfish,Pantodon buchholzi,High,6.38,21.5,0.0,0.0,1.8,9.2,watch,Temperature,Temperature,Adjust the heater 1°C at a time. Increase surface movement if the tank is hot.,high,6.0,7.5,24.0,28.0,0.01,0.01,10.0,6.0
1302,87,Fish,African Butterflyfish,Pantodon buchholzi,High,6.81,26.7,0.503,5.15,76.2,9.2,critical,"Ammonia, Nitrite, Nitrate",Ammonia,Do a 40–50% water change with dechlorinated water. Pause feeding 24 hours and add beneficial bacteria.,critical,6.0,7.5,24.0,28.0,0.01,0.01,10.0,6.0
1303,87,Fish,African Butterflyfish,Pantodon buchholzi,High,6.94,26.0,0.299,6.751,67.5,11.4,critical,"Ammonia, Nitrite, Nitrate",Ammonia,Do a 40–50% water change with dechlorinated water. Pause feeding 24 hours and add beneficial bacteria.,critical,6.0,7.5,24.0,28.0,0.01,0.01,10.0,6.0
1304,87,Fish,African Butterflyfish,Pantodon buchholzi,High,6.3,24.8,0.12,0.002,2.2,2.9,critical,"Ammonia, DissolvedO2",Ammonia,Do a 40–50% water change with dechlorinated water. Pause feeding 24 hours and add beneficial bacteria.,critical,6.0,7.5,24.0,28.0,0.01,0.01,10.0,6.0
1305,87,Fish,African Butterflyfish,Pantodon buchholzi,High,6.36,26.2,0.12,0.001,2.1,1.6,critical,"Ammonia, DissolvedO2",Ammonia,Do a 40–50% water change with dechlorinated water. Pause feeding 24 hours and add beneficial bacteria.,critical,6.0,7.5,24.0,28.0,0.01,0.01,10.0,6.0
1306,88,Fish,Elephant Nose Fish,Gnathonemus petersii,High,6.69,25.8,0.001,0.002,2.1,11.4,excellent,,,Keep weekly testing and regular water changes.,low,6.0,7.2,24.0,28.0,0.01,0.01,10.0,6.2
1307,88,Fish,Elephant Nose Fish,Gnathonemus petersii,High,7.0,25.6,0.001,0.0,4.0,10.3,excellent,,,Keep weekly testing and regular water changes.,low,6.0,7.2,24.0,28.0,0.01,0.01,10.0,6.2
1308,88,Fish,Elephant Nose Fish,Gnathonemus petersii,High,6.11,26.0,0.0,0.001,2.9,8.3,excellent,,,Keep weekly testing and regular water changes.,low,6.0,7.2,24.0,28.0,0.01,0.01,10.0,6.2
1309,88,Fish,Elephant Nose Fish,Gnathonemus petersii,High,6.93,25.3,0.001,0.001,4.1,9.8,excellent,,,Keep weekly testing and regular water changes.,low,6.0,7.2,24.0,28.0,0.01,0.01,10.0,6.2
1310,88,Fish,Elephant Nose Fish,Gnathonemus petersii,High,7.08,25.5,0.008,0.002,8.6,6.5,good,,,Keep weekly testing and regular water changes.,low,6.0,7.2,24.0,28.0,0.01,0.01,10.0,6.2
1311,88,Fish,Elephant Nose Fish,Gnathonemus petersii,High,7.16,27.7,0.006,0.004,8.3,6.8,good,,,Keep weekly testing and regular water changes.,low,6.0,7.2,24.0,28.0,0.01,0.01,10.0,6.2
1312,88,Fish,Elephant Nose Fish,Gnathonemus petersii,High,6.8,26.7,0.006,0.001,9.3,6.6,good,,,Keep weekly testing and regular water changes.,low,6.0,7.2,24.0,28.0,0.01,0.01,10.0,6.2
1313,88,Fish,Elephant Nose Fish,Gnathonemus petersii,High,5.61,24.9,0.0,0.0,2.5,10.3,watch,pH,pH,Correct pH slowly with small water changes only. Move no more than 0.2 pH per day.,high,6.0,7.2,24.0,28.0,0.01,0.01,10.0,6.2
1314,88,Fish,Elephant Nose Fish,Gnathonemus petersii,High,6.78,22.8,0.0,0.001,3.3,10.0,watch,Temperature,Temperature,Adjust the heater 1°C at a time. Increase surface movement if the tank is hot.,high,6.0,7.2,24.0,28.0,0.01,0.01,10.0,6.2
1315,88,Fish,Elephant Nose Fish,Gnathonemus petersii,High,5.83,24.8,0.001,0.0,3.3,9.5,watch,pH,pH,Correct pH slowly with small water changes only. Move no more than 0.2 pH per day.,high,6.0,7.2,24.0,28.0,0.01,0.01,10.0,6.2
1316,88,Fish,Elephant Nose Fish,Gnathonemus petersii,High,6.66,25.0,0.001,0.0,13.7,10.6,watch,Nitrate,Nitrate,"Do a 25–40% water change, vacuum the substrate, and add fast-growing plants.",medium,6.0,7.2,24.0,28.0,0.01,0.01,10.0,6.2
1317,88,Fish,Elephant Nose Fish,Gnathonemus petersii,High,6.31,26.9,0.317,1.89,74.8,9.9,critical,"Ammonia, Nitrite, Nitrate",Ammonia,Do a 40–50% water change with dechlorinated water. Pause feeding 24 hours and add beneficial bacteria.,critical,6.0,7.2,24.0,28.0,0.01,0.01,10.0,6.2
1318,88,Fish,Elephant Nose Fish,Gnathonemus petersii,High,7.03,26.4,0.835,5.726,64.8,9.2,critical,"Ammonia, Nitrite, Nitrate",Ammonia,Do a 40–50% water change with dechlorinated water. Pause feeding 24 hours and add beneficial bacteria.,critical,6.0,7.2,24.0,28.0,0.01,0.01,10.0,6.2
1319,88,Fish,Elephant Nose Fish,Gnathonemus petersii,High,6.28,26.5,0.964,0.973,4.1,9.8,critical,"Ammonia, Nitrite",Ammonia,Do a 40–50% water change with dechlorinated water. Pause feeding 24 hours and add beneficial bacteria.,critical,6.0,7.2,24.0,28.0,0.01,0.01,10.0,6.2
1320,88,Fish,Elephant Nose Fish,Gnathonemus petersii,High,7.06,26.5,0.12,0.0,1.7,1.4,critical,"Ammonia, DissolvedO2",Ammonia,Do a 40–50% water change with dechlorinated water. Pause feeding 24 hours and add beneficial bacteria.,critical,6.0,7.2,24.0,28.0,0.01,0.01,10.0,6.2
1321,89,Fish,Freshwater Pufferfish (Dwarf Puffer),Carinotetraodon travancoricus,High,7.14,26.3,0.001,0.0,3.5,11.4,excellent,,,Keep weekly testing and regular water changes.,low,7.0,8.0,24.0,28.0,0.01,0.01,10.0,6.4
1322,89,Fish,Freshwater Pufferfish (Dwarf Puffer),Carinotetraodon travancoricus,High,7.7,26.8,0.001,0.0,2.5,11.4,excellent,,,Keep weekly testing and regular water changes.,low,7.0,8.0,24.0,28.0,0.01,0.01,10.0,6.4
1323,89,Fish,Freshwater Pufferfish (Dwarf Puffer),Carinotetraodon travancoricus,High,7.64,26.8,0.002,0.0,2.4,10.4,excellent,,,Keep weekly testing and regular water changes.,low,7.0,8.0,24.0,28.0,0.01,0.01,10.0,6.4
1324,89,Fish,Freshwater Pufferfish (Dwarf Puffer),Carinotetraodon travancoricus,High,7.1,26.2,0.002,0.001,2.4,10.7,excellent,,,Keep weekly testing and regular water changes.,low,7.0,8.0,24.0,28.0,0.01,0.01,10.0,6.4
1325,89,Fish,Freshwater Pufferfish (Dwarf Puffer),Carinotetraodon travancoricus,High,7.16,27.5,0.004,0.006,8.0,7.3,good,,,Keep weekly testing and regular water changes.,low,7.0,8.0,24.0,28.0,0.01,0.01,10.0,6.4
1326,89,Fish,Freshwater Pufferfish (Dwarf Puffer),Carinotetraodon travancoricus,High,7.5,24.9,0.006,0.006,8.9,6.9,good,,,Keep weekly testing and regular water changes.,low,7.0,8.0,24.0,28.0,0.01,0.01,10.0,6.4
1327,89,Fish,Freshwater Pufferfish (Dwarf Puffer),Carinotetraodon travancoricus,High,7.67,27.3,0.008,0.003,6.6,8.1,good,,,Keep weekly testing and regular water changes.,low,7.0,8.0,24.0,28.0,0.01,0.01,10.0,6.4
1328,89,Fish,Freshwater Pufferfish (Dwarf Puffer),Carinotetraodon travancoricus,High,7.41,25.6,0.044,0.001,3.8,8.5,watch,Ammonia,Ammonia,Do a 40–50% water change with dechlorinated water. Pause feeding 24 hours and add beneficial bacteria.,critical,7.0,8.0,24.0,28.0,0.01,0.01,10.0,6.4
1329,89,Fish,Freshwater Pufferfish (Dwarf Puffer),Carinotetraodon travancoricus,High,7.92,27.2,0.002,0.001,18.9,11.4,watch,Nitrate,Nitrate,"Do a 25–40% water change, vacuum the substrate, and add fast-growing plants.",medium,7.0,8.0,24.0,28.0,0.01,0.01,10.0,6.4
1330,89,Fish,Freshwater Pufferfish (Dwarf Puffer),Carinotetraodon travancoricus,High,7.42,23.2,0.001,0.001,2.7,9.6,watch,Temperature,Temperature,Adjust the heater 1°C at a time. Increase surface movement if the tank is hot.,high,7.0,8.0,24.0,28.0,0.01,0.01,10.0,6.4
1331,89,Fish,Freshwater Pufferfish (Dwarf Puffer),Carinotetraodon travancoricus,High,7.88,23.0,0.0,0.0,3.8,11.1,watch,Temperature,Temperature,Adjust the heater 1°C at a time. Increase surface movement if the tank is hot.,high,7.0,8.0,24.0,28.0,0.01,0.01,10.0,6.4
1332,89,Fish,Freshwater Pufferfish (Dwarf Puffer),Carinotetraodon travancoricus,High,4.71,12.6,0.0,0.001,1.8,10.1,critical,"pH, Temperature",pH,Correct pH slowly with small water changes only. Move no more than 0.2 pH per day.,critical,7.0,8.0,24.0,28.0,0.01,0.01,10.0,6.4
1333,89,Fish,Freshwater Pufferfish (Dwarf Puffer),Carinotetraodon travancoricus,High,7.18,27.3,0.916,1.693,1.9,10.8,critical,"Ammonia, Nitrite",Ammonia,Do a 40–50% water change with dechlorinated water. Pause feeding 24 hours and add beneficial bacteria.,critical,7.0,8.0,24.0,28.0,0.01,0.01,10.0,6.4
1334,89,Fish,Freshwater Pufferfish (Dwarf Puffer),Carinotetraodon travancoricus,High,7.59,26.9,0.12,0.002,3.7,2.1,critical,"Ammonia, DissolvedO2",Ammonia,Do a 40–50% water change with dechlorinated water. Pause feeding 24 hours and add beneficial bacteria.,critical,7.0,8.0,24.0,28.0,0.01,0.01,10.0,6.4
1335,89,Fish,Freshwater Pufferfish (Dwarf Puffer),Carinotetraodon travancoricus,High,9.85,34.3,0.0,0.001,4.2,9.8,critical,"pH, Temperature",pH,Correct pH slowly with small water changes only. Move no more than 0.2 pH per day.,critical,7.0,8.0,24.0,28.0,0.01,0.01,10.0,6.4
1336,90,Fish,Ropefish,Erpetoichthys calabaricus,High,7.09,27.2,0.001,0.001,4.2,8.5,excellent,,,Keep weekly testing and regular water changes.,low,6.5,7.5,24.0,28.0,0.01,0.01,10.0,6.0
1337,90,Fish,Ropefish,Erpetoichthys calabaricus,High,6.64,26.3,0.0,0.0,3.2,10.3,excellent,,,Keep weekly testing and regular water changes.,low,6.5,7.5,24.0,28.0,0.01,0.01,10.0,6.0
1338,90,Fish,Ropefish,Erpetoichthys calabaricus,High,7.01,25.7,0.001,0.001,3.7,10.8,excellent,,,Keep weekly testing and regular water changes.,low,6.5,7.5,24.0,28.0,0.01,0.01,10.0,6.0
1339,90,Fish,Ropefish,Erpetoichthys calabaricus,High,7.14,27.1,0.002,0.0,4.1,11.2,excellent,,,Keep weekly testing and regular water changes.,low,6.5,7.5,24.0,28.0,0.01,0.01,10.0,6.0
1340,90,Fish,Ropefish,Erpetoichthys calabaricus,High,6.83,24.2,0.007,0.003,8.7,7.0,good,,,Keep weekly testing and regular water changes.,low,6.5,7.5,24.0,28.0,0.01,0.01,10.0,6.0
1341,90,Fish,Ropefish,Erpetoichthys calabaricus,High,6.59,25.1,0.008,0.0,8.7,6.7,good,,,Keep weekly testing and regular water changes.,low,6.5,7.5,24.0,28.0,0.01,0.01,10.0,6.0
1342,90,Fish,Ropefish,Erpetoichthys calabaricus,High,6.95,26.1,0.005,0.005,8.6,6.3,good,,,Keep weekly testing and regular water changes.,low,6.5,7.5,24.0,28.0,0.01,0.01,10.0,6.0
1343,90,Fish,Ropefish,Erpetoichthys calabaricus,High,6.89,30.1,0.001,0.001,3.6,8.2,watch,Temperature,Temperature,Adjust the heater 1°C at a time. Increase surface movement if the tank is hot.,high,6.5,7.5,24.0,28.0,0.01,0.01,10.0,6.0
1344,90,Fish,Ropefish,Erpetoichthys calabaricus,High,7.86,26.9,0.0,0.001,3.3,8.7,watch,pH,pH,Correct pH slowly with small water changes only. Move no more than 0.2 pH per day.,high,6.5,7.5,24.0,28.0,0.01,0.01,10.0,6.0
1345,90,Fish,Ropefish,Erpetoichthys calabaricus,High,7.12,25.2,0.016,0.0,3.9,8.7,watch,Ammonia,Ammonia,Do a 40–50% water change with dechlorinated water. Pause feeding 24 hours and add beneficial bacteria.,critical,6.5,7.5,24.0,28.0,0.01,0.01,10.0,6.0
1346,90,Fish,Ropefish,Erpetoichthys calabaricus,High,7.81,25.1,0.001,0.0,2.3,8.0,watch,pH,pH,Correct pH slowly with small water changes only. Move no more than 0.2 pH per day.,high,6.5,7.5,24.0,28.0,0.01,0.01,10.0,6.0
1347,90,Fish,Ropefish,Erpetoichthys calabaricus,High,6.62,26.3,0.12,0.001,2.2,1.5,critical,"Ammonia, DissolvedO2",Ammonia,Do a 40–50% water change with dechlorinated water. Pause feeding 24 hours and add beneficial bacteria.,critical,6.5,7.5,24.0,28.0,0.01,0.01,10.0,6.0
1348,90,Fish,Ropefish,Erpetoichthys calabaricus,High,6.95,26.7,0.12,0.001,3.2,3.7,critical,"Ammonia, DissolvedO2",Ammonia,Do a 40–50% water change with dechlorinated water. Pause feeding 24 hours and add beneficial bacteria.,critical,6.5,7.5,24.0,28.0,0.01,0.01,10.0,6.0
1349,90,Fish,Ropefish,Erpetoichthys calabaricus,High,6.73,24.7,0.663,4.47,59.7,10.9,critical,"Ammonia, Nitrite, Nitrate",Ammonia,Do a 40–50% water change with dechlorinated water. Pause feeding 24 hours and add beneficial bacteria.,critical,6.5,7.5,24.0,28.0,0.01,0.01,10.0,6.0
1350,90,Fish,Ropefish,Erpetoichthys calabaricus,High,6.62,27.1,1.053,2.459,74.0,10.8,critical,"Ammonia, Nitrite, Nitrate",Ammonia,Do a 40–50% water change with dechlorinated water. Pause feeding 24 hours and add beneficial bacteria.,critical,6.5,7.5,24.0,28.0,0.01,0.01,10.0,6.0
1351,91,Fish,Freshwater Angelshark (Bala Shark),Balantiocheilos melanopterus,Medium,7.64,22.6,0.001,0.002,7.6,11.5,excellent,,,Keep weekly testing and regular water changes.,low,6.0,8.0,22.0,28.0,0.02,0.02,20.0,6.6
1352,91,Fish,Freshwater Angelshark (Bala Shark),Balantiocheilos melanopterus,Medium,7.17,23.6,0.001,0.003,4.3,10.2,excellent,,,Keep weekly testing and regular water changes.,low,6.0,8.0,22.0,28.0,0.02,0.02,20.0,6.6
1353,91,Fish,Freshwater Angelshark (Bala Shark),Balantiocheilos melanopterus,Medium,7.62,24.5,0.002,0.0,4.5,10.6,excellent,,,Keep weekly testing and regular water changes.,low,6.0,8.0,22.0,28.0,0.02,0.02,20.0,6.6
1354,91,Fish,Freshwater Angelshark (Bala Shark),Balantiocheilos melanopterus,Medium,6.74,23.4,0.0,0.0,6.6,10.4,excellent,,,Keep weekly testing and regular water changes.,low,6.0,8.0,22.0,28.0,0.02,0.02,20.0,6.6
1355,91,Fish,Freshwater Angelshark (Bala Shark),Balantiocheilos melanopterus,Medium,7.04,25.0,0.009,0.007,13.4,8.3,good,,,Keep weekly testing and regular water changes.,low,6.0,8.0,22.0,28.0,0.02,0.02,20.0,6.6
1356,91,Fish,Freshwater Angelshark (Bala Shark),Balantiocheilos melanopterus,Medium,6.13,24.6,0.007,0.011,14.0,8.3,good,,,Keep weekly testing and regular water changes.,low,6.0,8.0,22.0,28.0,0.02,0.02,20.0,6.6
1357,91,Fish,Freshwater Angelshark (Bala Shark),Balantiocheilos melanopterus,Medium,7.63,25.9,0.009,0.003,15.1,8.1,good,,,Keep weekly testing and regular water changes.,low,6.0,8.0,22.0,28.0,0.02,0.02,20.0,6.6
1358,91,Fish,Freshwater Angelshark (Bala Shark),Balantiocheilos melanopterus,Medium,7.67,29.3,0.001,0.001,3.8,10.5,watch,Temperature,Temperature,Adjust the heater 1°C at a time. Increase surface movement if the tank is hot.,high,6.0,8.0,22.0,28.0,0.02,0.02,20.0,6.6
1359,91,Fish,Freshwater Angelshark (Bala Shark),Balantiocheilos melanopterus,Medium,7.67,29.8,0.003,0.0,8.0,10.2,watch,Temperature,Temperature,Adjust the heater 1°C at a time. Increase surface movement if the tank is hot.,high,6.0,8.0,22.0,28.0,0.02,0.02,20.0,6.6
1360,91,Fish,Freshwater Angelshark (Bala Shark),Balantiocheilos melanopterus,Medium,6.1,30.6,0.002,0.003,6.6,10.9,watch,Temperature,Temperature,Adjust the heater 1°C at a time. Increase surface movement if the tank is hot.,high,6.0,8.0,22.0,28.0,0.02,0.02,20.0,6.6
1361,91,Fish,Freshwater Angelshark (Bala Shark),Balantiocheilos melanopterus,Medium,6.49,23.6,0.003,0.002,29.0,10.7,watch,Nitrate,Nitrate,"Do a 25–40% water change, vacuum the substrate, and add fast-growing plants.",medium,6.0,8.0,22.0,28.0,0.02,0.02,20.0,6.6
1362,91,Fish,Freshwater Angelshark (Bala Shark),Balantiocheilos melanopterus,Medium,7.53,24.1,0.428,0.869,6.5,11.2,critical,"Ammonia, Nitrite",Ammonia,Do a 40–50% water change with dechlorinated water. Pause feeding 24 hours and add beneficial bacteria.,critical,6.0,8.0,22.0,28.0,0.02,0.02,20.0,6.6
1363,91,Fish,Freshwater Angelshark (Bala Shark),Balantiocheilos melanopterus,Medium,4.85,15.9,0.0,0.004,4.3,10.1,critical,"pH, Temperature",pH,Correct pH slowly with small water changes only. Move no more than 0.2 pH per day.,critical,6.0,8.0,22.0,28.0,0.02,0.02,20.0,6.6
1364,91,Fish,Freshwater Angelshark (Bala Shark),Balantiocheilos melanopterus,Medium,6.14,26.4,0.896,0.845,6.7,10.0,critical,"Ammonia, Nitrite",Ammonia,Do a 40–50% water change with dechlorinated water. Pause feeding 24 hours and add beneficial bacteria.,critical,6.0,8.0,22.0,28.0,0.02,0.02,20.0,6.6
1365,91,Fish,Freshwater Angelshark (Bala Shark),Balantiocheilos melanopterus,Medium,6.6,23.9,0.818,1.324,7.9,9.1,critical,"Ammonia, Nitrite",Ammonia,Do a 40–50% water change with dechlorinated water. Pause feeding 24 hours and add beneficial bacteria.,critical,6.0,8.0,22.0,28.0,0.02,0.02,20.0,6.6
1366,92,Fish,Silver Arowana,Osteoglossum bicirrhosum,High,6.49,24.8,0.003,0.001,6.5,10.1,excellent,,,Keep weekly testing and regular water changes.,low,6.0,7.5,24.0,30.0,0.02,0.02,20.0,6.5
1367,92,Fish,Silver Arowana,Osteoglossum bicirrhosum,High,6.09,29.4,0.003,0.002,6.7,9.9,excellent,,,Keep weekly testing and regular water changes.,low,6.0,7.5,24.0,30.0,0.02,0.02,20.0,6.5
1368,92,Fish,Silver Arowana,Osteoglossum bicirrhosum,High,7.08,25.2,0.002,0.001,5.6,9.8,excellent,,,Keep weekly testing and regular water changes.,low,6.0,7.5,24.0,30.0,0.02,0.02,20.0,6.5
1369,92,Fish,Silver Arowana,Osteoglossum bicirrhosum,High,6.27,29.3,0.0,0.0,5.1,10.3,excellent,,,Keep weekly testing and regular water changes.,low,6.0,7.5,24.0,30.0,0.02,0.02,20.0,6.5
1370,92,Fish,Silver Arowana,Osteoglossum bicirrhosum,High,6.28,27.2,0.014,0.001,18.9,7.2,good,,,Keep weekly testing and regular water changes.,low,6.0,7.5,24.0,30.0,0.02,0.02,20.0,6.5
1371,92,Fish,Silver Arowana,Osteoglossum bicirrhosum,High,6.96,24.8,0.014,0.012,13.6,6.9,good,,,Keep weekly testing and regular water changes.,low,6.0,7.5,24.0,30.0,0.02,0.02,20.0,6.5
1372,92,Fish,Silver Arowana,Osteoglossum bicirrhosum,High,6.43,24.2,0.017,0.008,16.6,8.2,good,,,Keep weekly testing and regular water changes.,low,6.0,7.5,24.0,30.0,0.02,0.02,20.0,6.5
1373,92,Fish,Silver Arowana,Osteoglossum bicirrhosum,High,7.19,23.0,0.001,0.001,4.7,9.4,watch,Temperature,Temperature,Adjust the heater 1°C at a time. Increase surface movement if the tank is hot.,high,6.0,7.5,24.0,30.0,0.02,0.02,20.0,6.5
1374,92,Fish,Silver Arowana,Osteoglossum bicirrhosum,High,6.56,32.2,0.001,0.001,5.1,9.9,watch,Temperature,Temperature,Adjust the heater 1°C at a time. Increase surface movement if the tank is hot.,high,6.0,7.5,24.0,30.0,0.02,0.02,20.0,6.5
1375,92,Fish,Silver Arowana,Osteoglossum bicirrhosum,High,5.79,25.6,0.0,0.001,4.0,9.6,watch,pH,pH,Correct pH slowly with small water changes only. Move no more than 0.2 pH per day.,high,6.0,7.5,24.0,30.0,0.02,0.02,20.0,6.5
1376,92,Fish,Silver Arowana,Osteoglossum bicirrhosum,High,6.51,28.1,0.028,0.0,4.0,11.4,watch,Ammonia,Ammonia,Do a 40–50% water change with dechlorinated water. Pause feeding 24 hours and add beneficial bacteria.,critical,6.0,7.5,24.0,30.0,0.02,0.02,20.0,6.5
1377,92,Fish,Silver Arowana,Osteoglossum bicirrhosum,High,6.93,28.4,0.355,7.477,56.8,9.2,critical,"Ammonia, Nitrite, Nitrate",Ammonia,Do a 40–50% water change with dechlorinated water. Pause feeding 24 hours and add beneficial bacteria.,critical,6.0,7.5,24.0,30.0,0.02,0.02,20.0,6.5
1378,92,Fish,Silver Arowana,Osteoglossum bicirrhosum,High,9.15,37.5,0.004,0.003,6.2,10.8,critical,"pH, Temperature",pH,Correct pH slowly with small water changes only. Move no more than 0.2 pH per day.,critical,6.0,7.5,24.0,30.0,0.02,0.02,20.0,6.5
1379,92,Fish,Silver Arowana,Osteoglossum bicirrhosum,High,9.66,35.1,0.002,0.0,5.8,10.4,critical,"pH, Temperature",pH,Correct pH slowly with small water changes only. Move no more than 0.2 pH per day.,critical,6.0,7.5,24.0,30.0,0.02,0.02,20.0,6.5
1380,92,Fish,Silver Arowana,Osteoglossum bicirrhosum,High,7.03,24.6,0.666,2.125,45.8,11.1,critical,"Ammonia, Nitrite, Nitrate",Ammonia,Do a 40–50% water change with dechlorinated water. Pause feeding 24 hours and add beneficial bacteria.,critical,6.0,7.5,24.0,30.0,0.02,0.02,20.0,6.5
1381,93,Fish,Black Arowana,Osteoglossum ferreirai,High,6.57,29.3,0.004,0.002,7.4,8.5,excellent,,,Keep weekly testing and regular water changes.,low,5.5,7.0,26.0,30.0,0.02,0.02,20.0,6.5
1382,93,Fish,Black Arowana,Osteoglossum ferreirai,High,6.35,29.2,0.002,0.004,4.3,8.6,excellent,,,Keep weekly testing and regular water changes.,low,5.5,7.0,26.0,30.0,0.02,0.02,20.0,6.5
1383,93,Fish,Black Arowana,Osteoglossum ferreirai,High,6.28,29.1,0.001,0.003,4.1,10.8,excellent,,,Keep weekly testing and regular water changes.,low,5.5,7.0,26.0,30.0,0.02,0.02,20.0,6.5
1384,93,Fish,Black Arowana,Osteoglossum ferreirai,High,6.33,27.1,0.003,0.003,5.9,9.0,excellent,,,Keep weekly testing and regular water changes.,low,5.5,7.0,26.0,30.0,0.02,0.02,20.0,6.5
1385,93,Fish,Black Arowana,Osteoglossum ferreirai,High,5.71,29.7,0.014,0.011,17.2,8.0,good,,,Keep weekly testing and regular water changes.,low,5.5,7.0,26.0,30.0,0.02,0.02,20.0,6.5
1386,93,Fish,Black Arowana,Osteoglossum ferreirai,High,5.76,28.0,0.014,0.001,13.9,7.7,good,,,Keep weekly testing and regular water changes.,low,5.5,7.0,26.0,30.0,0.02,0.02,20.0,6.5
1387,93,Fish,Black Arowana,Osteoglossum ferreirai,High,6.79,28.6,0.007,0.014,13.8,7.1,excellent,,,Keep weekly testing and regular water changes.,low,5.5,7.0,26.0,30.0,0.02,0.02,20.0,6.5
1388,93,Fish,Black Arowana,Osteoglossum ferreirai,High,5.05,29.2,0.003,0.003,4.7,9.4,watch,pH,pH,Correct pH slowly with small water changes only. Move no more than 0.2 pH per day.,high,5.5,7.0,26.0,30.0,0.02,0.02,20.0,6.5
1389,93,Fish,Black Arowana,Osteoglossum ferreirai,High,6.06,27.6,0.038,0.001,7.7,8.3,watch,Ammonia,Ammonia,Do a 40–50% water change with dechlorinated water. Pause feeding 24 hours and add beneficial bacteria.,critical,5.5,7.0,26.0,30.0,0.02,0.02,20.0,6.5
1390,93,Fish,Black Arowana,Osteoglossum ferreirai,High,5.31,28.1,0.002,0.001,3.6,9.0,watch,pH,pH,Correct pH slowly with small water changes only. Move no more than 0.2 pH per day.,high,5.5,7.0,26.0,30.0,0.02,0.02,20.0,6.5
1391,93,Fish,Black Arowana,Osteoglossum ferreirai,High,7.5,27.4,0.0,0.004,3.8,9.6,watch,pH,pH,Correct pH slowly with small water changes only. Move no more than 0.2 pH per day.,high,5.5,7.0,26.0,30.0,0.02,0.02,20.0,6.5
1392,93,Fish,Black Arowana,Osteoglossum ferreirai,High,9.06,37.1,0.003,0.002,4.3,10.7,critical,"pH, Temperature",pH,Correct pH slowly with small water changes only. Move no more than 0.2 pH per day.,critical,5.5,7.0,26.0,30.0,0.02,0.02,20.0,6.5
1393,93,Fish,Black Arowana,Osteoglossum ferreirai,High,9.67,34.7,0.004,0.0,3.5,9.7,critical,"pH, Temperature",pH,Correct pH slowly with small water changes only. Move no more than 0.2 pH per day.,critical,5.5,7.0,26.0,30.0,0.02,0.02,20.0,6.5
1394,93,Fish,Black Arowana,Osteoglossum ferreirai,High,6.05,27.6,0.627,0.988,4.9,10.8,critical,"Ammonia, Nitrite",Ammonia,Do a 40–50% water change with dechlorinated water. Pause feeding 24 hours and add beneficial bacteria.,critical,5.5,7.0,26.0,30.0,0.02,0.02,20.0,6.5
1395,93,Fish,Black Arowana,Osteoglossum ferreirai,High,6.3,26.9,0.275,1.206,7.5,11.2,critical,"Ammonia, Nitrite",Ammonia,Do a 40–50% water change with dechlorinated water. Pause feeding 24 hours and add beneficial bacteria.,critical,5.5,7.0,26.0,30.0,0.02,0.02,20.0,6.5
1396,94,Fish,Jardini Arowana (Australian Arowana),Scleropages jardinii,High,6.94,28.9,0.001,0.001,6.8,8.5,excellent,,,Keep weekly testing and regular water changes.,low,6.5,7.8,24.0,30.0,0.02,0.02,20.0,6.4
1397,94,Fish,Jardini Arowana (Australian Arowana),Scleropages jardinii,High,7.41,25.9,0.003,0.003,6.4,8.9,excellent,,,Keep weekly testing and regular water changes.,low,6.5,7.8,24.0,30.0,0.02,0.02,20.0,6.4
1398,94,Fish,Jardini Arowana (Australian Arowana),Scleropages jardinii,High,6.64,24.8,0.0,0.002,5.0,9.0,excellent,,,Keep weekly testing and regular water changes.,low,6.5,7.8,24.0,30.0,0.02,0.02,20.0,6.4
1399,94,Fish,Jardini Arowana (Australian Arowana),Scleropages jardinii,High,6.83,29.2,0.0,0.001,5.7,8.2,excellent,,,Keep weekly testing and regular water changes.,low,6.5,7.8,24.0,30.0,0.02,0.02,20.0,6.4
1400,94,Fish,Jardini Arowana (Australian Arowana),Scleropages jardinii,High,7.68,24.7,0.014,0.009,17.9,7.6,good,,,Keep weekly testing and regular water changes.,low,6.5,7.8,24.0,30.0,0.02,0.02,20.0,6.4
1401,94,Fish,Jardini Arowana (Australian Arowana),Scleropages jardinii,High,7.49,26.6,0.012,0.01,16.4,7.4,good,,,Keep weekly testing and regular water changes.,low,6.5,7.8,24.0,30.0,0.02,0.02,20.0,6.4
1402,94,Fish,Jardini Arowana (Australian Arowana),Scleropages jardinii,High,6.78,25.6,0.011,0.0,15.5,6.6,good,,,Keep weekly testing and regular water changes.,low,6.5,7.8,24.0,30.0,0.02,0.02,20.0,6.4
1403,94,Fish,Jardini Arowana (Australian Arowana),Scleropages jardinii,High,8.27,28.0,0.002,0.003,3.2,8.4,watch,pH,pH,Correct pH slowly with small water changes only. Move no more than 0.2 pH per day.,high,6.5,7.8,24.0,30.0,0.02,0.02,20.0,6.4
1404,94,Fish,Jardini Arowana (Australian Arowana),Scleropages jardinii,High,7.4,27.8,0.003,0.003,23.8,10.7,watch,Nitrate,Nitrate,"Do a 25–40% water change, vacuum the substrate, and add fast-growing plants.",medium,6.5,7.8,24.0,30.0,0.02,0.02,20.0,6.4
1405,94,Fish,Jardini Arowana (Australian Arowana),Scleropages jardinii,High,6.65,26.3,0.032,0.003,4.9,9.1,watch,Ammonia,Ammonia,Do a 40–50% water change with dechlorinated water. Pause feeding 24 hours and add beneficial bacteria.,critical,6.5,7.8,24.0,30.0,0.02,0.02,20.0,6.4
1406,94,Fish,Jardini Arowana (Australian Arowana),Scleropages jardinii,High,7.52,25.5,0.001,0.002,25.6,8.2,watch,Nitrate,Nitrate,"Do a 25–40% water change, vacuum the substrate, and add fast-growing plants.",medium,6.5,7.8,24.0,30.0,0.02,0.02,20.0,6.4
1407,94,Fish,Jardini Arowana (Australian Arowana),Scleropages jardinii,High,6.96,26.1,0.12,0.0,5.2,3.6,critical,"Ammonia, DissolvedO2",Ammonia,Do a 40–50% water change with dechlorinated water. Pause feeding 24 hours and add beneficial bacteria.,critical,6.5,7.8,24.0,30.0,0.02,0.02,20.0,6.4
1408,94,Fish,Jardini Arowana (Australian Arowana),Scleropages jardinii,High,7.7,29.0,1.297,3.67,65.7,11.2,critical,"Ammonia, Nitrite, Nitrate",Ammonia,Do a 40–50% water change with dechlorinated water. Pause feeding 24 hours and add beneficial bacteria.,critical,6.5,7.8,24.0,30.0,0.02,0.02,20.0,6.4
1409,94,Fish,Jardini Arowana (Australian Arowana),Scleropages jardinii,High,7.53,29.2,0.398,1.694,4.8,9.6,critical,"Ammonia, Nitrite",Ammonia,Do a 40–50% water change with dechlorinated water. Pause feeding 24 hours and add beneficial bacteria.,critical,6.5,7.8,24.0,30.0,0.02,0.02,20.0,6.4
1410,94,Fish,Jardini Arowana (Australian Arowana),Scleropages jardinii,High,4.35,12.2,0.003,0.002,5.0,8.8,critical,"pH, Temperature",pH,Correct pH slowly with small water changes only. Move no more than 0.2 pH per day.,critical,6.5,7.8,24.0,30.0,0.02,0.02,20.0,6.4
1411,95,Fish,Asian Arowana (Golden/Red Dragon Fish),Scleropages formosus,High,6.98,29.0,0.002,0.004,4.2,8.9,excellent,,,Keep weekly testing and regular water changes.,low,6.0,7.5,26.0,30.0,0.02,0.02,20.0,6.5
1412,95,Fish,Asian Arowana (Golden/Red Dragon Fish),Scleropages formosus,High,7.27,29.1,0.002,0.001,4.8,10.8,excellent,,,Keep weekly testing and regular water changes.,low,6.0,7.5,26.0,30.0,0.02,0.02,20.0,6.5
1413,95,Fish,Asian Arowana (Golden/Red Dragon Fish),Scleropages formosus,High,7.21,27.6,0.0,0.003,7.0,9.7,excellent,,,Keep weekly testing and regular water changes.,low,6.0,7.5,26.0,30.0,0.02,0.02,20.0,6.5
1414,95,Fish,Asian Arowana (Golden/Red Dragon Fish),Scleropages formosus,High,6.86,29.4,0.001,0.002,6.4,10.1,excellent,,,Keep weekly testing and regular water changes.,low,6.0,7.5,26.0,30.0,0.02,0.02,20.0,6.5
1415,95,Fish,Asian Arowana (Golden/Red Dragon Fish),Scleropages formosus,High,7.29,28.4,0.012,0.002,17.2,6.9,good,,,Keep weekly testing and regular water changes.,low,6.0,7.5,26.0,30.0,0.02,0.02,20.0,6.5
1416,95,Fish,Asian Arowana (Golden/Red Dragon Fish),Scleropages formosus,High,6.06,28.0,0.013,0.014,17.3,8.1,good,,,Keep weekly testing and regular water changes.,low,6.0,7.5,26.0,30.0,0.02,0.02,20.0,6.5
1417,95,Fish,Asian Arowana (Golden/Red Dragon Fish),Scleropages formosus,High,6.53,28.0,0.017,0.006,17.8,7.5,good,,,Keep weekly testing and regular water changes.,low,6.0,7.5,26.0,30.0,0.02,0.02,20.0,6.5
1418,95,Fish,Asian Arowana (Golden/Red Dragon Fish),Scleropages formosus,High,6.38,32.6,0.001,0.0,4.4,8.9,watch,Temperature,Temperature,Adjust the heater 1°C at a time. Increase surface movement if the tank is hot.,high,6.0,7.5,26.0,30.0,0.02,0.02,20.0,6.5
1419,95,Fish,Asian Arowana (Golden/Red Dragon Fish),Scleropages formosus,High,6.6,32.0,0.002,0.0,4.2,11.4,watch,Temperature,Temperature,Adjust the heater 1°C at a time. Increase surface movement if the tank is hot.,high,6.0,7.5,26.0,30.0,0.02,0.02,20.0,6.5
1420,95,Fish,Asian Arowana (Golden/Red Dragon Fish),Scleropages formosus,High,7.33,27.5,0.037,0.003,8.3,8.4,watch,Ammonia,Ammonia,Do a 40–50% water change with dechlorinated water. Pause feeding 24 hours and add beneficial bacteria.,critical,6.0,7.5,26.0,30.0,0.02,0.02,20.0,6.5
1421,95,Fish,Asian Arowana (Golden/Red Dragon Fish),Scleropages formosus,High,7.2,28.1,0.04,0.001,7.5,9.2,watch,Ammonia,Ammonia,Do a 40–50% water change with dechlorinated water. Pause feeding 24 hours and add beneficial bacteria.,critical,6.0,7.5,26.0,30.0,0.02,0.02,20.0,6.5
1422,95,Fish,Asian Arowana (Golden/Red Dragon Fish),Scleropages formosus,High,6.83,28.7,0.753,1.75,5.7,10.5,critical,"Ammonia, Nitrite",Ammonia,Do a 40–50% water change with dechlorinated water. Pause feeding 24 hours and add beneficial bacteria.,critical,6.0,7.5,26.0,30.0,0.02,0.02,20.0,6.5
1423,95,Fish,Asian Arowana (Golden/Red Dragon Fish),Scleropages formosus,High,6.8,27.1,0.12,0.0,4.3,2.7,critical,"Ammonia, DissolvedO2",Ammonia,Do a 40–50% water change with dechlorinated water. Pause feeding 24 hours and add beneficial bacteria.,critical,6.0,7.5,26.0,30.0,0.02,0.02,20.0,6.5
1424,95,Fish,Asian Arowana (Golden/Red Dragon Fish),Scleropages formosus,High,9.79,35.6,0.001,0.0,3.8,9.1,critical,"pH, Temperature",pH,Correct pH slowly with small water changes only. Move no more than 0.2 pH per day.,critical,6.0,7.5,26.0,30.0,0.02,0.02,20.0,6.5
1425,95,Fish,Asian Arowana (Golden/Red Dragon Fish),Scleropages formosus,High,6.99,28.3,0.69,1.373,7.2,9.3,critical,"Ammonia, Nitrite",Ammonia,Do a 40–50% water change with dechlorinated water. Pause feeding 24 hours and add beneficial bacteria.,critical,6.0,7.5,26.0,30.0,0.02,0.02,20.0,6.5
1426,96,Fish,Flowerhorn Cichlid,Amphilophus hybrid,Medium,6.77,27.1,0.003,0.004,6.2,10.1,excellent,,,Keep weekly testing and regular water changes.,low,6.5,8.0,26.0,30.0,0.02,0.02,20.0,6.3
1427,96,Fish,Flowerhorn Cichlid,Amphilophus hybrid,Medium,7.45,27.8,0.0,0.002,7.9,10.9,excellent,,,Keep weekly testing and regular water changes.,low,6.5,8.0,26.0,30.0,0.02,0.02,20.0,6.3
1428,96,Fish,Flowerhorn Cichlid,Amphilophus hybrid,Medium,7.82,27.0,0.002,0.002,4.3,8.8,excellent,,,Keep weekly testing and regular water changes.,low,6.5,8.0,26.0,30.0,0.02,0.02,20.0,6.3
1429,96,Fish,Flowerhorn Cichlid,Amphilophus hybrid,Medium,7.63,28.5,0.003,0.001,5.8,8.2,excellent,,,Keep weekly testing and regular water changes.,low,6.5,8.0,26.0,30.0,0.02,0.02,20.0,6.3
1430,96,Fish,Flowerhorn Cichlid,Amphilophus hybrid,Medium,6.71,28.1,0.01,0.014,15.8,6.6,good,,,Keep weekly testing and regular water changes.,low,6.5,8.0,26.0,30.0,0.02,0.02,20.0,6.3
1431,96,Fish,Flowerhorn Cichlid,Amphilophus hybrid,Medium,6.55,28.8,0.009,0.003,15.5,6.9,good,,,Keep weekly testing and regular water changes.,low,6.5,8.0,26.0,30.0,0.02,0.02,20.0,6.3
1432,96,Fish,Flowerhorn Cichlid,Amphilophus hybrid,Medium,7.42,27.9,0.008,0.011,15.6,7.5,good,,,Keep weekly testing and regular water changes.,low,6.5,8.0,26.0,30.0,0.02,0.02,20.0,6.3
1433,96,Fish,Flowerhorn Cichlid,Amphilophus hybrid,Medium,6.03,28.4,0.001,0.002,4.7,11.6,watch,pH,pH,Correct pH slowly with small water changes only. Move no more than 0.2 pH per day.,high,6.5,8.0,26.0,30.0,0.02,0.02,20.0,6.3
1434,96,Fish,Flowerhorn Cichlid,Amphilophus hybrid,Medium,6.16,27.8,0.001,0.002,8.3,10.3,watch,pH,pH,Correct pH slowly with small water changes only. Move no more than 0.2 pH per day.,high,6.5,8.0,26.0,30.0,0.02,0.02,20.0,6.3
1435,96,Fish,Flowerhorn Cichlid,Amphilophus hybrid,Medium,6.63,29.0,0.0,0.0,31.7,9.8,watch,Nitrate,Nitrate,"Do a 25–40% water change, vacuum the substrate, and add fast-growing plants.",medium,6.5,8.0,26.0,30.0,0.02,0.02,20.0,6.3
1436,96,Fish,Flowerhorn Cichlid,Amphilophus hybrid,Medium,6.84,27.6,0.044,0.002,4.1,9.5,watch,Ammonia,Ammonia,Do a 40–50% water change with dechlorinated water. Pause feeding 24 hours and add beneficial bacteria.,critical,6.5,8.0,26.0,30.0,0.02,0.02,20.0,6.3
1437,96,Fish,Flowerhorn Cichlid,Amphilophus hybrid,Medium,7.88,28.5,0.32,1.146,4.5,11.1,critical,"Ammonia, Nitrite",Ammonia,Do a 40–50% water change with dechlorinated water. Pause feeding 24 hours and add beneficial bacteria.,critical,6.5,8.0,26.0,30.0,0.02,0.02,20.0,6.3
1438,96,Fish,Flowerhorn Cichlid,Amphilophus hybrid,Medium,4.27,12.8,0.002,0.003,7.5,9.5,critical,"pH, Temperature",pH,Correct pH slowly with small water changes only. Move no more than 0.2 pH per day.,critical,6.5,8.0,26.0,30.0,0.02,0.02,20.0,6.3
1439,96,Fish,Flowerhorn Cichlid,Amphilophus hybrid,Medium,7.89,26.7,0.209,2.039,4.6,10.3,critical,"Ammonia, Nitrite",Ammonia,Do a 40–50% water change with dechlorinated water. Pause feeding 24 hours and add beneficial bacteria.,critical,6.5,8.0,26.0,30.0,0.02,0.02,20.0,6.3
1440,96,Fish,Flowerhorn Cichlid,Amphilophus hybrid,Medium,7.43,27.3,0.888,0.935,5.5,11.3,critical,"Ammonia, Nitrite",Ammonia,Do a 40–50% water change with dechlorinated water. Pause feeding 24 hours and add beneficial bacteria.,critical,6.5,8.0,26.0,30.0,0.02,0.02,20.0,6.3
1441,97,Fish,Green Terror,Andinoacara rivulatus,Medium,7.51,25.8,0.003,0.001,3.5,8.7,excellent,,,Keep weekly testing and regular water changes.,low,6.5,8.0,22.0,28.0,0.02,0.02,20.0,6.3
1442,97,Fish,Green Terror,Andinoacara rivulatus,Medium,7.41,26.3,0.003,0.002,3.6,8.2,excellent,,,Keep weekly testing and regular water changes.,low,6.5,8.0,22.0,28.0,0.02,0.02,20.0,6.3
1443,97,Fish,Green Terror,Andinoacara rivulatus,Medium,7.63,25.2,0.003,0.001,5.3,11.3,excellent,,,Keep weekly testing and regular water changes.,low,6.5,8.0,22.0,28.0,0.02,0.02,20.0,6.3
1444,97,Fish,Green Terror,Andinoacara rivulatus,Medium,6.81,22.9,0.003,0.002,8.2,11.3,excellent,,,Keep weekly testing and regular water changes.,low,6.5,8.0,22.0,28.0,0.02,0.02,20.0,6.3
1445,97,Fish,Green Terror,Andinoacara rivulatus,Medium,7.61,22.3,0.012,0.013,15.6,8.0,good,,,Keep weekly testing and regular water changes.,low,6.5,8.0,22.0,28.0,0.02,0.02,20.0,6.3
1446,97,Fish,Green Terror,Andinoacara rivulatus,Medium,7.47,22.8,0.012,0.01,13.4,7.1,good,,,Keep weekly testing and regular water changes.,low,6.5,8.0,22.0,28.0,0.02,0.02,20.0,6.3
1447,97,Fish,Green Terror,Andinoacara rivulatus,Medium,7.57,23.0,0.01,0.01,17.7,7.3,good,,,Keep weekly testing and regular water changes.,low,6.5,8.0,22.0,28.0,0.02,0.02,20.0,6.3
1448,97,Fish,Green Terror,Andinoacara rivulatus,Medium,7.86,27.0,0.002,0.001,29.5,9.0,watch,Nitrate,Nitrate,"Do a 25–40% water change, vacuum the substrate, and add fast-growing plants.",medium,6.5,8.0,22.0,28.0,0.02,0.02,20.0,6.3
1449,97,Fish,Green Terror,Andinoacara rivulatus,Medium,7.11,25.3,0.026,0.004,4.3,11.3,watch,Ammonia,Ammonia,Do a 40–50% water change with dechlorinated water. Pause feeding 24 hours and add beneficial bacteria.,critical,6.5,8.0,22.0,28.0,0.02,0.02,20.0,6.3
1450,97,Fish,Green Terror,Andinoacara rivulatus,Medium,7.61,29.8,0.002,0.0,7.4,11.1,watch,Temperature,Temperature,Adjust the heater 1°C at a time. Increase surface movement if the tank is hot.,high,6.5,8.0,22.0,28.0,0.02,0.02,20.0,6.3
1451,97,Fish,Green Terror,Andinoacara rivulatus,Medium,7.66,29.4,0.003,0.002,4.1,11.0,watch,Temperature,Temperature,Adjust the heater 1°C at a time. Increase surface movement if the tank is hot.,high,6.5,8.0,22.0,28.0,0.02,0.02,20.0,6.3
1452,97,Fish,Green Terror,Andinoacara rivulatus,Medium,7.83,25.3,0.12,0.002,5.3,3.5,critical,"Ammonia, DissolvedO2",Ammonia,Do a 40–50% water change with dechlorinated water. Pause feeding 24 hours and add beneficial bacteria.,critical,6.5,8.0,22.0,28.0,0.02,0.02,20.0,6.3
1453,97,Fish,Green Terror,Andinoacara rivulatus,Medium,7.14,23.9,0.12,0.003,5.4,2.7,critical,"Ammonia, DissolvedO2",Ammonia,Do a 40–50% water change with dechlorinated water. Pause feeding 24 hours and add beneficial bacteria.,critical,6.5,8.0,22.0,28.0,0.02,0.02,20.0,6.3
1454,97,Fish,Green Terror,Andinoacara rivulatus,Medium,7.16,25.9,0.12,0.004,3.9,3.6,critical,"Ammonia, DissolvedO2",Ammonia,Do a 40–50% water change with dechlorinated water. Pause feeding 24 hours and add beneficial bacteria.,critical,6.5,8.0,22.0,28.0,0.02,0.02,20.0,6.3
1455,97,Fish,Green Terror,Andinoacara rivulatus,Medium,7.41,24.7,0.21,1.876,4.4,9.8,critical,"Ammonia, Nitrite",Ammonia,Do a 40–50% water change with dechlorinated water. Pause feeding 24 hours and add beneficial bacteria.,critical,6.5,8.0,22.0,28.0,0.02,0.02,20.0,6.3
1456,98,Fish,Jaguar Cichlid,Parachromis managuensis,High,7.84,28.5,0.003,0.003,5.4,8.4,excellent,,,Keep weekly testing and regular water changes.,low,7.0,8.2,25.0,30.0,0.02,0.02,20.0,6.2
1457,98,Fish,Jaguar Cichlid,Parachromis managuensis,High,7.47,29.1,0.004,0.003,4.3,8.7,excellent,,,Keep weekly testing and regular water changes.,low,7.0,8.2,25.0,30.0,0.02,0.02,20.0,6.2
1458,98,Fish,Jaguar Cichlid,Parachromis managuensis,High,7.99,26.1,0.002,0.002,4.8,10.4,excellent,,,Keep weekly testing and regular water changes.,low,7.0,8.2,25.0,30.0,0.02,0.02,20.0,6.2
1459,98,Fish,Jaguar Cichlid,Parachromis managuensis,High,8.08,28.6,0.002,0.002,7.9,10.1,excellent,,,Keep weekly testing and regular water changes.,low,7.0,8.2,25.0,30.0,0.02,0.02,20.0,6.2
1460,98,Fish,Jaguar Cichlid,Parachromis managuensis,High,7.6,28.4,0.009,0.001,18.1,7.4,good,,,Keep weekly testing and regular water changes.,low,7.0,8.2,25.0,30.0,0.02,0.02,20.0,6.2
1461,98,Fish,Jaguar Cichlid,Parachromis managuensis,High,7.21,26.6,0.017,0.009,16.8,6.5,good,,,Keep weekly testing and regular water changes.,low,7.0,8.2,25.0,30.0,0.02,0.02,20.0,6.2
1462,98,Fish,Jaguar Cichlid,Parachromis managuensis,High,8.14,29.3,0.012,0.004,17.2,7.7,good,,,Keep weekly testing and regular water changes.,low,7.0,8.2,25.0,30.0,0.02,0.02,20.0,6.2
1463,98,Fish,Jaguar Cichlid,Parachromis managuensis,High,6.77,29.3,0.003,0.001,5.8,10.9,watch,pH,pH,Correct pH slowly with small water changes only. Move no more than 0.2 pH per day.,high,7.0,8.2,25.0,30.0,0.02,0.02,20.0,6.2
1464,98,Fish,Jaguar Cichlid,Parachromis managuensis,High,6.61,27.3,0.003,0.001,4.9,9.0,watch,pH,pH,Correct pH slowly with small water changes only. Move no more than 0.2 pH per day.,high,7.0,8.2,25.0,30.0,0.02,0.02,20.0,6.2
1465,98,Fish,Jaguar Cichlid,Parachromis managuensis,High,6.77,27.3,0.002,0.001,6.8,11.6,watch,pH,pH,Correct pH slowly with small water changes only. Move no more than 0.2 pH per day.,high,7.0,8.2,25.0,30.0,0.02,0.02,20.0,6.2
1466,98,Fish,Jaguar Cichlid,Parachromis managuensis,High,7.73,26.7,0.0,0.001,31.8,8.7,watch,Nitrate,Nitrate,"Do a 25–40% water change, vacuum the substrate, and add fast-growing plants.",medium,7.0,8.2,25.0,30.0,0.02,0.02,20.0,6.2
1467,98,Fish,Jaguar Cichlid,Parachromis managuensis,High,7.38,28.5,0.12,0.002,5.7,2.5,critical,"Ammonia, DissolvedO2",Ammonia,Do a 40–50% water change with dechlorinated water. Pause feeding 24 hours and add beneficial bacteria.,critical,7.0,8.2,25.0,30.0,0.02,0.02,20.0,6.2
1468,98,Fish,Jaguar Cichlid,Parachromis managuensis,High,7.6,28.8,0.854,1.835,6.8,9.9,critical,"Ammonia, Nitrite",Ammonia,Do a 40–50% water change with dechlorinated water. Pause feeding 24 hours and add beneficial bacteria.,critical,7.0,8.2,25.0,30.0,0.02,0.02,20.0,6.2
1469,98,Fish,Jaguar Cichlid,Parachromis managuensis,High,7.58,29.3,0.244,1.149,3.6,8.8,critical,"Ammonia, Nitrite",Ammonia,Do a 40–50% water change with dechlorinated water. Pause feeding 24 hours and add beneficial bacteria.,critical,7.0,8.2,25.0,30.0,0.02,0.02,20.0,6.2
1470,98,Fish,Jaguar Cichlid,Parachromis managuensis,High,7.71,28.9,0.874,5.353,55.0,8.5,critical,"Ammonia, Nitrite, Nitrate",Ammonia,Do a 40–50% water change with dechlorinated water. Pause feeding 24 hours and add beneficial bacteria.,critical,7.0,8.2,25.0,30.0,0.02,0.02,20.0,6.2
1471,99,Fish,Frontosa Cichlid,Cyphotilapia frontosa,Medium,8.9,25.6,0.003,0.003,7.5,9.7,excellent,,,Keep weekly testing and regular water changes.,low,7.8,9.0,24.0,27.0,0.02,0.02,20.0,6.4
1472,99,Fish,Frontosa Cichlid,Cyphotilapia frontosa,Medium,8.4,24.9,0.002,0.001,5.8,10.8,excellent,,,Keep weekly testing and regular water changes.,low,7.8,9.0,24.0,27.0,0.02,0.02,20.0,6.4
1473,99,Fish,Frontosa Cichlid,Cyphotilapia frontosa,Medium,7.9,25.6,0.001,0.001,3.4,8.8,excellent,,,Keep weekly testing and regular water changes.,low,7.8,9.0,24.0,27.0,0.02,0.02,20.0,6.4
1474,99,Fish,Frontosa Cichlid,Cyphotilapia frontosa,Medium,8.91,26.4,0.003,0.002,7.2,11.2,excellent,,,Keep weekly testing and regular water changes.,low,7.8,9.0,24.0,27.0,0.02,0.02,20.0,6.4
1475,99,Fish,Frontosa Cichlid,Cyphotilapia frontosa,Medium,8.42,24.2,0.014,0.014,14.5,7.3,good,,,Keep weekly testing and regular water changes.,low,7.8,9.0,24.0,27.0,0.02,0.02,20.0,6.4
1476,99,Fish,Frontosa Cichlid,Cyphotilapia frontosa,Medium,8.24,25.2,0.014,0.005,18.6,7.9,good,,,Keep weekly testing and regular water changes.,low,7.8,9.0,24.0,27.0,0.02,0.02,20.0,6.4
1477,99,Fish,Frontosa Cichlid,Cyphotilapia frontosa,Medium,7.85,26.4,0.015,0.007,16.0,7.9,good,,,Keep weekly testing and regular water changes.,low,7.8,9.0,24.0,27.0,0.02,0.02,20.0,6.4
1478,99,Fish,Frontosa Cichlid,Cyphotilapia frontosa,Medium,8.32,24.9,0.039,0.001,6.7,8.8,watch,Ammonia,Ammonia,Do a 40–50% water change with dechlorinated water. Pause feeding 24 hours and add beneficial bacteria.,critical,7.8,9.0,24.0,27.0,0.02,0.02,20.0,6.4
1479,99,Fish,Frontosa Cichlid,Cyphotilapia frontosa,Medium,8.75,22.8,0.004,0.004,4.2,10.5,watch,Temperature,Temperature,Adjust the heater 1°C at a time. Increase surface movement if the tank is hot.,high,7.8,9.0,24.0,27.0,0.02,0.02,20.0,6.4
1480,99,Fish,Frontosa Cichlid,Cyphotilapia frontosa,Medium,9.16,25.7,0.001,0.001,5.4,10.9,watch,pH,pH,Correct pH slowly with small water changes only. Move no more than 0.2 pH per day.,high,7.8,9.0,24.0,27.0,0.02,0.02,20.0,6.4
1481,99,Fish,Frontosa Cichlid,Cyphotilapia frontosa,Medium,8.19,25.4,0.002,0.001,28.2,11.2,watch,Nitrate,Nitrate,"Do a 25–40% water change, vacuum the substrate, and add fast-growing plants.",medium,7.8,9.0,24.0,27.0,0.02,0.02,20.0,6.4
1482,99,Fish,Frontosa Cichlid,Cyphotilapia frontosa,Medium,8.65,25.5,0.365,6.648,85.6,9.0,critical,"Ammonia, Nitrite, Nitrate",Ammonia,Do a 40–50% water change with dechlorinated water. Pause feeding 24 hours and add beneficial bacteria.,critical,7.8,9.0,24.0,27.0,0.02,0.02,20.0,6.4
1483,99,Fish,Frontosa Cichlid,Cyphotilapia frontosa,Medium,7.91,24.9,0.42,1.953,75.8,11.5,critical,"Ammonia, Nitrite, Nitrate",Ammonia,Do a 40–50% water change with dechlorinated water. Pause feeding 24 hours and add beneficial bacteria.,critical,7.8,9.0,24.0,27.0,0.02,0.02,20.0,6.4
1484,99,Fish,Frontosa Cichlid,Cyphotilapia frontosa,Medium,8.2,26.3,0.618,1.344,4.5,10.2,critical,"Ammonia, Nitrite",Ammonia,Do a 40–50% water change with dechlorinated water. Pause feeding 24 hours and add beneficial bacteria.,critical,7.8,9.0,24.0,27.0,0.02,0.02,20.0,6.4
1485,99,Fish,Frontosa Cichlid,Cyphotilapia frontosa,Medium,8.18,25.1,0.406,1.545,5.2,10.2,critical,"Ammonia, Nitrite",Ammonia,Do a 40–50% water change with dechlorinated water. Pause feeding 24 hours and add beneficial bacteria.,critical,7.8,9.0,24.0,27.0,0.02,0.02,20.0,6.4
1486,100,Fish,Iridescent Shark (Pangasius),Pangasianodon hypophthalmus,High,6.67,22.8,0.003,0.003,4.6,9.5,excellent,,,Keep weekly testing and regular water changes.,low,6.5,7.5,22.0,26.0,0.02,0.02,20.0,6.6
1487,100,Fish,Iridescent Shark (Pangasius),Pangasianodon hypophthalmus,High,7.38,22.9,0.001,0.002,4.7,10.5,excellent,,,Keep weekly testing and regular water changes.,low,6.5,7.5,22.0,26.0,0.02,0.02,20.0,6.6
1488,100,Fish,Iridescent Shark (Pangasius),Pangasianodon hypophthalmus,High,7.16,24.1,0.002,0.002,7.2,8.5,excellent,,,Keep weekly testing and regular water changes.,low,6.5,7.5,22.0,26.0,0.02,0.02,20.0,6.6
1489,100,Fish,Iridescent Shark (Pangasius),Pangasianodon hypophthalmus,High,6.84,24.5,0.001,0.0,5.0,10.7,excellent,,,Keep weekly testing and regular water changes.,low,6.5,7.5,22.0,26.0,0.02,0.02,20.0,6.6
1490,100,Fish,Iridescent Shark (Pangasius),Pangasianodon hypophthalmus,High,6.64,24.8,0.015,0.009,14.5,8.1,good,,,Keep weekly testing and regular water changes.,low,6.5,7.5,22.0,26.0,0.02,0.02,20.0,6.6
1491,100,Fish,Iridescent Shark (Pangasius),Pangasianodon hypophthalmus,High,6.73,25.5,0.014,0.001,17.8,7.6,good,,,Keep weekly testing and regular water changes.,low,6.5,7.5,22.0,26.0,0.02,0.02,20.0,6.6
1492,100,Fish,Iridescent Shark (Pangasius),Pangasianodon hypophthalmus,High,6.95,23.7,0.013,0.01,18.4,7.2,good,,,Keep weekly testing and regular water changes.,low,6.5,7.5,22.0,26.0,0.02,0.02,20.0,6.6
1493,100,Fish,Iridescent Shark (Pangasius),Pangasianodon hypophthalmus,High,7.11,24.5,0.031,0.002,5.2,10.8,watch,Ammonia,Ammonia,Do a 40–50% water change with dechlorinated water. Pause feeding 24 hours and add beneficial bacteria.,critical,6.5,7.5,22.0,26.0,0.02,0.02,20.0,6.6
1494,100,Fish,Iridescent Shark (Pangasius),Pangasianodon hypophthalmus,High,6.19,23.3,0.0,0.0,6.8,11.5,watch,pH,pH,Correct pH slowly with small water changes only. Move no more than 0.2 pH per day.,high,6.5,7.5,22.0,26.0,0.02,0.02,20.0,6.6
1495,100,Fish,Iridescent Shark (Pangasius),Pangasianodon hypophthalmus,High,6.7,24.9,0.001,0.004,26.7,9.1,watch,Nitrate,Nitrate,"Do a 25–40% water change, vacuum the substrate, and add fast-growing plants.",medium,6.5,7.5,22.0,26.0,0.02,0.02,20.0,6.6
1496,100,Fish,Iridescent Shark (Pangasius),Pangasianodon hypophthalmus,High,7.23,27.3,0.003,0.003,7.7,11.3,watch,Temperature,Temperature,Adjust the heater 1°C at a time. Increase surface movement if the tank is hot.,high,6.5,7.5,22.0,26.0,0.02,0.02,20.0,6.6
1497,100,Fish,Iridescent Shark (Pangasius),Pangasianodon hypophthalmus,High,7.02,25.0,0.12,0.0,4.7,2.8,critical,"Ammonia, DissolvedO2",Ammonia,Do a 40–50% water change with dechlorinated water. Pause feeding 24 hours and add beneficial bacteria.,critical,6.5,7.5,22.0,26.0,0.02,0.02,20.0,6.6
1498,100,Fish,Iridescent Shark (Pangasius),Pangasianodon hypophthalmus,High,7.15,25.3,0.684,2.052,62.2,8.7,critical,"Ammonia, Nitrite, Nitrate",Ammonia,Do a 40–50% water change with dechlorinated water. Pause feeding 24 hours and add beneficial bacteria.,critical,6.5,7.5,22.0,26.0,0.02,0.02,20.0,6.6
1499,100,Fish,Iridescent Shark (Pangasius),Pangasianodon hypophthalmus,High,6.98,23.3,0.988,5.617,77.8,11.0,critical,"Ammonia, Nitrite, Nitrate",Ammonia,Do a 40–50% water change with dechlorinated water. Pause feeding 24 hours and add beneficial bacteria.,critical,6.5,7.5,22.0,26.0,0.02,0.02,20.0,6.6
1500,100,Fish,Iridescent Shark (Pangasius),Pangasianodon hypophthalmus,High,7.13,25.2,0.983,1.007,74.0,11.0,critical,"Ammonia, Nitrite, Nitrate",Ammonia,Do a 40–50% water change with dechlorinated water. Pause feeding 24 hours and add beneficial bacteria.,critical,6.5,7.5,22.0,26.0,0.02,0.02,20.0,6.6
1501,101,Fish,Redtail Catfish,Phractocephalus hemioliopterus,High,7.04,24.0,0.001,0.001,6.1,11.3,excellent,,,Keep weekly testing and regular water changes.,low,6.0,7.5,22.0,27.0,0.02,0.02,20.0,6.4
1502,101,Fish,Redtail Catfish,Phractocephalus hemioliopterus,High,7.28,24.0,0.001,0.003,7.0,9.9,excellent,,,Keep weekly testing and regular water changes.,low,6.0,7.5,22.0,27.0,0.02,0.02,20.0,6.4
1503,101,Fish,Redtail Catfish,Phractocephalus hemioliopterus,High,6.6,23.1,0.003,0.002,5.2,11.3,excellent,,,Keep weekly testing and regular water changes.,low,6.0,7.5,22.0,27.0,0.02,0.02,20.0,6.4
1504,101,Fish,Redtail Catfish,Phractocephalus hemioliopterus,High,6.96,26.1,0.002,0.002,8.1,11.5,excellent,,,Keep weekly testing and regular water changes.,low,6.0,7.5,22.0,27.0,0.02,0.02,20.0,6.4
1505,101,Fish,Redtail Catfish,Phractocephalus hemioliopterus,High,7.42,26.0,0.012,0.003,15.3,8.1,good,,,Keep weekly testing and regular water changes.,low,6.0,7.5,22.0,27.0,0.02,0.02,20.0,6.4
1506,101,Fish,Redtail Catfish,Phractocephalus hemioliopterus,High,6.55,25.7,0.016,0.014,18.7,7.5,good,,,Keep weekly testing and regular water changes.,low,6.0,7.5,22.0,27.0,0.02,0.02,20.0,6.4
1507,101,Fish,Redtail Catfish,Phractocephalus hemioliopterus,High,6.74,26.8,0.009,0.003,18.8,7.7,good,,,Keep weekly testing and regular water changes.,low,6.0,7.5,22.0,27.0,0.02,0.02,20.0,6.4
1508,101,Fish,Redtail Catfish,Phractocephalus hemioliopterus,High,8.0,23.1,0.002,0.004,6.3,9.6,watch,pH,pH,Correct pH slowly with small water changes only. Move no more than 0.2 pH per day.,high,6.0,7.5,22.0,27.0,0.02,0.02,20.0,6.4
1509,101,Fish,Redtail Catfish,Phractocephalus hemioliopterus,High,7.3,20.3,0.002,0.001,5.5,8.9,watch,Temperature,Temperature,Adjust the heater 1°C at a time. Increase surface movement if the tank is hot.,high,6.0,7.5,22.0,27.0,0.02,0.02,20.0,6.4
1510,101,Fish,Redtail Catfish,Phractocephalus hemioliopterus,High,6.85,23.9,0.029,0.001,3.9,10.6,watch,Ammonia,Ammonia,Do a 40–50% water change with dechlorinated water. Pause feeding 24 hours and add beneficial bacteria.,critical,6.0,7.5,22.0,27.0,0.02,0.02,20.0,6.4
1511,101,Fish,Redtail Catfish,Phractocephalus hemioliopterus,High,5.79,23.6,0.004,0.002,6.9,10.1,watch,pH,pH,Correct pH slowly with small water changes only. Move no more than 0.2 pH per day.,high,6.0,7.5,22.0,27.0,0.02,0.02,20.0,6.4
1512,101,Fish,Redtail Catfish,Phractocephalus hemioliopterus,High,7.22,25.7,0.185,1.845,6.0,11.3,critical,"Ammonia, Nitrite",Ammonia,Do a 40–50% water change with dechlorinated water. Pause feeding 24 hours and add beneficial bacteria.,critical,6.0,7.5,22.0,27.0,0.02,0.02,20.0,6.4
1513,101,Fish,Redtail Catfish,Phractocephalus hemioliopterus,High,7.38,25.4,1.224,6.746,76.1,9.4,critical,"Ammonia, Nitrite, Nitrate",Ammonia,Do a 40–50% water change with dechlorinated water. Pause feeding 24 hours and add beneficial bacteria.,critical,6.0,7.5,22.0,27.0,0.02,0.02,20.0,6.4
1514,101,Fish,Redtail Catfish,Phractocephalus hemioliopterus,High,6.98,23.7,0.733,1.082,5.9,9.6,critical,"Ammonia, Nitrite",Ammonia,Do a 40–50% water change with dechlorinated water. Pause feeding 24 hours and add beneficial bacteria.,critical,6.0,7.5,22.0,27.0,0.02,0.02,20.0,6.4
1515,101,Fish,Redtail Catfish,Phractocephalus hemioliopterus,High,7.33,26.3,0.852,1.189,6.9,8.3,critical,"Ammonia, Nitrite",Ammonia,Do a 40–50% water change with dechlorinated water. Pause feeding 24 hours and add beneficial bacteria.,critical,6.0,7.5,22.0,27.0,0.02,0.02,20.0,6.4
1516,102,Fish,Tiger Shovelnose Catfish,Pseudoplatystoma tigrinum,High,7.34,25.0,0.001,0.004,6.0,11.1,excellent,,,Keep weekly testing and regular water changes.,low,6.0,7.5,23.0,28.0,0.02,0.02,20.0,6.4
1517,102,Fish,Tiger Shovelnose Catfish,Pseudoplatystoma tigrinum,High,7.3,25.6,0.002,0.002,7.6,11.5,excellent,,,Keep weekly testing and regular water changes.,low,6.0,7.5,23.0,28.0,0.02,0.02,20.0,6.4
1518,102,Fish,Tiger Shovelnose Catfish,Pseudoplatystoma tigrinum,High,6.52,26.4,0.001,0.002,7.4,11.2,excellent,,,Keep weekly testing and regular water changes.,low,6.0,7.5,23.0,28.0,0.02,0.02,20.0,6.4
1519,102,Fish,Tiger Shovelnose Catfish,Pseudoplatystoma tigrinum,High,6.68,25.0,0.001,0.001,5.1,11.2,excellent,,,Keep weekly testing and regular water changes.,low,6.0,7.5,23.0,28.0,0.02,0.02,20.0,6.4
1520,102,Fish,Tiger Shovelnose Catfish,Pseudoplatystoma tigrinum,High,6.63,24.6,0.014,0.003,14.5,8.1,good,,,Keep weekly testing and regular water changes.,low,6.0,7.5,23.0,28.0,0.02,0.02,20.0,6.4
1521,102,Fish,Tiger Shovelnose Catfish,Pseudoplatystoma tigrinum,High,6.14,25.1,0.013,0.003,14.7,7.0,good,,,Keep weekly testing and regular water changes.,low,6.0,7.5,23.0,28.0,0.02,0.02,20.0,6.4
1522,102,Fish,Tiger Shovelnose Catfish,Pseudoplatystoma tigrinum,High,6.52,27.4,0.011,0.006,15.3,8.1,good,,,Keep weekly testing and regular water changes.,low,6.0,7.5,23.0,28.0,0.02,0.02,20.0,6.4
1523,102,Fish,Tiger Shovelnose Catfish,Pseudoplatystoma tigrinum,High,6.24,26.9,0.032,0.004,4.8,8.5,watch,Ammonia,Ammonia,Do a 40–50% water change with dechlorinated water. Pause feeding 24 hours and add beneficial bacteria.,critical,6.0,7.5,23.0,28.0,0.02,0.02,20.0,6.4
1524,102,Fish,Tiger Shovelnose Catfish,Pseudoplatystoma tigrinum,High,7.09,20.5,0.003,0.001,6.9,9.3,watch,Temperature,Temperature,Adjust the heater 1°C at a time. Increase surface movement if the tank is hot.,high,6.0,7.5,23.0,28.0,0.02,0.02,20.0,6.4
1525,102,Fish,Tiger Shovelnose Catfish,Pseudoplatystoma tigrinum,High,7.06,25.8,0.036,0.002,6.1,9.0,watch,Ammonia,Ammonia,Do a 40–50% water change with dechlorinated water. Pause feeding 24 hours and add beneficial bacteria.,critical,6.0,7.5,23.0,28.0,0.02,0.02,20.0,6.4
1526,102,Fish,Tiger Shovelnose Catfish,Pseudoplatystoma tigrinum,High,6.14,26.7,0.0,0.003,32.5,9.7,watch,Nitrate,Nitrate,"Do a 25–40% water change, vacuum the substrate, and add fast-growing plants.",medium,6.0,7.5,23.0,28.0,0.02,0.02,20.0,6.4
1527,102,Fish,Tiger Shovelnose Catfish,Pseudoplatystoma tigrinum,High,6.21,26.1,0.514,0.965,4.1,10.9,critical,"Ammonia, Nitrite",Ammonia,Do a 40–50% water change with dechlorinated water. Pause feeding 24 hours and add beneficial bacteria.,critical,6.0,7.5,23.0,28.0,0.02,0.02,20.0,6.4
1528,102,Fish,Tiger Shovelnose Catfish,Pseudoplatystoma tigrinum,High,4.38,14.7,0.0,0.002,6.6,9.9,critical,"pH, Temperature",pH,Correct pH slowly with small water changes only. Move no more than 0.2 pH per day.,critical,6.0,7.5,23.0,28.0,0.02,0.02,20.0,6.4
1529,102,Fish,Tiger Shovelnose Catfish,Pseudoplatystoma tigrinum,High,6.82,26.2,0.222,1.693,4.8,9.4,critical,"Ammonia, Nitrite",Ammonia,Do a 40–50% water change with dechlorinated water. Pause feeding 24 hours and add beneficial bacteria.,critical,6.0,7.5,23.0,28.0,0.02,0.02,20.0,6.4
1530,102,Fish,Tiger Shovelnose Catfish,Pseudoplatystoma tigrinum,High,6.4,24.7,0.882,1.891,7.3,11.4,critical,"Ammonia, Nitrite",Ammonia,Do a 40–50% water change with dechlorinated water. Pause feeding 24 hours and add beneficial bacteria.,critical,6.0,7.5,23.0,28.0,0.02,0.02,20.0,6.4
1531,103,Fish,Red-bellied Pacu,Piaractus brachypomus,High,6.72,24.2,0.001,0.001,6.9,8.3,excellent,,,Keep weekly testing and regular water changes.,low,6.0,7.5,23.0,28.0,0.02,0.02,20.0,6.4
1532,103,Fish,Red-bellied Pacu,Piaractus brachypomus,High,6.27,26.2,0.0,0.0,3.8,10.5,excellent,,,Keep weekly testing and regular water changes.,low,6.0,7.5,23.0,28.0,0.02,0.02,20.0,6.4
1533,103,Fish,Red-bellied Pacu,Piaractus brachypomus,High,6.27,24.2,0.001,0.003,4.2,8.3,excellent,,,Keep weekly testing and regular water changes.,low,6.0,7.5,23.0,28.0,0.02,0.02,20.0,6.4
1534,103,Fish,Red-bellied Pacu,Piaractus brachypomus,High,7.29,26.9,0.001,0.001,4.2,10.6,excellent,,,Keep weekly testing and regular water changes.,low,6.0,7.5,23.0,28.0,0.02,0.02,20.0,6.4
1535,103,Fish,Red-bellied Pacu,Piaractus brachypomus,High,6.39,27.5,0.015,0.008,13.1,8.0,good,,,Keep weekly testing and regular water changes.,low,6.0,7.5,23.0,28.0,0.02,0.02,20.0,6.4
1536,103,Fish,Red-bellied Pacu,Piaractus brachypomus,High,7.08,26.9,0.008,0.01,17.8,8.1,good,,,Keep weekly testing and regular water changes.,low,6.0,7.5,23.0,28.0,0.02,0.02,20.0,6.4
1537,103,Fish,Red-bellied Pacu,Piaractus brachypomus,High,6.87,25.5,0.011,0.01,18.5,7.6,good,,,Keep weekly testing and regular water changes.,low,6.0,7.5,23.0,28.0,0.02,0.02,20.0,6.4
1538,103,Fish,Red-bellied Pacu,Piaractus brachypomus,High,5.67,23.7,0.002,0.003,3.5,9.6,watch,pH,pH,Correct pH slowly with small water changes only. Move no more than 0.2 pH per day.,high,6.0,7.5,23.0,28.0,0.02,0.02,20.0,6.4
1539,103,Fish,Red-bellied Pacu,Piaractus brachypomus,High,6.38,24.9,0.044,0.0,6.6,10.2,watch,Ammonia,Ammonia,Do a 40–50% water change with dechlorinated water. Pause feeding 24 hours and add beneficial bacteria.,critical,6.0,7.5,23.0,28.0,0.02,0.02,20.0,6.4
1540,103,Fish,Red-bellied Pacu,Piaractus brachypomus,High,5.62,23.7,0.001,0.001,3.7,10.7,watch,pH,pH,Correct pH slowly with small water changes only. Move no more than 0.2 pH per day.,high,6.0,7.5,23.0,28.0,0.02,0.02,20.0,6.4
1541,103,Fish,Red-bellied Pacu,Piaractus brachypomus,High,7.7,24.0,0.001,0.002,6.6,11.0,watch,pH,pH,Correct pH slowly with small water changes only. Move no more than 0.2 pH per day.,high,6.0,7.5,23.0,28.0,0.02,0.02,20.0,6.4
1542,103,Fish,Red-bellied Pacu,Piaractus brachypomus,High,9.73,15.1,0.001,0.0,4.0,8.5,critical,"pH, Temperature",pH,Correct pH slowly with small water changes only. Move no more than 0.2 pH per day.,critical,6.0,7.5,23.0,28.0,0.02,0.02,20.0,6.4
1543,103,Fish,Red-bellied Pacu,Piaractus brachypomus,High,6.18,25.4,0.12,0.001,4.7,3.3,critical,"Ammonia, DissolvedO2",Ammonia,Do a 40–50% water change with dechlorinated water. Pause feeding 24 hours and add beneficial bacteria.,critical,6.0,7.5,23.0,28.0,0.02,0.02,20.0,6.4
1544,103,Fish,Red-bellied Pacu,Piaractus brachypomus,High,7.08,23.8,0.523,1.637,7.5,10.7,critical,"Ammonia, Nitrite",Ammonia,Do a 40–50% water change with dechlorinated water. Pause feeding 24 hours and add beneficial bacteria.,critical,6.0,7.5,23.0,28.0,0.02,0.02,20.0,6.4
1545,103,Fish,Red-bellied Pacu,Piaractus brachypomus,High,7.07,24.1,0.12,0.0,5.8,3.7,critical,"Ammonia, DissolvedO2",Ammonia,Do a 40–50% water change with dechlorinated water. Pause feeding 24 hours and add beneficial bacteria.,critical,6.0,7.5,23.0,28.0,0.02,0.02,20.0,6.4
1546,104,Fish,Indonesian Tiger Fish (Datnoid),Datnioides microlepis,High,7.11,25.3,0.002,0.001,5.9,9.7,excellent,,,Keep weekly testing and regular water changes.,low,6.5,7.8,24.0,28.0,0.02,0.02,20.0,6.3
1547,104,Fish,Indonesian Tiger Fish (Datnoid),Datnioides microlepis,High,7.47,25.3,0.001,0.002,3.5,8.9,excellent,,,Keep weekly testing and regular water changes.,low,6.5,7.8,24.0,28.0,0.02,0.02,20.0,6.3
1548,104,Fish,Indonesian Tiger Fish (Datnoid),Datnioides microlepis,High,6.98,26.0,0.001,0.002,7.8,10.0,excellent,,,Keep weekly testing and regular water changes.,low,6.5,7.8,24.0,28.0,0.02,0.02,20.0,6.3
1549,104,Fish,Indonesian Tiger Fish (Datnoid),Datnioides microlepis,High,6.91,24.8,0.001,0.002,6.8,8.3,excellent,,,Keep weekly testing and regular water changes.,low,6.5,7.8,24.0,28.0,0.02,0.02,20.0,6.3
1550,104,Fish,Indonesian Tiger Fish (Datnoid),Datnioides microlepis,High,6.75,25.3,0.01,0.013,14.2,6.6,good,,,Keep weekly testing and regular water changes.,low,6.5,7.8,24.0,28.0,0.02,0.02,20.0,6.3
1551,104,Fish,Indonesian Tiger Fish (Datnoid),Datnioides microlepis,High,6.96,24.6,0.008,0.006,14.8,6.6,good,,,Keep weekly testing and regular water changes.,low,6.5,7.8,24.0,28.0,0.02,0.02,20.0,6.3
1552,104,Fish,Indonesian Tiger Fish (Datnoid),Datnioides microlepis,High,7.28,26.0,0.008,0.012,14.7,8.0,good,,,Keep weekly testing and regular water changes.,low,6.5,7.8,24.0,28.0,0.02,0.02,20.0,6.3
1553,104,Fish,Indonesian Tiger Fish (Datnoid),Datnioides microlepis,High,7.64,22.4,0.001,0.003,5.1,8.7,watch,Temperature,Temperature,Adjust the heater 1°C at a time. Increase surface movement if the tank is hot.,high,6.5,7.8,24.0,28.0,0.02,0.02,20.0,6.3
1554,104,Fish,Indonesian Tiger Fish (Datnoid),Datnioides microlepis,High,7.55,21.5,0.004,0.003,6.5,9.9,watch,Temperature,Temperature,Adjust the heater 1°C at a time. Increase surface movement if the tank is hot.,high,6.5,7.8,24.0,28.0,0.02,0.02,20.0,6.3
1555,104,Fish,Indonesian Tiger Fish (Datnoid),Datnioides microlepis,High,7.67,22.8,0.003,0.002,4.6,11.2,watch,Temperature,Temperature,Adjust the heater 1°C at a time. Increase surface movement if the tank is hot.,high,6.5,7.8,24.0,28.0,0.02,0.02,20.0,6.3
1556,104,Fish,Indonesian Tiger Fish (Datnoid),Datnioides microlepis,High,8.09,26.2,0.002,0.001,3.7,8.9,watch,pH,pH,Correct pH slowly with small water changes only. Move no more than 0.2 pH per day.,high,6.5,7.8,24.0,28.0,0.02,0.02,20.0,6.3
1557,104,Fish,Indonesian Tiger Fish (Datnoid),Datnioides microlepis,High,6.6,26.5,0.12,0.001,4.9,1.8,critical,"Ammonia, DissolvedO2",Ammonia,Do a 40–50% water change with dechlorinated water. Pause feeding 24 hours and add beneficial bacteria.,critical,6.5,7.8,24.0,28.0,0.02,0.02,20.0,6.3
1558,104,Fish,Indonesian Tiger Fish (Datnoid),Datnioides microlepis,High,6.97,26.5,0.698,7.217,67.7,10.2,critical,"Ammonia, Nitrite, Nitrate",Ammonia,Do a 40–50% water change with dechlorinated water. Pause feeding 24 hours and add beneficial bacteria.,critical,6.5,7.8,24.0,28.0,0.02,0.02,20.0,6.3
1559,104,Fish,Indonesian Tiger Fish (Datnoid),Datnioides microlepis,High,9.46,36.5,0.001,0.002,5.8,8.9,critical,"pH, Temperature",pH,Correct pH slowly with small water changes only. Move no more than 0.2 pH per day.,critical,6.5,7.8,24.0,28.0,0.02,0.02,20.0,6.3
1560,104,Fish,Indonesian Tiger Fish (Datnoid),Datnioides microlepis,High,7.42,24.8,0.12,0.004,3.5,1.5,critical,"Ammonia, DissolvedO2",Ammonia,Do a 40–50% water change with dechlorinated water. Pause feeding 24 hours and add beneficial bacteria.,critical,6.5,7.8,24.0,28.0,0.02,0.02,20.0,6.3
1561,105,Fish,Motoro Freshwater Stingray,Potamotrygon motoro,High,6.28,25.9,0.001,0.002,6.0,9.0,excellent,,,Keep weekly testing and regular water changes.,low,6.0,7.5,24.0,28.0,0.02,0.02,15.0,6.5
1562,105,Fish,Motoro Freshwater Stingray,Potamotrygon motoro,High,6.22,26.9,0.002,0.004,3.6,10.4,excellent,,,Keep weekly testing and regular water changes.,low,6.0,7.5,24.0,28.0,0.02,0.02,15.0,6.5
1563,105,Fish,Motoro Freshwater Stingray,Potamotrygon motoro,High,7.32,25.1,0.003,0.003,5.6,8.9,excellent,,,Keep weekly testing and regular water changes.,low,6.0,7.5,24.0,28.0,0.02,0.02,15.0,6.5
1564,105,Fish,Motoro Freshwater Stingray,Potamotrygon motoro,High,6.66,25.0,0.004,0.0,2.7,11.3,excellent,,,Keep weekly testing and regular water changes.,low,6.0,7.5,24.0,28.0,0.02,0.02,15.0,6.5
1565,105,Fish,Motoro Freshwater Stingray,Potamotrygon motoro,High,6.46,26.4,0.01,0.009,10.6,7.4,good,,,Keep weekly testing and regular water changes.,low,6.0,7.5,24.0,28.0,0.02,0.02,15.0,6.5
1566,105,Fish,Motoro Freshwater Stingray,Potamotrygon motoro,High,6.8,25.4,0.01,0.002,12.9,7.0,good,,,Keep weekly testing and regular water changes.,low,6.0,7.5,24.0,28.0,0.02,0.02,15.0,6.5
1567,105,Fish,Motoro Freshwater Stingray,Potamotrygon motoro,High,6.45,25.4,0.012,0.01,11.7,8.1,good,,,Keep weekly testing and regular water changes.,low,6.0,7.5,24.0,28.0,0.02,0.02,15.0,6.5
1568,105,Fish,Motoro Freshwater Stingray,Potamotrygon motoro,High,6.99,26.9,0.03,0.001,6.2,10.9,watch,Ammonia,Ammonia,Do a 40–50% water change with dechlorinated water. Pause feeding 24 hours and add beneficial bacteria.,critical,6.0,7.5,24.0,28.0,0.02,0.02,15.0,6.5
1569,105,Fish,Motoro Freshwater Stingray,Potamotrygon motoro,High,6.31,22.9,0.002,0.003,3.9,10.0,watch,Temperature,Temperature,Adjust the heater 1°C at a time. Increase surface movement if the tank is hot.,high,6.0,7.5,24.0,28.0,0.02,0.02,15.0,6.5
1570,105,Fish,Motoro Freshwater Stingray,Potamotrygon motoro,High,6.29,22.3,0.003,0.002,6.1,10.8,watch,Temperature,Temperature,Adjust the heater 1°C at a time. Increase surface movement if the tank is hot.,high,6.0,7.5,24.0,28.0,0.02,0.02,15.0,6.5
1571,105,Fish,Motoro Freshwater Stingray,Potamotrygon motoro,High,7.17,27.2,0.003,0.0,18.8,8.7,watch,Nitrate,Nitrate,"Do a 25–40% water change, vacuum the substrate, and add fast-growing plants.",medium,6.0,7.5,24.0,28.0,0.02,0.02,15.0,6.5
1572,105,Fish,Motoro Freshwater Stingray,Potamotrygon motoro,High,7.01,26.9,0.763,1.791,5.9,8.7,critical,"Ammonia, Nitrite",Ammonia,Do a 40–50% water change with dechlorinated water. Pause feeding 24 hours and add beneficial bacteria.,critical,6.0,7.5,24.0,28.0,0.02,0.02,15.0,6.5
1573,105,Fish,Motoro Freshwater Stingray,Potamotrygon motoro,High,6.77,26.1,0.423,0.815,5.3,11.1,critical,"Ammonia, Nitrite",Ammonia,Do a 40–50% water change with dechlorinated water. Pause feeding 24 hours and add beneficial bacteria.,critical,6.0,7.5,24.0,28.0,0.02,0.02,15.0,6.5
1574,105,Fish,Motoro Freshwater Stingray,Potamotrygon motoro,High,10.17,15.8,0.001,0.0,5.5,9.1,critical,"pH, Temperature",pH,Correct pH slowly with small water changes only. Move no more than 0.2 pH per day.,critical,6.0,7.5,24.0,28.0,0.02,0.02,15.0,6.5
1575,105,Fish,Motoro Freshwater Stingray,Potamotrygon motoro,High,7.08,24.7,0.569,1.071,5.9,8.3,critical,"Ammonia, Nitrite",Ammonia,Do a 40–50% water change with dechlorinated water. Pause feeding 24 hours and add beneficial bacteria.,critical,6.0,7.5,24.0,28.0,0.02,0.02,15.0,6.5
1576,106,Fish,Clown Knifefish,Chitala ornata,High,6.95,25.4,0.003,0.003,5.4,9.4,excellent,,,Keep weekly testing and regular water changes.,low,6.0,7.5,24.0,28.0,0.02,0.02,20.0,6.3
1577,106,Fish,Clown Knifefish,Chitala ornata,High,7.17,26.7,0.002,0.001,3.4,8.4,excellent,,,Keep weekly testing and regular water changes.,low,6.0,7.5,24.0,28.0,0.02,0.02,20.0,6.3
1578,106,Fish,Clown Knifefish,Chitala ornata,High,6.15,24.7,0.001,0.003,7.4,11.1,excellent,,,Keep weekly testing and regular water changes.,low,6.0,7.5,24.0,28.0,0.02,0.02,20.0,6.3
1579,106,Fish,Clown Knifefish,Chitala ornata,High,6.92,26.3,0.0,0.003,4.7,9.9,excellent,,,Keep weekly testing and regular water changes.,low,6.0,7.5,24.0,28.0,0.02,0.02,20.0,6.3
1580,106,Fish,Clown Knifefish,Chitala ornata,High,7.41,27.4,0.009,0.01,13.6,6.5,good,,,Keep weekly testing and regular water changes.,low,6.0,7.5,24.0,28.0,0.02,0.02,20.0,6.3
1581,106,Fish,Clown Knifefish,Chitala ornata,High,6.06,24.8,0.014,0.005,13.1,8.1,good,,,Keep weekly testing and regular water changes.,low,6.0,7.5,24.0,28.0,0.02,0.02,20.0,6.3
1582,106,Fish,Clown Knifefish,Chitala ornata,High,6.8,25.6,0.012,0.007,15.8,7.5,good,,,Keep weekly testing and regular water changes.,low,6.0,7.5,24.0,28.0,0.02,0.02,20.0,6.3
1583,106,Fish,Clown Knifefish,Chitala ornata,High,7.27,25.4,0.002,0.0,34.0,9.2,watch,Nitrate,Nitrate,"Do a 25–40% water change, vacuum the substrate, and add fast-growing plants.",medium,6.0,7.5,24.0,28.0,0.02,0.02,20.0,6.3
1584,106,Fish,Clown Knifefish,Chitala ornata,High,5.77,24.9,0.001,0.001,8.3,9.6,watch,pH,pH,Correct pH slowly with small water changes only. Move no more than 0.2 pH per day.,high,6.0,7.5,24.0,28.0,0.02,0.02,20.0,6.3
1585,106,Fish,Clown Knifefish,Chitala ornata,High,7.68,25.7,0.0,0.003,3.3,11.2,watch,pH,pH,Correct pH slowly with small water changes only. Move no more than 0.2 pH per day.,high,6.0,7.5,24.0,28.0,0.02,0.02,20.0,6.3
1586,106,Fish,Clown Knifefish,Chitala ornata,High,7.05,26.8,0.002,0.002,31.0,8.3,watch,Nitrate,Nitrate,"Do a 25–40% water change, vacuum the substrate, and add fast-growing plants.",medium,6.0,7.5,24.0,28.0,0.02,0.02,20.0,6.3
1587,106,Fish,Clown Knifefish,Chitala ornata,High,6.22,25.3,1.216,1.322,68.5,10.9,critical,"Ammonia, Nitrite, Nitrate",Ammonia,Do a 40–50% water change with dechlorinated water. Pause feeding 24 hours and add beneficial bacteria.,critical,6.0,7.5,24.0,28.0,0.02,0.02,20.0,6.3
1588,106,Fish,Clown Knifefish,Chitala ornata,High,6.57,26.5,0.892,1.869,92.3,10.4,critical,"Ammonia, Nitrite, Nitrate",Ammonia,Do a 40–50% water change with dechlorinated water. Pause feeding 24 hours and add beneficial bacteria.,critical,6.0,7.5,24.0,28.0,0.02,0.02,20.0,6.3
1589,106,Fish,Clown Knifefish,Chitala ornata,High,6.23,26.6,0.73,6.518,74.9,10.6,critical,"Ammonia, Nitrite, Nitrate",Ammonia,Do a 40–50% water change with dechlorinated water. Pause feeding 24 hours and add beneficial bacteria.,critical,6.0,7.5,24.0,28.0,0.02,0.02,20.0,6.3
1590,106,Fish,Clown Knifefish,Chitala ornata,High,6.33,25.0,0.12,0.002,7.0,3.0,critical,"Ammonia, DissolvedO2",Ammonia,Do a 40–50% water change with dechlorinated water. Pause feeding 24 hours and add beneficial bacteria.,critical,6.0,7.5,24.0,28.0,0.02,0.02,20.0,6.3
1591,107,Fish,Senegal Bichir (Dinosaur Eel),Polypterus senegalus,Medium,7.61,27.4,0.001,0.004,7.4,7.6,excellent,,,Keep weekly testing and regular water changes.,low,6.0,8.0,24.0,28.0,0.02,0.02,20.0,5.5
1592,107,Fish,Senegal Bichir (Dinosaur Eel),Polypterus senegalus,Medium,6.69,25.2,0.003,0.002,5.8,10.6,excellent,,,Keep weekly testing and regular water changes.,low,6.0,8.0,24.0,28.0,0.02,0.02,20.0,5.5
1593,107,Fish,Senegal Bichir (Dinosaur Eel),Polypterus senegalus,Medium,6.69,25.7,0.003,0.004,7.2,8.2,excellent,,,Keep weekly testing and regular water changes.,low,6.0,8.0,24.0,28.0,0.02,0.02,20.0,5.5
1594,107,Fish,Senegal Bichir (Dinosaur Eel),Polypterus senegalus,Medium,6.29,25.2,0.002,0.001,7.9,10.2,excellent,,,Keep weekly testing and regular water changes.,low,6.0,8.0,24.0,28.0,0.02,0.02,20.0,5.5
1595,107,Fish,Senegal Bichir (Dinosaur Eel),Polypterus senegalus,Medium,6.84,25.2,0.011,0.007,17.3,5.8,good,,,Keep weekly testing and regular water changes.,low,6.0,8.0,24.0,28.0,0.02,0.02,20.0,5.5
1596,107,Fish,Senegal Bichir (Dinosaur Eel),Polypterus senegalus,Medium,7.68,24.6,0.01,0.014,14.1,5.9,good,,,Keep weekly testing and regular water changes.,low,6.0,8.0,24.0,28.0,0.02,0.02,20.0,5.5
1597,107,Fish,Senegal Bichir (Dinosaur Eel),Polypterus senegalus,Medium,7.27,25.6,0.008,0.0,13.5,6.5,good,,,Keep weekly testing and regular water changes.,low,6.0,8.0,24.0,28.0,0.02,0.02,20.0,5.5
1598,107,Fish,Senegal Bichir (Dinosaur Eel),Polypterus senegalus,Medium,7.51,21.9,0.001,0.001,4.0,8.5,watch,Temperature,Temperature,Adjust the heater 1°C at a time. Increase surface movement if the tank is hot.,high,6.0,8.0,24.0,28.0,0.02,0.02,20.0,5.5
1599,107,Fish,Senegal Bichir (Dinosaur Eel),Polypterus senegalus,Medium,5.51,26.0,0.003,0.003,4.8,8.2,watch,pH,pH,Correct pH slowly with small water changes only. Move no more than 0.2 pH per day.,high,6.0,8.0,24.0,28.0,0.02,0.02,20.0,5.5
1600,107,Fish,Senegal Bichir (Dinosaur Eel),Polypterus senegalus,Medium,8.35,26.5,0.003,0.002,4.4,7.9,watch,pH,pH,Correct pH slowly with small water changes only. Move no more than 0.2 pH per day.,high,6.0,8.0,24.0,28.0,0.02,0.02,20.0,5.5
1601,107,Fish,Senegal Bichir (Dinosaur Eel),Polypterus senegalus,Medium,7.5,29.6,0.004,0.004,7.0,7.6,watch,Temperature,Temperature,Adjust the heater 1°C at a time. Increase surface movement if the tank is hot.,high,6.0,8.0,24.0,28.0,0.02,0.02,20.0,5.5
1602,107,Fish,Senegal Bichir (Dinosaur Eel),Polypterus senegalus,Medium,9.74,35.8,0.001,0.002,5.0,8.8,critical,"pH, Temperature",pH,Correct pH slowly with small water changes only. Move no more than 0.2 pH per day.,critical,6.0,8.0,24.0,28.0,0.02,0.02,20.0,5.5
1603,107,Fish,Senegal Bichir (Dinosaur Eel),Polypterus senegalus,Medium,7.18,25.5,0.505,0.862,8.4,10.6,critical,"Ammonia, Nitrite",Ammonia,Do a 40–50% water change with dechlorinated water. Pause feeding 24 hours and add beneficial bacteria.,critical,6.0,8.0,24.0,28.0,0.02,0.02,20.0,5.5
1604,107,Fish,Senegal Bichir (Dinosaur Eel),Polypterus senegalus,Medium,6.79,26.6,0.12,0.003,7.8,2.2,critical,"Ammonia, DissolvedO2",Ammonia,Do a 40–50% water change with dechlorinated water. Pause feeding 24 hours and add beneficial bacteria.,critical,6.0,8.0,24.0,28.0,0.02,0.02,20.0,5.5
1605,107,Fish,Senegal Bichir (Dinosaur Eel),Polypterus senegalus,Medium,7.25,25.9,0.12,0.0,4.3,3.2,critical,"Ammonia, DissolvedO2",Ammonia,Do a 40–50% water change with dechlorinated water. Pause feeding 24 hours and add beneficial bacteria.,critical,6.0,8.0,24.0,28.0,0.02,0.02,20.0,5.5
1606,108,Fish,Fire Eel,Mastacembelus erythrotaenia,Medium,7.01,25.6,0.002,0.002,7.7,11.5,excellent,,,Keep weekly testing and regular water changes.,low,6.5,7.5,24.0,28.0,0.02,0.02,20.0,6.2
1607,108,Fish,Fire Eel,Mastacembelus erythrotaenia,Medium,7.29,27.0,0.001,0.001,6.3,10.4,excellent,,,Keep weekly testing and regular water changes.,low,6.5,7.5,24.0,28.0,0.02,0.02,20.0,6.2
1608,108,Fish,Fire Eel,Mastacembelus erythrotaenia,Medium,6.75,26.7,0.001,0.001,4.8,11.0,excellent,,,Keep weekly testing and regular water changes.,low,6.5,7.5,24.0,28.0,0.02,0.02,20.0,6.2
1609,108,Fish,Fire Eel,Mastacembelus erythrotaenia,Medium,7.19,26.1,0.003,0.003,5.2,10.8,excellent,,,Keep weekly testing and regular water changes.,low,6.5,7.5,24.0,28.0,0.02,0.02,20.0,6.2
1610,108,Fish,Fire Eel,Mastacembelus erythrotaenia,Medium,6.72,26.0,0.008,0.006,16.1,6.5,good,,,Keep weekly testing and regular water changes.,low,6.5,7.5,24.0,28.0,0.02,0.02,20.0,6.2
1611,108,Fish,Fire Eel,Mastacembelus erythrotaenia,Medium,6.96,26.6,0.013,0.001,13.6,7.0,good,,,Keep weekly testing and regular water changes.,low,6.5,7.5,24.0,28.0,0.02,0.02,20.0,6.2
1612,108,Fish,Fire Eel,Mastacembelus erythrotaenia,Medium,7.33,27.4,0.01,0.01,16.5,8.0,good,,,Keep weekly testing and regular water changes.,low,6.5,7.5,24.0,28.0,0.02,0.02,20.0,6.2
1613,108,Fish,Fire Eel,Mastacembelus erythrotaenia,Medium,6.66,26.1,0.002,0.001,30.6,8.2,watch,Nitrate,Nitrate,"Do a 25–40% water change, vacuum the substrate, and add fast-growing plants.",medium,6.5,7.5,24.0,28.0,0.02,0.02,20.0,6.2
1614,108,Fish,Fire Eel,Mastacembelus erythrotaenia,Medium,7.17,30.5,0.003,0.002,8.2,8.4,watch,Temperature,Temperature,Adjust the heater 1°C at a time. Increase surface movement if the tank is hot.,high,6.5,7.5,24.0,28.0,0.02,0.02,20.0,6.2
1615,108,Fish,Fire Eel,Mastacembelus erythrotaenia,Medium,6.0,26.9,0.003,0.001,6.9,10.1,watch,pH,pH,Correct pH slowly with small water changes only. Move no more than 0.2 pH per day.,high,6.5,7.5,24.0,28.0,0.02,0.02,20.0,6.2
1616,108,Fish,Fire Eel,Mastacembelus erythrotaenia,Medium,6.82,30.3,0.004,0.001,4.0,9.1,watch,Temperature,Temperature,Adjust the heater 1°C at a time. Increase surface movement if the tank is hot.,high,6.5,7.5,24.0,28.0,0.02,0.02,20.0,6.2
1617,108,Fish,Fire Eel,Mastacembelus erythrotaenia,Medium,9.42,35.1,0.002,0.002,6.7,10.4,critical,"pH, Temperature",pH,Correct pH slowly with small water changes only. Move no more than 0.2 pH per day.,critical,6.5,7.5,24.0,28.0,0.02,0.02,20.0,6.2
1618,108,Fish,Fire Eel,Mastacembelus erythrotaenia,Medium,9.31,14.0,0.004,0.0,6.3,10.7,critical,"pH, Temperature",pH,Correct pH slowly with small water changes only. Move no more than 0.2 pH per day.,critical,6.5,7.5,24.0,28.0,0.02,0.02,20.0,6.2
1619,108,Fish,Fire Eel,Mastacembelus erythrotaenia,Medium,7.13,25.2,0.188,1.251,5.0,9.3,critical,"Ammonia, Nitrite",Ammonia,Do a 40–50% water change with dechlorinated water. Pause feeding 24 hours and add beneficial bacteria.,critical,6.5,7.5,24.0,28.0,0.02,0.02,20.0,6.2
1620,108,Fish,Fire Eel,Mastacembelus erythrotaenia,Medium,7.07,26.6,1.059,6.024,55.4,9.2,critical,"Ammonia, Nitrite, Nitrate",Ammonia,Do a 40–50% water change with dechlorinated water. Pause feeding 24 hours and add beneficial bacteria.,critical,6.5,7.5,24.0,28.0,0.02,0.02,20.0,6.2
1621,109,Fish,Giant Gourami,Osphronemus goramy,Medium,7.42,26.1,0.001,0.003,7.0,9.7,excellent,,,Keep weekly testing and regular water changes.,low,6.5,8.0,23.0,28.0,0.02,0.02,20.0,6.0
1622,109,Fish,Giant Gourami,Osphronemus goramy,Medium,7.04,24.2,0.001,0.003,5.3,10.5,excellent,,,Keep weekly testing and regular water changes.,low,6.5,8.0,23.0,28.0,0.02,0.02,20.0,6.0
1623,109,Fish,Giant Gourami,Osphronemus goramy,Medium,7.57,26.2,0.003,0.002,5.9,8.6,excellent,,,Keep weekly testing and regular water changes.,low,6.5,8.0,23.0,28.0,0.02,0.02,20.0,6.0
1624,109,Fish,Giant Gourami,Osphronemus goramy,Medium,7.71,27.3,0.002,0.004,8.4,9.6,excellent,,,Keep weekly testing and regular water changes.,low,6.5,8.0,23.0,28.0,0.02,0.02,20.0,6.0
1625,109,Fish,Giant Gourami,Osphronemus goramy,Medium,7.58,26.2,0.009,0.001,15.7,7.5,good,,,Keep weekly testing and regular water changes.,low,6.5,8.0,23.0,28.0,0.02,0.02,20.0,6.0
1626,109,Fish,Giant Gourami,Osphronemus goramy,Medium,6.99,26.8,0.014,0.01,14.7,7.0,good,,,Keep weekly testing and regular water changes.,low,6.5,8.0,23.0,28.0,0.02,0.02,20.0,6.0
1627,109,Fish,Giant Gourami,Osphronemus goramy,Medium,6.79,24.3,0.008,0.002,14.3,7.1,good,,,Keep weekly testing and regular water changes.,low,6.5,8.0,23.0,28.0,0.02,0.02,20.0,6.0
1628,109,Fish,Giant Gourami,Osphronemus goramy,Medium,7.17,24.6,0.003,0.002,33.0,10.2,watch,Nitrate,Nitrate,"Do a 25–40% water change, vacuum the substrate, and add fast-growing plants.",medium,6.5,8.0,23.0,28.0,0.02,0.02,20.0,6.0
1629,109,Fish,Giant Gourami,Osphronemus goramy,Medium,8.36,26.0,0.002,0.002,5.7,10.7,watch,pH,pH,Correct pH slowly with small water changes only. Move no more than 0.2 pH per day.,high,6.5,8.0,23.0,28.0,0.02,0.02,20.0,6.0
1630,109,Fish,Giant Gourami,Osphronemus goramy,Medium,6.24,23.8,0.001,0.001,5.1,11.2,watch,pH,pH,Correct pH slowly with small water changes only. Move no more than 0.2 pH per day.,high,6.5,8.0,23.0,28.0,0.02,0.02,20.0,6.0
1631,109,Fish,Giant Gourami,Osphronemus goramy,Medium,6.06,25.7,0.002,0.002,8.1,11.6,watch,pH,pH,Correct pH slowly with small water changes only. Move no more than 0.2 pH per day.,high,6.5,8.0,23.0,28.0,0.02,0.02,20.0,6.0
1632,109,Fish,Giant Gourami,Osphronemus goramy,Medium,7.66,25.0,1.026,1.252,78.5,8.5,critical,"Ammonia, Nitrite, Nitrate",Ammonia,Do a 40–50% water change with dechlorinated water. Pause feeding 24 hours and add beneficial bacteria.,critical,6.5,8.0,23.0,28.0,0.02,0.02,20.0,6.0
1633,109,Fish,Giant Gourami,Osphronemus goramy,Medium,6.58,25.5,0.677,1.356,3.4,8.0,critical,"Ammonia, Nitrite",Ammonia,Do a 40–50% water change with dechlorinated water. Pause feeding 24 hours and add beneficial bacteria.,critical,6.5,8.0,23.0,28.0,0.02,0.02,20.0,6.0
1634,109,Fish,Giant Gourami,Osphronemus goramy,Medium,7.69,25.9,0.784,6.173,45.6,11.5,critical,"Ammonia, Nitrite, Nitrate",Ammonia,Do a 40–50% water change with dechlorinated water. Pause feeding 24 hours and add beneficial bacteria.,critical,6.5,8.0,23.0,28.0,0.02,0.02,20.0,6.0
1635,109,Fish,Giant Gourami,Osphronemus goramy,Medium,6.79,25.9,0.367,1.001,4.1,9.1,critical,"Ammonia, Nitrite",Ammonia,Do a 40–50% water change with dechlorinated water. Pause feeding 24 hours and add beneficial bacteria.,critical,6.5,8.0,23.0,28.0,0.02,0.02,20.0,6.0
1636,110,Fish,Tinfoil Barb,Barbonymus schwanenfeldii,Medium,7.36,23.1,0.002,0.002,4.7,9.2,excellent,,,Keep weekly testing and regular water changes.,low,6.0,7.5,22.0,28.0,0.02,0.02,20.0,6.5
1637,110,Fish,Tinfoil Barb,Barbonymus schwanenfeldii,Medium,7.04,25.6,0.003,0.002,6.4,11.2,excellent,,,Keep weekly testing and regular water changes.,low,6.0,7.5,22.0,28.0,0.02,0.02,20.0,6.5
1638,110,Fish,Tinfoil Barb,Barbonymus schwanenfeldii,Medium,7.22,27.0,0.001,0.004,7.4,10.9,excellent,,,Keep weekly testing and regular water changes.,low,6.0,7.5,22.0,28.0,0.02,0.02,20.0,6.5
1639,110,Fish,Tinfoil Barb,Barbonymus schwanenfeldii,Medium,6.97,27.3,0.002,0.003,6.8,10.7,excellent,,,Keep weekly testing and regular water changes.,low,6.0,7.5,22.0,28.0,0.02,0.02,20.0,6.5
1640,110,Fish,Tinfoil Barb,Barbonymus schwanenfeldii,Medium,7.12,23.2,0.01,0.005,17.5,7.8,good,,,Keep weekly testing and regular water changes.,low,6.0,7.5,22.0,28.0,0.02,0.02,20.0,6.5
1641,110,Fish,Tinfoil Barb,Barbonymus schwanenfeldii,Medium,7.24,26.6,0.013,0.002,16.8,8.1,good,,,Keep weekly testing and regular water changes.,low,6.0,7.5,22.0,28.0,0.02,0.02,20.0,6.5
1642,110,Fish,Tinfoil Barb,Barbonymus schwanenfeldii,Medium,6.96,27.3,0.017,0.005,17.3,7.6,good,,,Keep weekly testing and regular water changes.,low,6.0,7.5,22.0,28.0,0.02,0.02,20.0,6.5
1643,110,Fish,Tinfoil Barb,Barbonymus schwanenfeldii,Medium,6.69,23.8,0.001,0.001,28.8,8.8,watch,Nitrate,Nitrate,"Do a 25–40% water change, vacuum the substrate, and add fast-growing plants.",medium,6.0,7.5,22.0,28.0,0.02,0.02,20.0,6.5
1644,110,Fish,Tinfoil Barb,Barbonymus schwanenfeldii,Medium,6.67,30.1,0.002,0.0,8.4,11.1,watch,Temperature,Temperature,Adjust the heater 1°C at a time. Increase surface movement if the tank is hot.,high,6.0,7.5,22.0,28.0,0.02,0.02,20.0,6.5
1645,110,Fish,Tinfoil Barb,Barbonymus schwanenfeldii,Medium,7.75,23.2,0.003,0.001,5.7,8.9,watch,pH,pH,Correct pH slowly with small water changes only. Move no more than 0.2 pH per day.,high,6.0,7.5,22.0,28.0,0.02,0.02,20.0,6.5
1646,110,Fish,Tinfoil Barb,Barbonymus schwanenfeldii,Medium,6.42,23.1,0.003,0.001,31.5,9.4,watch,Nitrate,Nitrate,"Do a 25–40% water change, vacuum the substrate, and add fast-growing plants.",medium,6.0,7.5,22.0,28.0,0.02,0.02,20.0,6.5
1647,110,Fish,Tinfoil Barb,Barbonymus schwanenfeldii,Medium,6.38,27.1,0.821,2.627,93.7,8.5,critical,"Ammonia, Nitrite, Nitrate",Ammonia,Do a 40–50% water change with dechlorinated water. Pause feeding 24 hours and add beneficial bacteria.,critical,6.0,7.5,22.0,28.0,0.02,0.02,20.0,6.5
1648,110,Fish,Tinfoil Barb,Barbonymus schwanenfeldii,Medium,10.31,34.3,0.001,0.001,4.8,8.7,critical,"pH, Temperature",pH,Correct pH slowly with small water changes only. Move no more than 0.2 pH per day.,critical,6.0,7.5,22.0,28.0,0.02,0.02,20.0,6.5
1649,110,Fish,Tinfoil Barb,Barbonymus schwanenfeldii,Medium,9.73,13.4,0.001,0.003,3.5,9.6,critical,"pH, Temperature",pH,Correct pH slowly with small water changes only. Move no more than 0.2 pH per day.,critical,6.0,7.5,22.0,28.0,0.02,0.02,20.0,6.5
1650,110,Fish,Tinfoil Barb,Barbonymus schwanenfeldii,Medium,6.31,23.8,1.272,7.21,47.9,9.8,critical,"Ammonia, Nitrite, Nitrate",Ammonia,Do a 40–50% water change with dechlorinated water. Pause feeding 24 hours and add beneficial bacteria.,critical,6.0,7.5,22.0,28.0,0.02,0.02,20.0,6.5
1651,111,Fish,Electric Blue Acara,Andinoacara pulcher,Medium,6.66,24.5,0.0,0.004,8.0,10.1,excellent,,,Keep weekly testing and regular water changes.,low,6.5,8.0,22.0,28.0,0.02,0.02,20.0,6.3
1652,111,Fish,Electric Blue Acara,Andinoacara pulcher,Medium,6.87,23.9,0.002,0.001,3.3,10.4,excellent,,,Keep weekly testing and regular water changes.,low,6.5,8.0,22.0,28.0,0.02,0.02,20.0,6.3
1653,111,Fish,Electric Blue Acara,Andinoacara pulcher,Medium,7.4,26.9,0.002,0.001,5.9,8.8,excellent,,,Keep weekly testing and regular water changes.,low,6.5,8.0,22.0,28.0,0.02,0.02,20.0,6.3
1654,111,Fish,Electric Blue Acara,Andinoacara pulcher,Medium,7.42,26.3,0.001,0.001,7.7,9.9,excellent,,,Keep weekly testing and regular water changes.,low,6.5,8.0,22.0,28.0,0.02,0.02,20.0,6.3
1655,111,Fish,Electric Blue Acara,Andinoacara pulcher,Medium,7.3,26.3,0.013,0.001,17.8,8.0,good,,,Keep weekly testing and regular water changes.,low,6.5,8.0,22.0,28.0,0.02,0.02,20.0,6.3
1656,111,Fish,Electric Blue Acara,Andinoacara pulcher,Medium,6.6,22.8,0.014,0.008,15.3,7.4,good,,,Keep weekly testing and regular water changes.,low,6.5,8.0,22.0,28.0,0.02,0.02,20.0,6.3
1657,111,Fish,Electric Blue Acara,Andinoacara pulcher,Medium,7.55,25.0,0.008,0.001,15.6,8.0,good,,,Keep weekly testing and regular water changes.,low,6.5,8.0,22.0,28.0,0.02,0.02,20.0,6.3
1658,111,Fish,Electric Blue Acara,Andinoacara pulcher,Medium,8.43,24.3,0.004,0.002,5.8,8.5,watch,pH,pH,Correct pH slowly with small water changes only. Move no more than 0.2 pH per day.,high,6.5,8.0,22.0,28.0,0.02,0.02,20.0,6.3
1659,111,Fish,Electric Blue Acara,Andinoacara pulcher,Medium,7.64,24.2,0.002,0.001,30.1,8.4,watch,Nitrate,Nitrate,"Do a 25–40% water change, vacuum the substrate, and add fast-growing plants.",medium,6.5,8.0,22.0,28.0,0.02,0.02,20.0,6.3
1660,111,Fish,Electric Blue Acara,Andinoacara pulcher,Medium,7.53,19.5,0.001,0.0,6.1,11.6,watch,Temperature,Temperature,Adjust the heater 1°C at a time. Increase surface movement if the tank is hot.,high,6.5,8.0,22.0,28.0,0.02,0.02,20.0,6.3
1661,111,Fish,Electric Blue Acara,Andinoacara pulcher,Medium,6.75,30.6,0.004,0.004,4.9,10.5,watch,Temperature,Temperature,Adjust the heater 1°C at a time. Increase surface movement if the tank is hot.,high,6.5,8.0,22.0,28.0,0.02,0.02,20.0,6.3
1662,111,Fish,Electric Blue Acara,Andinoacara pulcher,Medium,7.61,25.6,0.795,2.903,66.6,9.9,critical,"Ammonia, Nitrite, Nitrate",Ammonia,Do a 40–50% water change with dechlorinated water. Pause feeding 24 hours and add beneficial bacteria.,critical,6.5,8.0,22.0,28.0,0.02,0.02,20.0,6.3
1663,111,Fish,Electric Blue Acara,Andinoacara pulcher,Medium,7.1,24.5,0.51,1.058,6.4,8.6,critical,"Ammonia, Nitrite",Ammonia,Do a 40–50% water change with dechlorinated water. Pause feeding 24 hours and add beneficial bacteria.,critical,6.5,8.0,22.0,28.0,0.02,0.02,20.0,6.3
1664,111,Fish,Electric Blue Acara,Andinoacara pulcher,Medium,7.38,25.5,0.536,1.08,3.7,9.2,critical,"Ammonia, Nitrite",Ammonia,Do a 40–50% water change with dechlorinated water. Pause feeding 24 hours and add beneficial bacteria.,critical,6.5,8.0,22.0,28.0,0.02,0.02,20.0,6.3
1665,111,Fish,Electric Blue Acara,Andinoacara pulcher,Medium,7.56,23.4,0.211,0.933,5.2,10.6,critical,"Ammonia, Nitrite",Ammonia,Do a 40–50% water change with dechlorinated water. Pause feeding 24 hours and add beneficial bacteria.,critical,6.5,8.0,22.0,28.0,0.02,0.02,20.0,6.3
1666,112,Fish,Jewel Cichlid,Hemichromis bimaculatus,Medium,6.91,26.0,0.001,0.004,8.4,11.0,excellent,,,Keep weekly testing and regular water changes.,low,6.5,7.5,22.0,28.0,0.02,0.02,20.0,6.3
1667,112,Fish,Jewel Cichlid,Hemichromis bimaculatus,Medium,6.83,25.8,0.0,0.003,5.9,8.7,excellent,,,Keep weekly testing and regular water changes.,low,6.5,7.5,22.0,28.0,0.02,0.02,20.0,6.3
1668,112,Fish,Jewel Cichlid,Hemichromis bimaculatus,Medium,6.86,26.4,0.003,0.002,5.7,10.7,excellent,,,Keep weekly testing and regular water changes.,low,6.5,7.5,22.0,28.0,0.02,0.02,20.0,6.3
1669,112,Fish,Jewel Cichlid,Hemichromis bimaculatus,Medium,7.27,26.3,0.002,0.003,7.7,8.6,excellent,,,Keep weekly testing and regular water changes.,low,6.5,7.5,22.0,28.0,0.02,0.02,20.0,6.3
1670,112,Fish,Jewel Cichlid,Hemichromis bimaculatus,Medium,6.89,22.5,0.011,0.011,14.2,7.4,good,,,Keep weekly testing and regular water changes.,low,6.5,7.5,22.0,28.0,0.02,0.02,20.0,6.3
1671,112,Fish,Jewel Cichlid,Hemichromis bimaculatus,Medium,6.56,27.3,0.015,0.007,17.2,6.7,good,,,Keep weekly testing and regular water changes.,low,6.5,7.5,22.0,28.0,0.02,0.02,20.0,6.3
1672,112,Fish,Jewel Cichlid,Hemichromis bimaculatus,Medium,7.33,26.2,0.008,0.014,13.1,7.5,good,,,Keep weekly testing and regular water changes.,low,6.5,7.5,22.0,28.0,0.02,0.02,20.0,6.3
1673,112,Fish,Jewel Cichlid,Hemichromis bimaculatus,Medium,6.72,20.2,0.0,0.0,5.6,11.6,watch,Temperature,Temperature,Adjust the heater 1°C at a time. Increase surface movement if the tank is hot.,high,6.5,7.5,22.0,28.0,0.02,0.02,20.0,6.3
1674,112,Fish,Jewel Cichlid,Hemichromis bimaculatus,Medium,6.2,26.6,0.001,0.002,8.1,9.3,watch,pH,pH,Correct pH slowly with small water changes only. Move no more than 0.2 pH per day.,high,6.5,7.5,22.0,28.0,0.02,0.02,20.0,6.3
1675,112,Fish,Jewel Cichlid,Hemichromis bimaculatus,Medium,7.9,24.2,0.002,0.001,7.4,11.4,watch,pH,pH,Correct pH slowly with small water changes only. Move no more than 0.2 pH per day.,high,6.5,7.5,22.0,28.0,0.02,0.02,20.0,6.3
1676,112,Fish,Jewel Cichlid,Hemichromis bimaculatus,Medium,6.91,21.0,0.001,0.001,3.8,10.4,watch,Temperature,Temperature,Adjust the heater 1°C at a time. Increase surface movement if the tank is hot.,high,6.5,7.5,22.0,28.0,0.02,0.02,20.0,6.3
1677,112,Fish,Jewel Cichlid,Hemichromis bimaculatus,Medium,6.65,24.4,0.12,0.001,4.0,3.4,critical,"Ammonia, DissolvedO2",Ammonia,Do a 40–50% water change with dechlorinated water. Pause feeding 24 hours and add beneficial bacteria.,critical,6.5,7.5,22.0,28.0,0.02,0.02,20.0,6.3
1678,112,Fish,Jewel Cichlid,Hemichromis bimaculatus,Medium,7.3,26.2,0.12,0.004,5.9,2.5,critical,"Ammonia, DissolvedO2",Ammonia,Do a 40–50% water change with dechlorinated water. Pause feeding 24 hours and add beneficial bacteria.,critical,6.5,7.5,22.0,28.0,0.02,0.02,20.0,6.3
1679,112,Fish,Jewel Cichlid,Hemichromis bimaculatus,Medium,6.86,24.2,0.714,4.233,48.9,10.5,critical,"Ammonia, Nitrite, Nitrate",Ammonia,Do a 40–50% water change with dechlorinated water. Pause feeding 24 hours and add beneficial bacteria.,critical,6.5,7.5,22.0,28.0,0.02,0.02,20.0,6.3
1680,112,Fish,Jewel Cichlid,Hemichromis bimaculatus,Medium,6.87,27.3,0.467,5.697,48.6,10.6,critical,"Ammonia, Nitrite, Nitrate",Ammonia,Do a 40–50% water change with dechlorinated water. Pause feeding 24 hours and add beneficial bacteria.,critical,6.5,7.5,22.0,28.0,0.02,0.02,20.0,6.3
1681,113,Fish,Pearlscale Geophagus,Geophagus brasiliensis,Medium,6.1,24.5,0.004,0.002,5.8,11.3,excellent,,,Keep weekly testing and regular water changes.,low,6.0,7.8,22.0,27.0,0.02,0.02,20.0,6.3
1682,113,Fish,Pearlscale Geophagus,Geophagus brasiliensis,Medium,6.36,22.9,0.004,0.004,6.8,9.0,excellent,,,Keep weekly testing and regular water changes.,low,6.0,7.8,22.0,27.0,0.02,0.02,20.0,6.3
1683,113,Fish,Pearlscale Geophagus,Geophagus brasiliensis,Medium,7.67,25.5,0.003,0.001,5.9,11.0,excellent,,,Keep weekly testing and regular water changes.,low,6.0,7.8,22.0,27.0,0.02,0.02,20.0,6.3
1684,113,Fish,Pearlscale Geophagus,Geophagus brasiliensis,Medium,7.49,24.7,0.002,0.003,5.9,9.6,excellent,,,Keep weekly testing and regular water changes.,low,6.0,7.8,22.0,27.0,0.02,0.02,20.0,6.3
1685,113,Fish,Pearlscale Geophagus,Geophagus brasiliensis,Medium,6.17,22.7,0.015,0.0,13.3,7.9,good,,,Keep weekly testing and regular water changes.,low,6.0,7.8,22.0,27.0,0.02,0.02,20.0,6.3
1686,113,Fish,Pearlscale Geophagus,Geophagus brasiliensis,Medium,7.26,22.2,0.01,0.011,15.5,7.3,good,,,Keep weekly testing and regular water changes.,low,6.0,7.8,22.0,27.0,0.02,0.02,20.0,6.3
1687,113,Fish,Pearlscale Geophagus,Geophagus brasiliensis,Medium,6.83,23.1,0.014,0.001,16.0,6.8,good,,,Keep weekly testing and regular water changes.,low,6.0,7.8,22.0,27.0,0.02,0.02,20.0,6.3
1688,113,Fish,Pearlscale Geophagus,Geophagus brasiliensis,Medium,6.16,28.7,0.003,0.001,4.6,8.6,watch,Temperature,Temperature,Adjust the heater 1°C at a time. Increase surface movement if the tank is hot.,high,6.0,7.8,22.0,27.0,0.02,0.02,20.0,6.3
1689,113,Fish,Pearlscale Geophagus,Geophagus brasiliensis,Medium,7.63,25.1,0.002,0.003,33.5,11.4,watch,Nitrate,Nitrate,"Do a 25–40% water change, vacuum the substrate, and add fast-growing plants.",medium,6.0,7.8,22.0,27.0,0.02,0.02,20.0,6.3
1690,113,Fish,Pearlscale Geophagus,Geophagus brasiliensis,Medium,6.53,25.0,0.001,0.002,30.6,11.4,watch,Nitrate,Nitrate,"Do a 25–40% water change, vacuum the substrate, and add fast-growing plants.",medium,6.0,7.8,22.0,27.0,0.02,0.02,20.0,6.3
1691,113,Fish,Pearlscale Geophagus,Geophagus brasiliensis,Medium,7.25,27.9,0.003,0.003,7.2,11.6,watch,Temperature,Temperature,Adjust the heater 1°C at a time. Increase surface movement if the tank is hot.,high,6.0,7.8,22.0,27.0,0.02,0.02,20.0,6.3
1692,113,Fish,Pearlscale Geophagus,Geophagus brasiliensis,Medium,6.41,23.2,0.12,0.002,7.8,2.4,critical,"Ammonia, DissolvedO2",Ammonia,Do a 40–50% water change with dechlorinated water. Pause feeding 24 hours and add beneficial bacteria.,critical,6.0,7.8,22.0,27.0,0.02,0.02,20.0,6.3
1693,113,Fish,Pearlscale Geophagus,Geophagus brasiliensis,Medium,6.6,25.8,0.12,0.001,8.0,1.9,critical,"Ammonia, DissolvedO2",Ammonia,Do a 40–50% water change with dechlorinated water. Pause feeding 24 hours and add beneficial bacteria.,critical,6.0,7.8,22.0,27.0,0.02,0.02,20.0,6.3
1694,113,Fish,Pearlscale Geophagus,Geophagus brasiliensis,Medium,6.87,25.2,0.12,0.003,6.0,2.6,critical,"Ammonia, DissolvedO2",Ammonia,Do a 40–50% water change with dechlorinated water. Pause feeding 24 hours and add beneficial bacteria.,critical,6.0,7.8,22.0,27.0,0.02,0.02,20.0,6.3
1695,113,Fish,Pearlscale Geophagus,Geophagus brasiliensis,Medium,6.76,23.0,0.873,1.935,57.3,10.2,critical,"Ammonia, Nitrite, Nitrate",Ammonia,Do a 40–50% water change with dechlorinated water. Pause feeding 24 hours and add beneficial bacteria.,critical,6.0,7.8,22.0,27.0,0.02,0.02,20.0,6.3
1696,114,Fish,Rainbow Cichlid,Herotilapia multispinosa,Low,6.94,26.0,0.003,0.001,3.7,9.8,excellent,,,Keep weekly testing and regular water changes.,low,6.5,8.0,23.0,28.0,0.02,0.02,20.0,6.3
1697,114,Fish,Rainbow Cichlid,Herotilapia multispinosa,Low,6.7,25.6,0.003,0.002,5.5,11.4,excellent,,,Keep weekly testing and regular water changes.,low,6.5,8.0,23.0,28.0,0.02,0.02,20.0,6.3
1698,114,Fish,Rainbow Cichlid,Herotilapia multispinosa,Low,6.72,26.9,0.003,0.002,4.0,8.6,excellent,,,Keep weekly testing and regular water changes.,low,6.5,8.0,23.0,28.0,0.02,0.02,20.0,6.3
1699,114,Fish,Rainbow Cichlid,Herotilapia multispinosa,Low,7.82,24.5,0.003,0.002,5.6,10.3,excellent,,,Keep weekly testing and regular water changes.,low,6.5,8.0,23.0,28.0,0.02,0.02,20.0,6.3
1700,114,Fish,Rainbow Cichlid,Herotilapia multispinosa,Low,6.83,25.2,0.016,0.003,18.5,8.1,good,,,Keep weekly testing and regular water changes.,low,6.5,8.0,23.0,28.0,0.02,0.02,20.0,6.3
1701,114,Fish,Rainbow Cichlid,Herotilapia multispinosa,Low,6.6,25.6,0.009,0.009,18.9,7.9,good,,,Keep weekly testing and regular water changes.,low,6.5,8.0,23.0,28.0,0.02,0.02,20.0,6.3
1702,114,Fish,Rainbow Cichlid,Herotilapia multispinosa,Low,7.87,24.2,0.012,0.003,18.4,6.8,good,,,Keep weekly testing and regular water changes.,low,6.5,8.0,23.0,28.0,0.02,0.02,20.0,6.3
1703,114,Fish,Rainbow Cichlid,Herotilapia multispinosa,Low,6.26,23.6,0.001,0.001,3.6,11.1,watch,pH,pH,Correct pH slowly with small water changes only. Move no more than 0.2 pH per day.,high,6.5,8.0,23.0,28.0,0.02,0.02,20.0,6.3
1704,114,Fish,Rainbow Cichlid,Herotilapia multispinosa,Low,7.63,25.2,0.003,0.001,25.1,9.4,watch,Nitrate,Nitrate,"Do a 25–40% water change, vacuum the substrate, and add fast-growing plants.",medium,6.5,8.0,23.0,28.0,0.02,0.02,20.0,6.3
1705,114,Fish,Rainbow Cichlid,Herotilapia multispinosa,Low,6.32,26.5,0.003,0.001,5.9,10.8,watch,pH,pH,Correct pH slowly with small water changes only. Move no more than 0.2 pH per day.,high,6.5,8.0,23.0,28.0,0.02,0.02,20.0,6.3
1706,114,Fish,Rainbow Cichlid,Herotilapia multispinosa,Low,8.47,24.4,0.001,0.0,6.3,10.5,watch,pH,pH,Correct pH slowly with small water changes only. Move no more than 0.2 pH per day.,high,6.5,8.0,23.0,28.0,0.02,0.02,20.0,6.3
1707,114,Fish,Rainbow Cichlid,Herotilapia multispinosa,Low,7.45,25.1,1.137,4.846,82.6,8.8,critical,"Ammonia, Nitrite, Nitrate",Ammonia,Do a 40–50% water change with dechlorinated water. Pause feeding 24 hours and add beneficial bacteria.,critical,6.5,8.0,23.0,28.0,0.02,0.02,20.0,6.3
1708,114,Fish,Rainbow Cichlid,Herotilapia multispinosa,Low,7.81,27.2,0.12,0.004,7.9,3.1,critical,"Ammonia, DissolvedO2",Ammonia,Do a 40–50% water change with dechlorinated water. Pause feeding 24 hours and add beneficial bacteria.,critical,6.5,8.0,23.0,28.0,0.02,0.02,20.0,6.3
1709,114,Fish,Rainbow Cichlid,Herotilapia multispinosa,Low,6.82,24.7,1.397,5.229,93.9,8.9,critical,"Ammonia, Nitrite, Nitrate",Ammonia,Do a 40–50% water change with dechlorinated water. Pause feeding 24 hours and add beneficial bacteria.,critical,6.5,8.0,23.0,28.0,0.02,0.02,20.0,6.3
1710,114,Fish,Rainbow Cichlid,Herotilapia multispinosa,Low,7.18,24.6,0.578,0.514,8.3,10.6,critical,"Ammonia, Nitrite",Ammonia,Do a 40–50% water change with dechlorinated water. Pause feeding 24 hours and add beneficial bacteria.,critical,6.5,8.0,23.0,28.0,0.02,0.02,20.0,6.3
1711,115,Fish,Hillstream Loach (Borneo Sucker),Sewellia lineolata,High,6.6,22.1,0.002,0.003,4.9,10.0,excellent,,,Keep weekly testing and regular water changes.,low,6.5,7.5,20.0,24.0,0.02,0.02,15.0,7.0
1712,115,Fish,Hillstream Loach (Borneo Sucker),Sewellia lineolata,High,6.77,21.9,0.001,0.003,4.8,11.1,excellent,,,Keep weekly testing and regular water changes.,low,6.5,7.5,20.0,24.0,0.02,0.02,15.0,7.0
1713,115,Fish,Hillstream Loach (Borneo Sucker),Sewellia lineolata,High,6.96,21.4,0.003,0.003,5.2,10.3,excellent,,,Keep weekly testing and regular water changes.,low,6.5,7.5,20.0,24.0,0.02,0.02,15.0,7.0
1714,115,Fish,Hillstream Loach (Borneo Sucker),Sewellia lineolata,High,7.32,21.2,0.002,0.003,2.9,11.1,excellent,,,Keep weekly testing and regular water changes.,low,6.5,7.5,20.0,24.0,0.02,0.02,15.0,7.0
1715,115,Fish,Hillstream Loach (Borneo Sucker),Sewellia lineolata,High,6.86,20.6,0.008,0.012,13.3,7.7,good,,,Keep weekly testing and regular water changes.,low,6.5,7.5,20.0,24.0,0.02,0.02,15.0,7.0
1716,115,Fish,Hillstream Loach (Borneo Sucker),Sewellia lineolata,High,6.63,21.1,0.009,0.01,10.7,7.5,good,,,Keep weekly testing and regular water changes.,low,6.5,7.5,20.0,24.0,0.02,0.02,15.0,7.0
1717,115,Fish,Hillstream Loach (Borneo Sucker),Sewellia lineolata,High,6.55,22.4,0.014,0.009,12.3,8.7,good,,,Keep weekly testing and regular water changes.,low,6.5,7.5,20.0,24.0,0.02,0.02,15.0,7.0
1718,115,Fish,Hillstream Loach (Borneo Sucker),Sewellia lineolata,High,6.98,23.0,0.03,0.0,5.6,10.4,watch,Ammonia,Ammonia,Do a 40–50% water change with dechlorinated water. Pause feeding 24 hours and add beneficial bacteria.,critical,6.5,7.5,20.0,24.0,0.02,0.02,15.0,7.0
1719,115,Fish,Hillstream Loach (Borneo Sucker),Sewellia lineolata,High,6.95,17.8,0.001,0.0,3.4,10.2,watch,Temperature,Temperature,Adjust the heater 1°C at a time. Increase surface movement if the tank is hot.,high,6.5,7.5,20.0,24.0,0.02,0.02,15.0,7.0
1720,115,Fish,Hillstream Loach (Borneo Sucker),Sewellia lineolata,High,7.12,23.2,0.027,0.002,3.3,9.4,watch,Ammonia,Ammonia,Do a 40–50% water change with dechlorinated water. Pause feeding 24 hours and add beneficial bacteria.,critical,6.5,7.5,20.0,24.0,0.02,0.02,15.0,7.0
1721,115,Fish,Hillstream Loach (Borneo Sucker),Sewellia lineolata,High,6.78,23.1,0.002,0.0,27.4,10.2,watch,Nitrate,Nitrate,"Do a 25–40% water change, vacuum the substrate, and add fast-growing plants.",medium,6.5,7.5,20.0,24.0,0.02,0.02,15.0,7.0
1722,115,Fish,Hillstream Loach (Borneo Sucker),Sewellia lineolata,High,9.46,34.0,0.001,0.001,5.1,10.2,critical,"pH, Temperature",pH,Correct pH slowly with small water changes only. Move no more than 0.2 pH per day.,critical,6.5,7.5,20.0,24.0,0.02,0.02,15.0,7.0
1723,115,Fish,Hillstream Loach (Borneo Sucker),Sewellia lineolata,High,9.92,12.7,0.001,0.003,3.0,10.8,critical,"pH, Temperature",pH,Correct pH slowly with small water changes only. Move no more than 0.2 pH per day.,critical,6.5,7.5,20.0,24.0,0.02,0.02,15.0,7.0
1724,115,Fish,Hillstream Loach (Borneo Sucker),Sewellia lineolata,High,6.9,21.9,0.715,0.899,3.5,10.3,critical,"Ammonia, Nitrite",Ammonia,Do a 40–50% water change with dechlorinated water. Pause feeding 24 hours and add beneficial bacteria.,critical,6.5,7.5,20.0,24.0,0.02,0.02,15.0,7.0
1725,115,Fish,Hillstream Loach (Borneo Sucker),Sewellia lineolata,High,7.04,20.8,0.669,2.298,44.5,11.2,critical,"Ammonia, Nitrite, Nitrate",Ammonia,Do a 40–50% water change with dechlorinated water. Pause feeding 24 hours and add beneficial bacteria.,critical,6.5,7.5,20.0,24.0,0.02,0.02,15.0,7.0
1726,116,Fish,Celestial Pearl Danio (Galaxy Rasbora),Danio margaritatus,Medium,7.03,23.7,0.003,0.002,8.1,9.7,excellent,,,Keep weekly testing and regular water changes.,low,6.5,7.5,22.0,26.0,0.02,0.02,20.0,6.5
1727,116,Fish,Celestial Pearl Danio (Galaxy Rasbora),Danio margaritatus,Medium,6.65,23.4,0.002,0.001,4.6,9.4,excellent,,,Keep weekly testing and regular water changes.,low,6.5,7.5,22.0,26.0,0.02,0.02,20.0,6.5
1728,116,Fish,Celestial Pearl Danio (Galaxy Rasbora),Danio margaritatus,Medium,7.21,25.2,0.001,0.001,5.4,9.5,excellent,,,Keep weekly testing and regular water changes.,low,6.5,7.5,22.0,26.0,0.02,0.02,20.0,6.5
1729,116,Fish,Celestial Pearl Danio (Galaxy Rasbora),Danio margaritatus,Medium,7.41,23.9,0.003,0.004,6.5,9.1,excellent,,,Keep weekly testing and regular water changes.,low,6.5,7.5,22.0,26.0,0.02,0.02,20.0,6.5
1730,116,Fish,Celestial Pearl Danio (Galaxy Rasbora),Danio margaritatus,Medium,7.1,23.6,0.011,0.014,14.7,7.5,good,,,Keep weekly testing and regular water changes.,low,6.5,7.5,22.0,26.0,0.02,0.02,20.0,6.5
1731,116,Fish,Celestial Pearl Danio (Galaxy Rasbora),Danio margaritatus,Medium,6.67,22.8,0.013,0.011,16.8,7.2,good,,,Keep weekly testing and regular water changes.,low,6.5,7.5,22.0,26.0,0.02,0.02,20.0,6.5
1732,116,Fish,Celestial Pearl Danio (Galaxy Rasbora),Danio margaritatus,Medium,6.58,23.9,0.012,0.011,16.8,8.1,good,,,Keep weekly testing and regular water changes.,low,6.5,7.5,22.0,26.0,0.02,0.02,20.0,6.5
1733,116,Fish,Celestial Pearl Danio (Galaxy Rasbora),Danio margaritatus,Medium,7.24,20.5,0.003,0.003,8.2,9.7,watch,Temperature,Temperature,Adjust the heater 1°C at a time. Increase surface movement if the tank is hot.,high,6.5,7.5,22.0,26.0,0.02,0.02,20.0,6.5
1734,116,Fish,Celestial Pearl Danio (Galaxy Rasbora),Danio margaritatus,Medium,7.2,20.1,0.004,0.001,4.3,10.8,watch,Temperature,Temperature,Adjust the heater 1°C at a time. Increase surface movement if the tank is hot.,high,6.5,7.5,22.0,26.0,0.02,0.02,20.0,6.5
1735,116,Fish,Celestial Pearl Danio (Galaxy Rasbora),Danio margaritatus,Medium,7.34,23.5,0.003,0.003,24.7,8.7,watch,Nitrate,Nitrate,"Do a 25–40% water change, vacuum the substrate, and add fast-growing plants.",medium,6.5,7.5,22.0,26.0,0.02,0.02,20.0,6.5
1736,116,Fish,Celestial Pearl Danio (Galaxy Rasbora),Danio margaritatus,Medium,7.25,24.2,0.002,0.001,31.6,10.7,watch,Nitrate,Nitrate,"Do a 25–40% water change, vacuum the substrate, and add fast-growing plants.",medium,6.5,7.5,22.0,26.0,0.02,0.02,20.0,6.5
1737,116,Fish,Celestial Pearl Danio (Galaxy Rasbora),Danio margaritatus,Medium,7.23,24.2,1.074,5.79,63.4,9.2,critical,"Ammonia, Nitrite, Nitrate",Ammonia,Do a 40–50% water change with dechlorinated water. Pause feeding 24 hours and add beneficial bacteria.,critical,6.5,7.5,22.0,26.0,0.02,0.02,20.0,6.5
1738,116,Fish,Celestial Pearl Danio (Galaxy Rasbora),Danio margaritatus,Medium,9.69,34.6,0.0,0.003,3.2,10.9,critical,"pH, Temperature",pH,Correct pH slowly with small water changes only. Move no more than 0.2 pH per day.,critical,6.5,7.5,22.0,26.0,0.02,0.02,20.0,6.5
1739,116,Fish,Celestial Pearl Danio (Galaxy Rasbora),Danio margaritatus,Medium,6.82,23.8,0.324,1.868,86.8,8.9,critical,"Ammonia, Nitrite, Nitrate",Ammonia,Do a 40–50% water change with dechlorinated water. Pause feeding 24 hours and add beneficial bacteria.,critical,6.5,7.5,22.0,26.0,0.02,0.02,20.0,6.5
1740,116,Fish,Celestial Pearl Danio (Galaxy Rasbora),Danio margaritatus,Medium,10.33,14.2,0.002,0.001,7.0,11.4,critical,"pH, Temperature",pH,Correct pH slowly with small water changes only. Move no more than 0.2 pH per day.,critical,6.5,7.5,22.0,26.0,0.02,0.02,20.0,6.5
1741,117,Fish,Cherry Shrimp,Neocaridina davidi,High,6.85,22.7,0.0,0.003,5.4,11.2,excellent,,,Keep weekly testing and regular water changes.,low,6.5,8.0,20.0,26.0,0.02,0.02,20.0,6.0
1742,117,Fish,Cherry Shrimp,Neocaridina davidi,High,6.95,25.0,0.001,0.002,4.8,8.5,excellent,,,Keep weekly testing and regular water changes.,low,6.5,8.0,20.0,26.0,0.02,0.02,20.0,6.0
1743,117,Fish,Cherry Shrimp,Neocaridina davidi,High,6.71,23.7,0.001,0.002,8.3,9.0,excellent,,,Keep weekly testing and regular water changes.,low,6.5,8.0,20.0,26.0,0.02,0.02,20.0,6.0
1744,117,Fish,Cherry Shrimp,Neocaridina davidi,High,6.63,21.3,0.0,0.002,7.1,8.9,excellent,,,Keep weekly testing and regular water changes.,low,6.5,8.0,20.0,26.0,0.02,0.02,20.0,6.0
1745,117,Fish,Cherry Shrimp,Neocaridina davidi,High,6.73,23.8,0.01,0.008,18.6,6.7,good,,,Keep weekly testing and regular water changes.,low,6.5,8.0,20.0,26.0,0.02,0.02,20.0,6.0
1746,117,Fish,Cherry Shrimp,Neocaridina davidi,High,7.27,24.7,0.014,0.011,17.6,7.1,good,,,Keep weekly testing and regular water changes.,low,6.5,8.0,20.0,26.0,0.02,0.02,20.0,6.0
1747,117,Fish,Cherry Shrimp,Neocaridina davidi,High,7.3,24.2,0.014,0.009,15.3,7.5,good,,,Keep weekly testing and regular water changes.,low,6.5,8.0,20.0,26.0,0.02,0.02,20.0,6.0
1748,117,Fish,Cherry Shrimp,Neocaridina davidi,High,6.9,21.3,0.04,0.001,6.6,8.7,watch,Ammonia,Ammonia,Do a 40–50% water change with dechlorinated water. Pause feeding 24 hours and add beneficial bacteria.,critical,6.5,8.0,20.0,26.0,0.02,0.02,20.0,6.0
1749,117,Fish,Cherry Shrimp,Neocaridina davidi,High,6.78,18.7,0.002,0.003,5.3,8.7,watch,Temperature,Temperature,Adjust the heater 1°C at a time. Increase surface movement if the tank is hot.,high,6.5,8.0,20.0,26.0,0.02,0.02,20.0,6.0
1750,117,Fish,Cherry Shrimp,Neocaridina davidi,High,8.32,20.7,0.004,0.0,3.8,11.1,watch,pH,pH,Correct pH slowly with small water changes only. Move no more than 0.2 pH per day.,high,6.5,8.0,20.0,26.0,0.02,0.02,20.0,6.0
1751,117,Fish,Cherry Shrimp,Neocaridina davidi,High,7.45,17.5,0.0,0.001,7.7,10.8,watch,Temperature,Temperature,Adjust the heater 1°C at a time. Increase surface movement if the tank is hot.,high,6.5,8.0,20.0,26.0,0.02,0.02,20.0,6.0
1752,117,Fish,Cherry Shrimp,Neocaridina davidi,High,7.0,25.1,0.644,1.785,7.8,8.4,critical,"Ammonia, Nitrite",Ammonia,Do a 40–50% water change with dechlorinated water. Pause feeding 24 hours and add beneficial bacteria.,critical,6.5,8.0,20.0,26.0,0.02,0.02,20.0,6.0
1753,117,Fish,Cherry Shrimp,Neocaridina davidi,High,6.69,24.7,0.261,1.326,5.0,11.3,critical,"Ammonia, Nitrite",Ammonia,Do a 40–50% water change with dechlorinated water. Pause feeding 24 hours and add beneficial bacteria.,critical,6.5,8.0,20.0,26.0,0.02,0.02,20.0,6.0
1754,117,Fish,Cherry Shrimp,Neocaridina davidi,High,6.78,25.1,0.12,0.001,4.7,3.4,critical,"Ammonia, DissolvedO2",Ammonia,Do a 40–50% water change with dechlorinated water. Pause feeding 24 hours and add beneficial bacteria.,critical,6.5,8.0,20.0,26.0,0.02,0.02,20.0,6.0
1755,117,Fish,Cherry Shrimp,Neocaridina davidi,High,4.56,14.2,0.003,0.002,3.9,8.2,critical,"pH, Temperature",pH,Correct pH slowly with small water changes only. Move no more than 0.2 pH per day.,critical,6.5,8.0,20.0,26.0,0.02,0.02,20.0,6.0
1756,118,Fish,Blue Dream Shrimp,Neocaridina davidi var. Blue,High,7.51,20.7,0.002,0.0,4.9,7.9,excellent,,,Keep weekly testing and regular water changes.,low,6.5,8.0,20.0,26.0,0.02,0.02,20.0,6.0
1757,118,Fish,Blue Dream Shrimp,Neocaridina davidi var. Blue,High,7.21,24.3,0.0,0.003,6.2,9.7,excellent,,,Keep weekly testing and regular water changes.,low,6.5,8.0,20.0,26.0,0.02,0.02,20.0,6.0
1758,118,Fish,Blue Dream Shrimp,Neocaridina davidi var. Blue,High,7.38,22.2,0.003,0.003,7.2,8.8,excellent,,,Keep weekly testing and regular water changes.,low,6.5,8.0,20.0,26.0,0.02,0.02,20.0,6.0
1759,118,Fish,Blue Dream Shrimp,Neocaridina davidi var. Blue,High,7.46,21.3,0.002,0.0,4.2,10.2,excellent,,,Keep weekly testing and regular water changes.,low,6.5,8.0,20.0,26.0,0.02,0.02,20.0,6.0
1760,118,Fish,Blue Dream Shrimp,Neocaridina davidi var. Blue,High,7.8,20.4,0.013,0.009,18.6,7.2,good,,,Keep weekly testing and regular water changes.,low,6.5,8.0,20.0,26.0,0.02,0.02,20.0,6.0
1761,118,Fish,Blue Dream Shrimp,Neocaridina davidi var. Blue,High,6.67,21.0,0.013,0.003,18.6,7.7,good,,,Keep weekly testing and regular water changes.,low,6.5,8.0,20.0,26.0,0.02,0.02,20.0,6.0
1762,118,Fish,Blue Dream Shrimp,Neocaridina davidi var. Blue,High,7.91,21.8,0.014,0.009,13.2,6.6,good,,,Keep weekly testing and regular water changes.,low,6.5,8.0,20.0,26.0,0.02,0.02,20.0,6.0
1763,118,Fish,Blue Dream Shrimp,Neocaridina davidi var. Blue,High,6.86,27.4,0.004,0.003,4.7,9.8,watch,Temperature,Temperature,Adjust the heater 1°C at a time. Increase surface movement if the tank is hot.,high,6.5,8.0,20.0,26.0,0.02,0.02,20.0,6.0
1764,118,Fish,Blue Dream Shrimp,Neocaridina davidi var. Blue,High,6.09,23.7,0.003,0.003,7.7,8.4,watch,pH,pH,Correct pH slowly with small water changes only. Move no more than 0.2 pH per day.,high,6.5,8.0,20.0,26.0,0.02,0.02,20.0,6.0
1765,118,Fish,Blue Dream Shrimp,Neocaridina davidi var. Blue,High,6.76,17.6,0.002,0.0,4.0,8.8,watch,Temperature,Temperature,Adjust the heater 1°C at a time. Increase surface movement if the tank is hot.,high,6.5,8.0,20.0,26.0,0.02,0.02,20.0,6.0
1766,118,Fish,Blue Dream Shrimp,Neocaridina davidi var. Blue,High,8.24,23.0,0.004,0.002,5.3,11.3,watch,pH,pH,Correct pH slowly with small water changes only. Move no more than 0.2 pH per day.,high,6.5,8.0,20.0,26.0,0.02,0.02,20.0,6.0
1767,118,Fish,Blue Dream Shrimp,Neocaridina davidi var. Blue,High,6.82,23.2,0.12,0.003,3.4,3.7,critical,"Ammonia, DissolvedO2",Ammonia,Do a 40–50% water change with dechlorinated water. Pause feeding 24 hours and add beneficial bacteria.,critical,6.5,8.0,20.0,26.0,0.02,0.02,20.0,6.0
1768,118,Fish,Blue Dream Shrimp,Neocaridina davidi var. Blue,High,6.78,21.8,0.12,0.003,3.4,3.3,critical,"Ammonia, DissolvedO2",Ammonia,Do a 40–50% water change with dechlorinated water. Pause feeding 24 hours and add beneficial bacteria.,critical,6.5,8.0,20.0,26.0,0.02,0.02,20.0,6.0
1769,118,Fish,Blue Dream Shrimp,Neocaridina davidi var. Blue,High,7.34,23.3,0.12,0.001,4.0,2.0,critical,"Ammonia, DissolvedO2",Ammonia,Do a 40–50% water change with dechlorinated water. Pause feeding 24 hours and add beneficial bacteria.,critical,6.5,8.0,20.0,26.0,0.02,0.02,20.0,6.0
1770,118,Fish,Blue Dream Shrimp,Neocaridina davidi var. Blue,High,7.49,21.3,0.676,6.037,64.9,7.9,critical,"Ammonia, Nitrite, Nitrate",Ammonia,Do a 40–50% water change with dechlorinated water. Pause feeding 24 hours and add beneficial bacteria.,critical,6.5,8.0,20.0,26.0,0.02,0.02,20.0,6.0
1771,119,Fish,Red Rili Shrimp,Neocaridina davidi var. Red Rili,High,7.65,21.5,0.003,0.001,3.7,10.4,excellent,,,Keep weekly testing and regular water changes.,low,6.5,8.0,20.0,26.0,0.02,0.02,20.0,6.0
1772,119,Fish,Red Rili Shrimp,Neocaridina davidi var. Red Rili,High,7.01,24.8,0.004,0.003,4.9,8.7,excellent,,,Keep weekly testing and regular water changes.,low,6.5,8.0,20.0,26.0,0.02,0.02,20.0,6.0
1773,119,Fish,Red Rili Shrimp,Neocaridina davidi var. Red Rili,High,7.78,22.8,0.003,0.003,4.6,8.3,excellent,,,Keep weekly testing and regular water changes.,low,6.5,8.0,20.0,26.0,0.02,0.02,20.0,6.0
1774,119,Fish,Red Rili Shrimp,Neocaridina davidi var. Red Rili,High,7.42,23.4,0.001,0.002,7.3,9.1,excellent,,,Keep weekly testing and regular water changes.,low,6.5,8.0,20.0,26.0,0.02,0.02,20.0,6.0
1775,119,Fish,Red Rili Shrimp,Neocaridina davidi var. Red Rili,High,6.87,24.3,0.015,0.013,13.9,7.6,good,,,Keep weekly testing and regular water changes.,low,6.5,8.0,20.0,26.0,0.02,0.02,20.0,6.0
1776,119,Fish,Red Rili Shrimp,Neocaridina davidi var. Red Rili,High,7.64,24.2,0.01,0.0,16.0,6.7,good,,,Keep weekly testing and regular water changes.,low,6.5,8.0,20.0,26.0,0.02,0.02,20.0,6.0
1777,119,Fish,Red Rili Shrimp,Neocaridina davidi var. Red Rili,High,6.94,25.4,0.009,0.013,16.0,7.5,good,,,Keep weekly testing and regular water changes.,low,6.5,8.0,20.0,26.0,0.02,0.02,20.0,6.0
1778,119,Fish,Red Rili Shrimp,Neocaridina davidi var. Red Rili,High,6.96,23.6,0.002,0.004,24.1,8.6,watch,Nitrate,Nitrate,"Do a 25–40% water change, vacuum the substrate, and add fast-growing plants.",medium,6.5,8.0,20.0,26.0,0.02,0.02,20.0,6.0
1779,119,Fish,Red Rili Shrimp,Neocaridina davidi var. Red Rili,High,7.43,20.9,0.039,0.002,6.1,10.0,watch,Ammonia,Ammonia,Do a 40–50% water change with dechlorinated water. Pause feeding 24 hours and add beneficial bacteria.,critical,6.5,8.0,20.0,26.0,0.02,0.02,20.0,6.0
1780,119,Fish,Red Rili Shrimp,Neocaridina davidi var. Red Rili,High,7.57,25.4,0.001,0.001,30.4,10.7,watch,Nitrate,Nitrate,"Do a 25–40% water change, vacuum the substrate, and add fast-growing plants.",medium,6.5,8.0,20.0,26.0,0.02,0.02,20.0,6.0
1781,119,Fish,Red Rili Shrimp,Neocaridina davidi var. Red Rili,High,7.18,27.8,0.003,0.002,5.7,8.8,watch,Temperature,Temperature,Adjust the heater 1°C at a time. Increase surface movement if the tank is hot.,high,6.5,8.0,20.0,26.0,0.02,0.02,20.0,6.0
1782,119,Fish,Red Rili Shrimp,Neocaridina davidi var. Red Rili,High,6.93,24.6,0.405,0.799,4.4,9.8,critical,"Ammonia, Nitrite",Ammonia,Do a 40–50% water change with dechlorinated water. Pause feeding 24 hours and add beneficial bacteria.,critical,6.5,8.0,20.0,26.0,0.02,0.02,20.0,6.0
1783,119,Fish,Red Rili Shrimp,Neocaridina davidi var. Red Rili,High,7.12,25.2,1.078,5.992,71.9,10.8,critical,"Ammonia, Nitrite, Nitrate",Ammonia,Do a 40–50% water change with dechlorinated water. Pause feeding 24 hours and add beneficial bacteria.,critical,6.5,8.0,20.0,26.0,0.02,0.02,20.0,6.0
1784,119,Fish,Red Rili Shrimp,Neocaridina davidi var. Red Rili,High,7.36,21.6,0.868,0.408,3.5,9.3,critical,"Ammonia, Nitrite",Ammonia,Do a 40–50% water change with dechlorinated water. Pause feeding 24 hours and add beneficial bacteria.,critical,6.5,8.0,20.0,26.0,0.02,0.02,20.0,6.0
1785,119,Fish,Red Rili Shrimp,Neocaridina davidi var. Red Rili,High,6.67,23.8,0.93,1.508,86.2,8.6,critical,"Ammonia, Nitrite, Nitrate",Ammonia,Do a 40–50% water change with dechlorinated water. Pause feeding 24 hours and add beneficial bacteria.,critical,6.5,8.0,20.0,26.0,0.02,0.02,20.0,6.0
1786,120,Fish,Amano Shrimp,Caridina multidentata,High,6.91,23.3,0.004,0.0,6.5,8.8,excellent,,,Keep weekly testing and regular water changes.,low,6.5,7.5,18.0,26.0,0.02,0.02,20.0,6.2
1787,120,Fish,Amano Shrimp,Caridina multidentata,High,6.98,21.5,0.002,0.001,7.4,9.4,excellent,,,Keep weekly testing and regular water changes.,low,6.5,7.5,18.0,26.0,0.02,0.02,20.0,6.2
1788,120,Fish,Amano Shrimp,Caridina multidentata,High,7.33,21.0,0.003,0.002,5.2,10.5,excellent,,,Keep weekly testing and regular water changes.,low,6.5,7.5,18.0,26.0,0.02,0.02,20.0,6.2
1789,120,Fish,Amano Shrimp,Caridina multidentata,High,7.24,21.9,0.002,0.002,6.2,9.5,excellent,,,Keep weekly testing and regular water changes.,low,6.5,7.5,18.0,26.0,0.02,0.02,20.0,6.2
1790,120,Fish,Amano Shrimp,Caridina multidentata,High,7.25,21.2,0.012,0.008,18.9,6.8,good,,,Keep weekly testing and regular water changes.,low,6.5,7.5,18.0,26.0,0.02,0.02,20.0,6.2
1791,120,Fish,Amano Shrimp,Caridina multidentata,High,6.74,19.5,0.014,0.006,15.3,6.7,good,,,Keep weekly testing and regular water changes.,low,6.5,7.5,18.0,26.0,0.02,0.02,20.0,6.2
1792,120,Fish,Amano Shrimp,Caridina multidentata,High,7.38,21.6,0.013,0.002,13.6,6.5,good,,,Keep weekly testing and regular water changes.,low,6.5,7.5,18.0,26.0,0.02,0.02,20.0,6.2
1793,120,Fish,Amano Shrimp,Caridina multidentata,High,6.89,21.8,0.001,0.001,24.4,9.3,watch,Nitrate,Nitrate,"Do a 25–40% water change, vacuum the substrate, and add fast-growing plants.",medium,6.5,7.5,18.0,26.0,0.02,0.02,20.0,6.2
1794,120,Fish,Amano Shrimp,Caridina multidentata,High,8.04,23.3,0.004,0.002,3.7,11.6,watch,pH,pH,Correct pH slowly with small water changes only. Move no more than 0.2 pH per day.,high,6.5,7.5,18.0,26.0,0.02,0.02,20.0,6.2
1795,120,Fish,Amano Shrimp,Caridina multidentata,High,8.04,19.3,0.003,0.004,7.2,10.2,watch,pH,pH,Correct pH slowly with small water changes only. Move no more than 0.2 pH per day.,high,6.5,7.5,18.0,26.0,0.02,0.02,20.0,6.2
1796,120,Fish,Amano Shrimp,Caridina multidentata,High,6.64,16.8,0.003,0.001,5.2,9.0,watch,Temperature,Temperature,Adjust the heater 1°C at a time. Increase surface movement if the tank is hot.,high,6.5,7.5,18.0,26.0,0.02,0.02,20.0,6.2
1797,120,Fish,Amano Shrimp,Caridina multidentata,High,9.49,36.9,0.002,0.002,4.8,11.4,critical,"pH, Temperature",pH,Correct pH slowly with small water changes only. Move no more than 0.2 pH per day.,critical,6.5,7.5,18.0,26.0,0.02,0.02,20.0,6.2
1798,120,Fish,Amano Shrimp,Caridina multidentata,High,6.63,22.9,0.79,1.107,92.7,8.9,critical,"Ammonia, Nitrite, Nitrate",Ammonia,Do a 40–50% water change with dechlorinated water. Pause feeding 24 hours and add beneficial bacteria.,critical,6.5,7.5,18.0,26.0,0.02,0.02,20.0,6.2
1799,120,Fish,Amano Shrimp,Caridina multidentata,High,7.24,23.5,0.628,4.16,85.1,9.0,critical,"Ammonia, Nitrite, Nitrate",Ammonia,Do a 40–50% water change with dechlorinated water. Pause feeding 24 hours and add beneficial bacteria.,critical,6.5,7.5,18.0,26.0,0.02,0.02,20.0,6.2
1800,120,Fish,Amano Shrimp,Caridina multidentata,High,6.69,24.5,0.12,0.001,6.8,3.4,critical,"Ammonia, DissolvedO2",Ammonia,Do a 40–50% water change with dechlorinated water. Pause feeding 24 hours and add beneficial bacteria.,critical,6.5,7.5,18.0,26.0,0.02,0.02,20.0,6.2
1801,121,Fish,Bamboo Shrimp (Wood Shrimp),Atyopsis moluccensis,High,6.91,25.2,0.0,0.001,7.3,9.4,excellent,,,Keep weekly testing and regular water changes.,low,6.5,7.5,22.0,28.0,0.02,0.02,20.0,6.3
1802,121,Fish,Bamboo Shrimp (Wood Shrimp),Atyopsis moluccensis,High,6.61,23.4,0.002,0.003,5.1,10.7,excellent,,,Keep weekly testing and regular water changes.,low,6.5,7.5,22.0,28.0,0.02,0.02,20.0,6.3
1803,121,Fish,Bamboo Shrimp (Wood Shrimp),Atyopsis moluccensis,High,7.3,24.2,0.003,0.001,5.4,8.4,excellent,,,Keep weekly testing and regular water changes.,low,6.5,7.5,22.0,28.0,0.02,0.02,20.0,6.3
1804,121,Fish,Bamboo Shrimp (Wood Shrimp),Atyopsis moluccensis,High,6.62,22.9,0.0,0.003,6.0,11.4,excellent,,,Keep weekly testing and regular water changes.,low,6.5,7.5,22.0,28.0,0.02,0.02,20.0,6.3
1805,121,Fish,Bamboo Shrimp (Wood Shrimp),Atyopsis moluccensis,High,7.04,25.7,0.009,0.008,15.3,8.0,good,,,Keep weekly testing and regular water changes.,low,6.5,7.5,22.0,28.0,0.02,0.02,20.0,6.3
1806,121,Fish,Bamboo Shrimp (Wood Shrimp),Atyopsis moluccensis,High,7.42,23.3,0.013,0.009,16.4,6.7,good,,,Keep weekly testing and regular water changes.,low,6.5,7.5,22.0,28.0,0.02,0.02,20.0,6.3
1807,121,Fish,Bamboo Shrimp (Wood Shrimp),Atyopsis moluccensis,High,7.15,26.7,0.01,0.007,13.7,8.0,good,,,Keep weekly testing and regular water changes.,low,6.5,7.5,22.0,28.0,0.02,0.02,20.0,6.3
1808,121,Fish,Bamboo Shrimp (Wood Shrimp),Atyopsis moluccensis,High,6.67,23.6,0.048,0.003,6.8,8.1,watch,Ammonia,Ammonia,Do a 40–50% water change with dechlorinated water. Pause feeding 24 hours and add beneficial bacteria.,critical,6.5,7.5,22.0,28.0,0.02,0.02,20.0,6.3
1809,121,Fish,Bamboo Shrimp (Wood Shrimp),Atyopsis moluccensis,High,6.09,22.7,0.004,0.001,5.9,9.0,watch,pH,pH,Correct pH slowly with small water changes only. Move no more than 0.2 pH per day.,high,6.5,7.5,22.0,28.0,0.02,0.02,20.0,6.3
1810,121,Fish,Bamboo Shrimp (Wood Shrimp),Atyopsis moluccensis,High,7.23,30.6,0.003,0.004,7.4,9.6,watch,Temperature,Temperature,Adjust the heater 1°C at a time. Increase surface movement if the tank is hot.,high,6.5,7.5,22.0,28.0,0.02,0.02,20.0,6.3
1811,121,Fish,Bamboo Shrimp (Wood Shrimp),Atyopsis moluccensis,High,6.61,30.1,0.001,0.003,4.0,9.1,watch,Temperature,Temperature,Adjust the heater 1°C at a time. Increase surface movement if the tank is hot.,high,6.5,7.5,22.0,28.0,0.02,0.02,20.0,6.3
1812,121,Fish,Bamboo Shrimp (Wood Shrimp),Atyopsis moluccensis,High,9.18,35.5,0.002,0.001,8.4,8.7,critical,"pH, Temperature",pH,Correct pH slowly with small water changes only. Move no more than 0.2 pH per day.,critical,6.5,7.5,22.0,28.0,0.02,0.02,20.0,6.3
1813,121,Fish,Bamboo Shrimp (Wood Shrimp),Atyopsis moluccensis,High,9.38,12.4,0.002,0.004,4.1,8.7,critical,"pH, Temperature",pH,Correct pH slowly with small water changes only. Move no more than 0.2 pH per day.,critical,6.5,7.5,22.0,28.0,0.02,0.02,20.0,6.3
1814,121,Fish,Bamboo Shrimp (Wood Shrimp),Atyopsis moluccensis,High,7.21,24.0,0.212,6.659,90.9,9.4,critical,"Ammonia, Nitrite, Nitrate",Ammonia,Do a 40–50% water change with dechlorinated water. Pause feeding 24 hours and add beneficial bacteria.,critical,6.5,7.5,22.0,28.0,0.02,0.02,20.0,6.3
1815,121,Fish,Bamboo Shrimp (Wood Shrimp),Atyopsis moluccensis,High,6.92,26.6,0.12,0.002,4.5,2.5,critical,"Ammonia, DissolvedO2",Ammonia,Do a 40–50% water change with dechlorinated water. Pause feeding 24 hours and add beneficial bacteria.,critical,6.5,7.5,22.0,28.0,0.02,0.02,20.0,6.3
1816,122,Fish,Cardinal Sulawesi Shrimp,Caridina dennerli,High,7.91,29.1,0.002,0.004,5.2,9.3,excellent,,,Keep weekly testing and regular water changes.,low,7.5,8.5,26.0,30.0,0.02,0.02,15.0,6.2
1817,122,Fish,Cardinal Sulawesi Shrimp,Caridina dennerli,High,7.99,27.7,0.003,0.001,6.1,10.1,excellent,,,Keep weekly testing and regular water changes.,low,7.5,8.5,26.0,30.0,0.02,0.02,15.0,6.2
1818,122,Fish,Cardinal Sulawesi Shrimp,Caridina dennerli,High,8.09,28.0,0.002,0.003,5.0,8.8,excellent,,,Keep weekly testing and regular water changes.,low,7.5,8.5,26.0,30.0,0.02,0.02,15.0,6.2
1819,122,Fish,Cardinal Sulawesi Shrimp,Caridina dennerli,High,8.07,27.6,0.003,0.002,3.1,10.6,excellent,,,Keep weekly testing and regular water changes.,low,7.5,8.5,26.0,30.0,0.02,0.02,15.0,6.2
1820,122,Fish,Cardinal Sulawesi Shrimp,Caridina dennerli,High,7.96,28.2,0.014,0.009,13.1,6.7,good,,,Keep weekly testing and regular water changes.,low,7.5,8.5,26.0,30.0,0.02,0.02,15.0,6.2
1821,122,Fish,Cardinal Sulawesi Shrimp,Caridina dennerli,High,7.63,28.6,0.009,0.002,10.3,6.9,good,,,Keep weekly testing and regular water changes.,low,7.5,8.5,26.0,30.0,0.02,0.02,15.0,6.2
1822,122,Fish,Cardinal Sulawesi Shrimp,Caridina dennerli,High,8.47,26.7,0.01,0.013,14.1,6.8,good,,,Keep weekly testing and regular water changes.,low,7.5,8.5,26.0,30.0,0.02,0.02,15.0,6.2
1823,122,Fish,Cardinal Sulawesi Shrimp,Caridina dennerli,High,8.32,27.0,0.025,0.0,4.0,8.9,watch,Ammonia,Ammonia,Do a 40–50% water change with dechlorinated water. Pause feeding 24 hours and add beneficial bacteria.,critical,7.5,8.5,26.0,30.0,0.02,0.02,15.0,6.2
1824,122,Fish,Cardinal Sulawesi Shrimp,Caridina dennerli,High,7.97,28.6,0.0,0.004,20.5,8.6,watch,Nitrate,Nitrate,"Do a 25–40% water change, vacuum the substrate, and add fast-growing plants.",medium,7.5,8.5,26.0,30.0,0.02,0.02,15.0,6.2
1825,122,Fish,Cardinal Sulawesi Shrimp,Caridina dennerli,High,7.86,27.2,0.034,0.003,4.1,9.5,watch,Ammonia,Ammonia,Do a 40–50% water change with dechlorinated water. Pause feeding 24 hours and add beneficial bacteria.,critical,7.5,8.5,26.0,30.0,0.02,0.02,15.0,6.2
1826,122,Fish,Cardinal Sulawesi Shrimp,Caridina dennerli,High,8.1,29.1,0.001,0.002,28.7,9.9,watch,Nitrate,Nitrate,"Do a 25–40% water change, vacuum the substrate, and add fast-growing plants.",medium,7.5,8.5,26.0,30.0,0.02,0.02,15.0,6.2
1827,122,Fish,Cardinal Sulawesi Shrimp,Caridina dennerli,High,10.27,35.8,0.001,0.0,6.3,8.9,critical,"pH, Temperature",pH,Correct pH slowly with small water changes only. Move no more than 0.2 pH per day.,critical,7.5,8.5,26.0,30.0,0.02,0.02,15.0,6.2
1828,122,Fish,Cardinal Sulawesi Shrimp,Caridina dennerli,High,8.22,28.1,0.817,3.827,52.5,8.9,critical,"Ammonia, Nitrite, Nitrate",Ammonia,Do a 40–50% water change with dechlorinated water. Pause feeding 24 hours and add beneficial bacteria.,critical,7.5,8.5,26.0,30.0,0.02,0.02,15.0,6.2
1829,122,Fish,Cardinal Sulawesi Shrimp,Caridina dennerli,High,8.13,28.4,0.12,0.004,5.9,3.9,critical,"Ammonia, DissolvedO2",Ammonia,Do a 40–50% water change with dechlorinated water. Pause feeding 24 hours and add beneficial bacteria.,critical,7.5,8.5,26.0,30.0,0.02,0.02,15.0,6.2
1830,122,Fish,Cardinal Sulawesi Shrimp,Caridina dennerli,High,7.73,27.0,0.811,0.648,5.1,8.0,critical,"Ammonia, Nitrite",Ammonia,Do a 40–50% water change with dechlorinated water. Pause feeding 24 hours and add beneficial bacteria.,critical,7.5,8.5,26.0,30.0,0.02,0.02,15.0,6.2
1831,1001,Plant,Java Fern,Microsorum pteropus,Low,6.48,22.8,0.017,0.114,7.7,7.5,excellent,,,Keep weekly testing and regular water changes.,low,6.0,7.5,20.0,28.0,0.25,0.75,45.0,4.0
1832,1001,Plant,Java Fern,Microsorum pteropus,Low,6.11,25.9,0.049,0.099,14.1,11.1,excellent,,,Keep weekly testing and regular water changes.,low,6.0,7.5,20.0,28.0,0.25,0.75,45.0,4.0
1833,1001,Plant,Java Fern,Microsorum pteropus,Low,6.42,21.1,0.025,0.039,12.5,8.8,excellent,,,Keep weekly testing and regular water changes.,low,6.0,7.5,20.0,28.0,0.25,0.75,45.0,4.0
1834,1001,Plant,Java Fern,Microsorum pteropus,Low,6.51,23.9,0.019,0.017,17.3,10.1,excellent,,,Keep weekly testing and regular water changes.,low,6.0,7.5,20.0,28.0,0.25,0.75,45.0,4.0
1835,1001,Plant,Java Fern,Microsorum pteropus,Low,6.08,21.0,0.1,0.032,30.0,4.6,excellent,,,Keep weekly testing and regular water changes.,low,6.0,7.5,20.0,28.0,0.25,0.75,45.0,4.0
1836,1001,Plant,Java Fern,Microsorum pteropus,Low,7.23,26.2,0.164,0.38,39.2,6.2,good,,,Keep weekly testing and regular water changes.,low,6.0,7.5,20.0,28.0,0.25,0.75,45.0,4.0
1837,1001,Plant,Java Fern,Microsorum pteropus,Low,7.09,25.8,0.188,0.292,32.1,4.4,good,,,Keep weekly testing and regular water changes.,low,6.0,7.5,20.0,28.0,0.25,0.75,45.0,4.0
1838,1001,Plant,Java Fern,Microsorum pteropus,Low,6.64,18.8,0.008,0.004,10.7,11.4,watch,Temperature,Temperature,Adjust the heater 1°C at a time. Increase surface movement if the tank is hot.,high,6.0,7.5,20.0,28.0,0.25,0.75,45.0,4.0
1839,1001,Plant,Java Fern,Microsorum pteropus,Low,6.62,28.9,0.034,0.095,7.5,9.1,watch,Temperature,Temperature,Adjust the heater 1°C at a time. Increase surface movement if the tank is hot.,high,6.0,7.5,20.0,28.0,0.25,0.75,45.0,4.0
1840,1001,Plant,Java Fern,Microsorum pteropus,Low,6.99,29.3,0.045,0.031,15.9,10.5,watch,Temperature,Temperature,Adjust the heater 1°C at a time. Increase surface movement if the tank is hot.,high,6.0,7.5,20.0,28.0,0.25,0.75,45.0,4.0
1841,1001,Plant,Java Fern,Microsorum pteropus,Low,6.68,22.1,0.28,0.099,12.2,7.8,watch,Ammonia,Ammonia,Do a 40–50% water change with dechlorinated water. Pause feeding 24 hours and add beneficial bacteria.,critical,6.0,7.5,20.0,28.0,0.25,0.75,45.0,4.0
1842,1001,Plant,Java Fern,Microsorum pteropus,Low,6.74,27.4,2.078,4.835,16.2,7.0,critical,"Ammonia, Nitrite",Ammonia,Do a 40–50% water change with dechlorinated water. Pause feeding 24 hours and add beneficial bacteria.,critical,6.0,7.5,20.0,28.0,0.25,0.75,45.0,4.0
1843,1001,Plant,Java Fern,Microsorum pteropus,Low,6.6,24.7,1.875,4.728,12.7,8.3,critical,"Ammonia, Nitrite",Ammonia,Do a 40–50% water change with dechlorinated water. Pause feeding 24 hours and add beneficial bacteria.,critical,6.0,7.5,20.0,28.0,0.25,0.75,45.0,4.0
1844,1001,Plant,Java Fern,Microsorum pteropus,Low,5.01,12.9,0.03,0.017,9.5,10.6,critical,"pH, Temperature",pH,Correct pH slowly with small water changes only. Move no more than 0.2 pH per day.,critical,6.0,7.5,20.0,28.0,0.25,0.75,45.0,4.0
1845,1001,Plant,Java Fern,Microsorum pteropus,Low,6.61,22.3,0.612,4.423,94.8,11.6,critical,"Ammonia, Nitrite, Nitrate",Ammonia,Do a 40–50% water change with dechlorinated water. Pause feeding 24 hours and add beneficial bacteria.,critical,6.0,7.5,20.0,28.0,0.25,0.75,45.0,4.0
1846,1002,Plant,Java Moss,Taxiphyllum barbieri,High,7.86,23.9,0.004,0.048,12.3,9.0,excellent,,,Keep weekly testing and regular water changes.,low,5.5,8.0,20.0,28.0,0.1,0.25,25.0,5.0
1847,1002,Plant,Java Moss,Taxiphyllum barbieri,High,6.39,25.2,0.017,0.025,7.4,8.4,excellent,,,Keep weekly testing and regular water changes.,low,5.5,8.0,20.0,28.0,0.1,0.25,25.0,5.0
1848,1002,Plant,Java Moss,Taxiphyllum barbieri,High,6.34,21.4,0.016,0.005,7.9,10.8,excellent,,,Keep weekly testing and regular water changes.,low,5.5,8.0,20.0,28.0,0.1,0.25,25.0,5.0
1849,1002,Plant,Java Moss,Taxiphyllum barbieri,High,6.53,22.6,0.019,0.006,11.7,7.3,excellent,,,Keep weekly testing and regular water changes.,low,5.5,8.0,20.0,28.0,0.1,0.25,25.0,5.0
1850,1002,Plant,Java Moss,Taxiphyllum barbieri,High,6.54,25.0,0.054,0.094,17.8,6.2,good,,,Keep weekly testing and regular water changes.,low,5.5,8.0,20.0,28.0,0.1,0.25,25.0,5.0
1851,1002,Plant,Java Moss,Taxiphyllum barbieri,High,5.85,26.3,0.064,0.084,16.7,6.1,good,,,Keep weekly testing and regular water changes.,low,5.5,8.0,20.0,28.0,0.1,0.25,25.0,5.0
1852,1002,Plant,Java Moss,Taxiphyllum barbieri,High,6.91,22.2,0.069,0.013,17.8,6.5,good,,,Keep weekly testing and regular water changes.,low,5.5,8.0,20.0,28.0,0.1,0.25,25.0,5.0
1853,1002,Plant,Java Moss,Taxiphyllum barbieri,High,5.14,22.3,0.013,0.036,5.2,7.6,watch,pH,pH,Correct pH slowly with small water changes only. Move no more than 0.2 pH per day.,high,5.5,8.0,20.0,28.0,0.1,0.25,25.0,5.0
1854,1002,Plant,Java Moss,Taxiphyllum barbieri,High,6.64,29.3,0.015,0.047,7.5,7.8,watch,Temperature,Temperature,Adjust the heater 1°C at a time. Increase surface movement if the tank is hot.,high,5.5,8.0,20.0,28.0,0.1,0.25,25.0,5.0
1855,1002,Plant,Java Moss,Taxiphyllum barbieri,High,8.23,23.3,0.017,0.017,6.0,9.4,watch,pH,pH,Correct pH slowly with small water changes only. Move no more than 0.2 pH per day.,high,5.5,8.0,20.0,28.0,0.1,0.25,25.0,5.0
1856,1002,Plant,Java Moss,Taxiphyllum barbieri,High,7.4,26.2,0.118,0.031,8.2,8.2,watch,Ammonia,Ammonia,Do a 40–50% water change with dechlorinated water. Pause feeding 24 hours and add beneficial bacteria.,critical,5.5,8.0,20.0,28.0,0.1,0.25,25.0,5.0
1857,1002,Plant,Java Moss,Taxiphyllum barbieri,High,5.8,25.4,1.114,1.828,9.2,8.1,critical,"Ammonia, Nitrite",Ammonia,Do a 40–50% water change with dechlorinated water. Pause feeding 24 hours and add beneficial bacteria.,critical,5.5,8.0,20.0,28.0,0.1,0.25,25.0,5.0
1858,1002,Plant,Java Moss,Taxiphyllum barbieri,High,7.41,22.4,0.984,1.942,7.7,10.5,critical,"Ammonia, Nitrite",Ammonia,Do a 40–50% water change with dechlorinated water. Pause feeding 24 hours and add beneficial bacteria.,critical,5.5,8.0,20.0,28.0,0.1,0.25,25.0,5.0
1859,1002,Plant,Java Moss,Taxiphyllum barbieri,High,7.57,22.9,0.514,4.519,62.3,9.8,critical,"Ammonia, Nitrite, Nitrate",Ammonia,Do a 40–50% water change with dechlorinated water. Pause feeding 24 hours and add beneficial bacteria.,critical,5.5,8.0,20.0,28.0,0.1,0.25,25.0,5.0
1860,1002,Plant,Java Moss,Taxiphyllum barbieri,High,5.82,25.6,1.291,1.485,61.2,10.6,critical,"Ammonia, Nitrite, Nitrate",Ammonia,Do a 40–50% water change with dechlorinated water. Pause feeding 24 hours and add beneficial bacteria.,critical,5.5,8.0,20.0,28.0,0.1,0.25,25.0,5.0
1861,1003,Plant,Anubias Nana,Anubias barteri var. nana,Low,6.85,24.8,0.037,0.135,10.3,11.1,excellent,,,Keep weekly testing and regular water changes.,low,6.0,7.5,22.0,28.0,0.25,0.75,45.0,4.0
1862,1003,Plant,Anubias Nana,Anubias barteri var. nana,Low,6.23,27.3,0.008,0.04,8.3,10.6,excellent,,,Keep weekly testing and regular water changes.,low,6.0,7.5,22.0,28.0,0.25,0.75,45.0,4.0
1863,1003,Plant,Anubias Nana,Anubias barteri var. nana,Low,7.4,24.0,0.016,0.042,9.0,10.5,excellent,,,Keep weekly testing and regular water changes.,low,6.0,7.5,22.0,28.0,0.25,0.75,45.0,4.0
1864,1003,Plant,Anubias Nana,Anubias barteri var. nana,Low,6.16,27.2,0.046,0.018,13.4,11.6,excellent,,,Keep weekly testing and regular water changes.,low,6.0,7.5,22.0,28.0,0.25,0.75,45.0,4.0
1865,1003,Plant,Anubias Nana,Anubias barteri var. nana,Low,7.26,26.2,0.09,0.036,40.0,5.1,good,,,Keep weekly testing and regular water changes.,low,6.0,7.5,22.0,28.0,0.25,0.75,45.0,4.0
1866,1003,Plant,Anubias Nana,Anubias barteri var. nana,Low,7.0,26.4,0.14,0.075,34.5,6.2,good,,,Keep weekly testing and regular water changes.,low,6.0,7.5,22.0,28.0,0.25,0.75,45.0,4.0
1867,1003,Plant,Anubias Nana,Anubias barteri var. nana,Low,6.5,22.5,0.207,0.357,36.6,6.1,good,,,Keep weekly testing and regular water changes.,low,6.0,7.5,22.0,28.0,0.25,0.75,45.0,4.0
1868,1003,Plant,Anubias Nana,Anubias barteri var. nana,Low,6.63,27.3,0.274,0.042,11.5,7.9,watch,Ammonia,Ammonia,Do a 40–50% water change with dechlorinated water. Pause feeding 24 hours and add beneficial bacteria.,critical,6.0,7.5,22.0,28.0,0.25,0.75,45.0,4.0
1869,1003,Plant,Anubias Nana,Anubias barteri var. nana,Low,6.78,21.1,0.024,0.118,14.9,9.1,watch,Temperature,Temperature,Adjust the heater 1°C at a time. Increase surface movement if the tank is hot.,high,6.0,7.5,22.0,28.0,0.25,0.75,45.0,4.0
1870,1003,Plant,Anubias Nana,Anubias barteri var. nana,Low,6.96,29.5,0.006,0.119,12.7,8.2,watch,Temperature,Temperature,Adjust the heater 1°C at a time. Increase surface movement if the tank is hot.,high,6.0,7.5,22.0,28.0,0.25,0.75,45.0,4.0
1871,1003,Plant,Anubias Nana,Anubias barteri var. nana,Low,6.91,25.6,0.003,0.063,55.2,7.5,watch,Nitrate,Nitrate,"Do a 25–40% water change, vacuum the substrate, and add fast-growing plants.",medium,6.0,7.5,22.0,28.0,0.25,0.75,45.0,4.0
1872,1003,Plant,Anubias Nana,Anubias barteri var. nana,Low,6.1,27.3,1.891,6.081,18.0,9.0,critical,"Ammonia, Nitrite",Ammonia,Do a 40–50% water change with dechlorinated water. Pause feeding 24 hours and add beneficial bacteria.,critical,6.0,7.5,22.0,28.0,0.25,0.75,45.0,4.0
1873,1003,Plant,Anubias Nana,Anubias barteri var. nana,Low,6.25,23.0,1.5,0.001,15.5,1.8,critical,"Ammonia, DissolvedO2",Ammonia,Do a 40–50% water change with dechlorinated water. Pause feeding 24 hours and add beneficial bacteria.,critical,6.0,7.5,22.0,28.0,0.25,0.75,45.0,4.0
1874,1003,Plant,Anubias Nana,Anubias barteri var. nana,Low,7.13,27.4,1.688,4.88,15.6,8.1,critical,"Ammonia, Nitrite",Ammonia,Do a 40–50% water change with dechlorinated water. Pause feeding 24 hours and add beneficial bacteria.,critical,6.0,7.5,22.0,28.0,0.25,0.75,45.0,4.0
1875,1003,Plant,Anubias Nana,Anubias barteri var. nana,Low,7.22,27.1,0.369,2.694,117.0,6.5,critical,"Ammonia, Nitrite, Nitrate",Ammonia,Do a 40–50% water change with dechlorinated water. Pause feeding 24 hours and add beneficial bacteria.,critical,6.0,7.5,22.0,28.0,0.25,0.75,45.0,4.0
1876,1004,Plant,Anubias Barteri (Broad Leaf),Anubias barteri,Low,6.26,26.1,0.02,0.022,9.9,10.6,excellent,,,Keep weekly testing and regular water changes.,low,6.0,7.5,22.0,28.0,0.25,0.75,45.0,4.0
1877,1004,Plant,Anubias Barteri (Broad Leaf),Anubias barteri,Low,6.92,26.3,0.005,0.069,16.5,7.9,excellent,,,Keep weekly testing and regular water changes.,low,6.0,7.5,22.0,28.0,0.25,0.75,45.0,4.0
1878,1004,Plant,Anubias Barteri (Broad Leaf),Anubias barteri,Low,6.31,24.4,0.017,0.028,18.4,9.0,excellent,,,Keep weekly testing and regular water changes.,low,6.0,7.5,22.0,28.0,0.25,0.75,45.0,4.0
1879,1004,Plant,Anubias Barteri (Broad Leaf),Anubias barteri,Low,6.89,23.2,0.031,0.083,18.1,8.6,excellent,,,Keep weekly testing and regular water changes.,low,6.0,7.5,22.0,28.0,0.25,0.75,45.0,4.0
1880,1004,Plant,Anubias Barteri (Broad Leaf),Anubias barteri,Low,7.16,23.9,0.16,0.487,37.7,5.8,good,,,Keep weekly testing and regular water changes.,low,6.0,7.5,22.0,28.0,0.25,0.75,45.0,4.0
1881,1004,Plant,Anubias Barteri (Broad Leaf),Anubias barteri,Low,7.3,27.4,0.114,0.103,36.7,6.5,good,,,Keep weekly testing and regular water changes.,low,6.0,7.5,22.0,28.0,0.25,0.75,45.0,4.0
1882,1004,Plant,Anubias Barteri (Broad Leaf),Anubias barteri,Low,6.74,24.0,0.155,0.034,31.6,4.5,good,,,Keep weekly testing and regular water changes.,low,6.0,7.5,22.0,28.0,0.25,0.75,45.0,4.0
1883,1004,Plant,Anubias Barteri (Broad Leaf),Anubias barteri,Low,5.74,26.1,0.016,0.025,13.2,8.1,watch,pH,pH,Correct pH slowly with small water changes only. Move no more than 0.2 pH per day.,high,6.0,7.5,22.0,28.0,0.25,0.75,45.0,4.0
1884,1004,Plant,Anubias Barteri (Broad Leaf),Anubias barteri,Low,6.09,29.1,0.006,0.033,9.4,8.2,watch,Temperature,Temperature,Adjust the heater 1°C at a time. Increase surface movement if the tank is hot.,high,6.0,7.5,22.0,28.0,0.25,0.75,45.0,4.0
1885,1004,Plant,Anubias Barteri (Broad Leaf),Anubias barteri,Low,6.54,21.0,0.003,0.131,10.8,7.0,watch,Temperature,Temperature,Adjust the heater 1°C at a time. Increase surface movement if the tank is hot.,high,6.0,7.5,22.0,28.0,0.25,0.75,45.0,4.0
1886,1004,Plant,Anubias Barteri (Broad Leaf),Anubias barteri,Low,7.12,20.2,0.023,0.142,9.1,7.5,watch,Temperature,Temperature,Adjust the heater 1°C at a time. Increase surface movement if the tank is hot.,high,6.0,7.5,22.0,28.0,0.25,0.75,45.0,4.0
1887,1004,Plant,Anubias Barteri (Broad Leaf),Anubias barteri,Low,7.39,24.5,1.375,5.492,14.7,7.8,critical,"Ammonia, Nitrite",Ammonia,Do a 40–50% water change with dechlorinated water. Pause feeding 24 hours and add beneficial bacteria.,critical,6.0,7.5,22.0,28.0,0.25,0.75,45.0,4.0
1888,1004,Plant,Anubias Barteri (Broad Leaf),Anubias barteri,Low,6.4,25.9,1.5,0.127,18.8,1.9,critical,"Ammonia, DissolvedO2",Ammonia,Do a 40–50% water change with dechlorinated water. Pause feeding 24 hours and add beneficial bacteria.,critical,6.0,7.5,22.0,28.0,0.25,0.75,45.0,4.0
1889,1004,Plant,Anubias Barteri (Broad Leaf),Anubias barteri,Low,9.71,13.5,0.031,0.063,12.3,10.4,critical,"pH, Temperature",pH,Correct pH slowly with small water changes only. Move no more than 0.2 pH per day.,critical,6.0,7.5,22.0,28.0,0.25,0.75,45.0,4.0
1890,1004,Plant,Anubias Barteri (Broad Leaf),Anubias barteri,Low,6.81,25.5,1.5,0.107,13.7,2.0,critical,"Ammonia, DissolvedO2",Ammonia,Do a 40–50% water change with dechlorinated water. Pause feeding 24 hours and add beneficial bacteria.,critical,6.0,7.5,22.0,28.0,0.25,0.75,45.0,4.0
1891,1005,Plant,Amazon Sword,Echinodorus bleheri,Low,6.95,23.4,0.029,0.093,13.3,11.0,excellent,,,Keep weekly testing and regular water changes.,low,6.5,7.5,22.0,28.0,0.25,0.75,45.0,4.0
1892,1005,Plant,Amazon Sword,Echinodorus bleheri,Low,6.66,24.0,0.043,0.141,12.2,7.5,excellent,,,Keep weekly testing and regular water changes.,low,6.5,7.5,22.0,28.0,0.25,0.75,45.0,4.0
1893,1005,Plant,Amazon Sword,Echinodorus bleheri,Low,6.93,24.8,0.026,0.041,10.9,9.8,excellent,,,Keep weekly testing and regular water changes.,low,6.5,7.5,22.0,28.0,0.25,0.75,45.0,4.0
1894,1005,Plant,Amazon Sword,Echinodorus bleheri,Low,7.1,25.8,0.019,0.05,11.3,11.4,excellent,,,Keep weekly testing and regular water changes.,low,6.5,7.5,22.0,28.0,0.25,0.75,45.0,4.0
1895,1005,Plant,Amazon Sword,Echinodorus bleheri,Low,6.9,25.6,0.153,0.46,34.2,5.2,good,,,Keep weekly testing and regular water changes.,low,6.5,7.5,22.0,28.0,0.25,0.75,45.0,4.0
1896,1005,Plant,Amazon Sword,Echinodorus bleheri,Low,7.33,23.1,0.162,0.21,42.6,5.9,good,,,Keep weekly testing and regular water changes.,low,6.5,7.5,22.0,28.0,0.25,0.75,45.0,4.0
1897,1005,Plant,Amazon Sword,Echinodorus bleheri,Low,6.53,26.9,0.175,0.295,32.4,4.5,good,,,Keep weekly testing and regular water changes.,low,6.5,7.5,22.0,28.0,0.25,0.75,45.0,4.0
1898,1005,Plant,Amazon Sword,Echinodorus bleheri,Low,7.11,21.1,0.043,0.039,14.7,7.8,watch,Temperature,Temperature,Adjust the heater 1°C at a time. Increase surface movement if the tank is hot.,high,6.5,7.5,22.0,28.0,0.25,0.75,45.0,4.0
1899,1005,Plant,Amazon Sword,Echinodorus bleheri,Low,6.91,20.3,0.03,0.048,16.2,7.1,watch,Temperature,Temperature,Adjust the heater 1°C at a time. Increase surface movement if the tank is hot.,high,6.5,7.5,22.0,28.0,0.25,0.75,45.0,4.0
1900,1005,Plant,Amazon Sword,Echinodorus bleheri,Low,7.08,30.2,0.002,0.046,14.3,11.4,watch,Temperature,Temperature,Adjust the heater 1°C at a time. Increase surface movement if the tank is hot.,high,6.5,7.5,22.0,28.0,0.25,0.75,45.0,4.0
1901,1005,Plant,Amazon Sword,Echinodorus bleheri,Low,7.76,25.8,0.026,0.145,13.1,10.8,watch,pH,pH,Correct pH slowly with small water changes only. Move no more than 0.2 pH per day.,high,6.5,7.5,22.0,28.0,0.25,0.75,45.0,4.0
1902,1005,Plant,Amazon Sword,Echinodorus bleheri,Low,7.26,27.4,0.695,3.224,106.2,7.0,critical,"Ammonia, Nitrite, Nitrate",Ammonia,Do a 40–50% water change with dechlorinated water. Pause feeding 24 hours and add beneficial bacteria.,critical,6.5,7.5,22.0,28.0,0.25,0.75,45.0,4.0
1903,1005,Plant,Amazon Sword,Echinodorus bleheri,Low,6.59,23.7,1.5,0.064,17.0,2.0,critical,"Ammonia, DissolvedO2",Ammonia,Do a 40–50% water change with dechlorinated water. Pause feeding 24 hours and add beneficial bacteria.,critical,6.5,7.5,22.0,28.0,0.25,0.75,45.0,4.0
1904,1005,Plant,Amazon Sword,Echinodorus bleheri,Low,7.26,24.4,1.819,5.868,8.5,9.6,critical,"Ammonia, Nitrite",Ammonia,Do a 40–50% water change with dechlorinated water. Pause feeding 24 hours and add beneficial bacteria.,critical,6.5,7.5,22.0,28.0,0.25,0.75,45.0,4.0
1905,1005,Plant,Amazon Sword,Echinodorus bleheri,Low,6.68,26.3,1.5,0.132,10.1,1.7,critical,"Ammonia, DissolvedO2",Ammonia,Do a 40–50% water change with dechlorinated water. Pause feeding 24 hours and add beneficial bacteria.,critical,6.5,7.5,22.0,28.0,0.25,0.75,45.0,4.0
1906,1006,Plant,Cryptocoryne Wendtii,Cryptocoryne wendtii,Low,6.44,24.3,0.009,0.086,17.9,8.1,excellent,,,Keep weekly testing and regular water changes.,low,6.0,7.5,22.0,28.0,0.25,0.75,45.0,4.0
1907,1006,Plant,Cryptocoryne Wendtii,Cryptocoryne wendtii,Low,6.76,26.7,0.023,0.125,12.4,8.7,excellent,,,Keep weekly testing and regular water changes.,low,6.0,7.5,22.0,28.0,0.25,0.75,45.0,4.0
1908,1006,Plant,Cryptocoryne Wendtii,Cryptocoryne wendtii,Low,6.29,23.2,0.031,0.124,8.8,11.1,excellent,,,Keep weekly testing and regular water changes.,low,6.0,7.5,22.0,28.0,0.25,0.75,45.0,4.0
1909,1006,Plant,Cryptocoryne Wendtii,Cryptocoryne wendtii,Low,6.56,24.6,0.045,0.134,13.3,7.9,excellent,,,Keep weekly testing and regular water changes.,low,6.0,7.5,22.0,28.0,0.25,0.75,45.0,4.0
1910,1006,Plant,Cryptocoryne Wendtii,Cryptocoryne wendtii,Low,6.27,23.7,0.185,0.17,38.6,4.6,good,,,Keep weekly testing and regular water changes.,low,6.0,7.5,22.0,28.0,0.25,0.75,45.0,4.0
1911,1006,Plant,Cryptocoryne Wendtii,Cryptocoryne wendtii,Low,6.72,24.2,0.15,0.299,42.6,6.3,good,,,Keep weekly testing and regular water changes.,low,6.0,7.5,22.0,28.0,0.25,0.75,45.0,4.0
1912,1006,Plant,Cryptocoryne Wendtii,Cryptocoryne wendtii,Low,7.04,23.0,0.202,0.469,41.2,5.3,good,,,Keep weekly testing and regular water changes.,low,6.0,7.5,22.0,28.0,0.25,0.75,45.0,4.0
1913,1006,Plant,Cryptocoryne Wendtii,Cryptocoryne wendtii,Low,6.31,20.0,0.019,0.052,11.8,9.4,watch,Temperature,Temperature,Adjust the heater 1°C at a time. Increase surface movement if the tank is hot.,high,6.0,7.5,22.0,28.0,0.25,0.75,45.0,4.0
1914,1006,Plant,Cryptocoryne Wendtii,Cryptocoryne wendtii,Low,6.95,29.7,0.003,0.14,12.0,8.8,watch,Temperature,Temperature,Adjust the heater 1°C at a time. Increase surface movement if the tank is hot.,high,6.0,7.5,22.0,28.0,0.25,0.75,45.0,4.0
1915,1006,Plant,Cryptocoryne Wendtii,Cryptocoryne wendtii,Low,6.57,28.9,0.001,0.131,8.4,11.6,watch,Temperature,Temperature,Adjust the heater 1°C at a time. Increase surface movement if the tank is hot.,high,6.0,7.5,22.0,28.0,0.25,0.75,45.0,4.0
1916,1006,Plant,Cryptocoryne Wendtii,Cryptocoryne wendtii,Low,6.83,19.5,0.048,0.113,13.1,8.7,watch,Temperature,Temperature,Adjust the heater 1°C at a time. Increase surface movement if the tank is hot.,high,6.0,7.5,22.0,28.0,0.25,0.75,45.0,4.0
1917,1006,Plant,Cryptocoryne Wendtii,Cryptocoryne wendtii,Low,6.97,25.1,1.5,0.049,15.5,1.8,critical,"Ammonia, DissolvedO2",Ammonia,Do a 40–50% water change with dechlorinated water. Pause feeding 24 hours and add beneficial bacteria.,critical,6.0,7.5,22.0,28.0,0.25,0.75,45.0,4.0
1918,1006,Plant,Cryptocoryne Wendtii,Cryptocoryne wendtii,Low,6.86,24.9,1.123,5.502,119.1,8.2,critical,"Ammonia, Nitrite, Nitrate",Ammonia,Do a 40–50% water change with dechlorinated water. Pause feeding 24 hours and add beneficial bacteria.,critical,6.0,7.5,22.0,28.0,0.25,0.75,45.0,4.0
1919,1006,Plant,Cryptocoryne Wendtii,Cryptocoryne wendtii,Low,6.54,26.0,1.5,0.009,16.5,2.1,critical,"Ammonia, DissolvedO2",Ammonia,Do a 40–50% water change with dechlorinated water. Pause feeding 24 hours and add beneficial bacteria.,critical,6.0,7.5,22.0,28.0,0.25,0.75,45.0,4.0
1920,1006,Plant,Cryptocoryne Wendtii,Cryptocoryne wendtii,Low,6.68,26.9,1.835,4.986,17.0,11.5,critical,"Ammonia, Nitrite",Ammonia,Do a 40–50% water change with dechlorinated water. Pause feeding 24 hours and add beneficial bacteria.,critical,6.0,7.5,22.0,28.0,0.25,0.75,45.0,4.0
1921,1007,Plant,Cryptocoryne Balansae,Cryptocoryne balansae,Medium,6.6,26.2,0.006,0.093,8.0,11.0,excellent,,,Keep weekly testing and regular water changes.,low,6.0,7.5,22.0,28.0,0.2,0.5,40.0,4.0
1922,1007,Plant,Cryptocoryne Balansae,Cryptocoryne balansae,Medium,6.73,26.6,0.038,0.042,12.8,7.7,excellent,,,Keep weekly testing and regular water changes.,low,6.0,7.5,22.0,28.0,0.2,0.5,40.0,4.0
1923,1007,Plant,Cryptocoryne Balansae,Cryptocoryne balansae,Medium,7.15,26.5,0.012,0.002,10.2,7.4,excellent,,,Keep weekly testing and regular water changes.,low,6.0,7.5,22.0,28.0,0.2,0.5,40.0,4.0
1924,1007,Plant,Cryptocoryne Balansae,Cryptocoryne balansae,Medium,7.18,23.9,0.038,0.097,14.9,9.6,excellent,,,Keep weekly testing and regular water changes.,low,6.0,7.5,22.0,28.0,0.2,0.5,40.0,4.0
1925,1007,Plant,Cryptocoryne Balansae,Cryptocoryne balansae,Medium,6.41,26.8,0.14,0.342,30.5,4.3,good,,,Keep weekly testing and regular water changes.,low,6.0,7.5,22.0,28.0,0.2,0.5,40.0,4.0
1926,1007,Plant,Cryptocoryne Balansae,Cryptocoryne balansae,Medium,7.48,26.9,0.092,0.254,26.0,5.5,good,,,Keep weekly testing and regular water changes.,low,6.0,7.5,22.0,28.0,0.2,0.5,40.0,4.0
1927,1007,Plant,Cryptocoryne Balansae,Cryptocoryne balansae,Medium,6.55,24.3,0.094,0.096,31.5,4.8,good,,,Keep weekly testing and regular water changes.,low,6.0,7.5,22.0,28.0,0.2,0.5,40.0,4.0
1928,1007,Plant,Cryptocoryne Balansae,Cryptocoryne balansae,Medium,6.71,25.4,0.231,0.068,8.4,6.7,watch,Ammonia,Ammonia,Do a 40–50% water change with dechlorinated water. Pause feeding 24 hours and add beneficial bacteria.,critical,6.0,7.5,22.0,28.0,0.2,0.5,40.0,4.0
1929,1007,Plant,Cryptocoryne Balansae,Cryptocoryne balansae,Medium,7.39,27.2,0.025,0.089,53.5,10.5,watch,Nitrate,Nitrate,"Do a 25–40% water change, vacuum the substrate, and add fast-growing plants.",medium,6.0,7.5,22.0,28.0,0.2,0.5,40.0,4.0
1930,1007,Plant,Cryptocoryne Balansae,Cryptocoryne balansae,Medium,7.15,24.6,0.015,0.029,45.7,10.7,watch,Nitrate,Nitrate,"Do a 25–40% water change, vacuum the substrate, and add fast-growing plants.",medium,6.0,7.5,22.0,28.0,0.2,0.5,40.0,4.0
1931,1007,Plant,Cryptocoryne Balansae,Cryptocoryne balansae,Medium,7.03,24.4,0.022,0.037,51.0,10.2,watch,Nitrate,Nitrate,"Do a 25–40% water change, vacuum the substrate, and add fast-growing plants.",medium,6.0,7.5,22.0,28.0,0.2,0.5,40.0,4.0
1932,1007,Plant,Cryptocoryne Balansae,Cryptocoryne balansae,Medium,7.09,24.5,1.2,0.024,10.7,2.0,critical,"Ammonia, DissolvedO2",Ammonia,Do a 40–50% water change with dechlorinated water. Pause feeding 24 hours and add beneficial bacteria.,critical,6.0,7.5,22.0,28.0,0.2,0.5,40.0,4.0
1933,1007,Plant,Cryptocoryne Balansae,Cryptocoryne balansae,Medium,6.49,26.7,1.2,0.055,14.1,2.0,critical,"Ammonia, DissolvedO2",Ammonia,Do a 40–50% water change with dechlorinated water. Pause feeding 24 hours and add beneficial bacteria.,critical,6.0,7.5,22.0,28.0,0.2,0.5,40.0,4.0
1934,1007,Plant,Cryptocoryne Balansae,Cryptocoryne balansae,Medium,7.17,23.9,1.198,6.435,117.3,6.7,critical,"Ammonia, Nitrite, Nitrate",Ammonia,Do a 40–50% water change with dechlorinated water. Pause feeding 24 hours and add beneficial bacteria.,critical,6.0,7.5,22.0,28.0,0.2,0.5,40.0,4.0
1935,1007,Plant,Cryptocoryne Balansae,Cryptocoryne balansae,Medium,4.37,35.2,0.021,0.038,7.2,7.0,critical,"pH, Temperature",pH,Correct pH slowly with small water changes only. Move no more than 0.2 pH per day.,critical,6.0,7.5,22.0,28.0,0.2,0.5,40.0,4.0
1936,1008,Plant,Cryptocoryne Parva,Cryptocoryne parva,Medium,6.88,27.2,0.03,0.065,13.3,10.2,excellent,,,Keep weekly testing and regular water changes.,low,6.0,7.5,22.0,28.0,0.2,0.5,40.0,4.0
1937,1008,Plant,Cryptocoryne Parva,Cryptocoryne parva,Medium,7.0,25.0,0.023,0.046,9.9,7.9,excellent,,,Keep weekly testing and regular water changes.,low,6.0,7.5,22.0,28.0,0.2,0.5,40.0,4.0
1938,1008,Plant,Cryptocoryne Parva,Cryptocoryne parva,Medium,6.56,24.7,0.023,0.05,7.1,8.2,excellent,,,Keep weekly testing and regular water changes.,low,6.0,7.5,22.0,28.0,0.2,0.5,40.0,4.0
1939,1008,Plant,Cryptocoryne Parva,Cryptocoryne parva,Medium,6.58,26.0,0.013,0.001,6.8,9.0,excellent,,,Keep weekly testing and regular water changes.,low,6.0,7.5,22.0,28.0,0.2,0.5,40.0,4.0
1940,1008,Plant,Cryptocoryne Parva,Cryptocoryne parva,Medium,6.3,25.0,0.127,0.327,33.9,4.3,good,,,Keep weekly testing and regular water changes.,low,6.0,7.5,22.0,28.0,0.2,0.5,40.0,4.0
1941,1008,Plant,Cryptocoryne Parva,Cryptocoryne parva,Medium,6.58,26.7,0.096,0.324,32.3,4.4,good,,,Keep weekly testing and regular water changes.,low,6.0,7.5,22.0,28.0,0.2,0.5,40.0,4.0
1942,1008,Plant,Cryptocoryne Parva,Cryptocoryne parva,Medium,6.37,27.3,0.169,0.302,29.8,6.0,good,,,Keep weekly testing and regular water changes.,low,6.0,7.5,22.0,28.0,0.2,0.5,40.0,4.0
1943,1008,Plant,Cryptocoryne Parva,Cryptocoryne parva,Medium,6.38,29.6,0.028,0.097,10.3,9.0,watch,Temperature,Temperature,Adjust the heater 1°C at a time. Increase surface movement if the tank is hot.,high,6.0,7.5,22.0,28.0,0.2,0.5,40.0,4.0
1944,1008,Plant,Cryptocoryne Parva,Cryptocoryne parva,Medium,5.75,26.7,0.001,0.068,8.7,8.9,watch,pH,pH,Correct pH slowly with small water changes only. Move no more than 0.2 pH per day.,high,6.0,7.5,22.0,28.0,0.2,0.5,40.0,4.0
1945,1008,Plant,Cryptocoryne Parva,Cryptocoryne parva,Medium,6.62,29.4,0.026,0.094,9.2,9.5,watch,Temperature,Temperature,Adjust the heater 1°C at a time. Increase surface movement if the tank is hot.,high,6.0,7.5,22.0,28.0,0.2,0.5,40.0,4.0
1946,1008,Plant,Cryptocoryne Parva,Cryptocoryne parva,Medium,7.24,27.2,0.223,0.057,13.0,9.0,watch,Ammonia,Ammonia,Do a 40–50% water change with dechlorinated water. Pause feeding 24 hours and add beneficial bacteria.,critical,6.0,7.5,22.0,28.0,0.2,0.5,40.0,4.0
1947,1008,Plant,Cryptocoryne Parva,Cryptocoryne parva,Medium,7.39,23.8,1.533,4.524,7.7,9.8,critical,"Ammonia, Nitrite",Ammonia,Do a 40–50% water change with dechlorinated water. Pause feeding 24 hours and add beneficial bacteria.,critical,6.0,7.5,22.0,28.0,0.2,0.5,40.0,4.0
1948,1008,Plant,Cryptocoryne Parva,Cryptocoryne parva,Medium,6.57,27.0,0.685,6.913,67.8,8.8,critical,"Ammonia, Nitrite, Nitrate",Ammonia,Do a 40–50% water change with dechlorinated water. Pause feeding 24 hours and add beneficial bacteria.,critical,6.0,7.5,22.0,28.0,0.2,0.5,40.0,4.0
1949,1008,Plant,Cryptocoryne Parva,Cryptocoryne parva,Medium,7.13,26.2,1.2,0.074,15.2,2.0,critical,"Ammonia, DissolvedO2",Ammonia,Do a 40–50% water change with dechlorinated water. Pause feeding 24 hours and add beneficial bacteria.,critical,6.0,7.5,22.0,28.0,0.2,0.5,40.0,4.0
1950,1008,Plant,Cryptocoryne Parva,Cryptocoryne parva,Medium,7.02,23.1,1.2,0.055,13.4,1.9,critical,"Ammonia, DissolvedO2",Ammonia,Do a 40–50% water change with dechlorinated water. Pause feeding 24 hours and add beneficial bacteria.,critical,6.0,7.5,22.0,28.0,0.2,0.5,40.0,4.0
1951,1009,Plant,Vallisneria (Straight),Vallisneria spiralis,Low,7.7,22.4,0.031,0.084,9.9,9.0,excellent,,,Keep weekly testing and regular water changes.,low,6.5,8.0,20.0,28.0,0.25,0.75,50.0,4.0
1952,1009,Plant,Vallisneria (Straight),Vallisneria spiralis,Low,7.32,26.2,0.023,0.012,12.9,10.8,excellent,,,Keep weekly testing and regular water changes.,low,6.5,8.0,20.0,28.0,0.25,0.75,50.0,4.0
1953,1009,Plant,Vallisneria (Straight),Vallisneria spiralis,Low,7.35,22.8,0.046,0.023,11.0,8.7,excellent,,,Keep weekly testing and regular water changes.,low,6.5,8.0,20.0,28.0,0.25,0.75,50.0,4.0
1954,1009,Plant,Vallisneria (Straight),Vallisneria spiralis,Low,7.57,26.3,0.003,0.119,15.6,11.1,excellent,,,Keep weekly testing and regular water changes.,low,6.5,8.0,20.0,28.0,0.25,0.75,50.0,4.0
1955,1009,Plant,Vallisneria (Straight),Vallisneria spiralis,Low,7.83,26.1,0.111,0.165,46.5,5.6,good,,,Keep weekly testing and regular water changes.,low,6.5,8.0,20.0,28.0,0.25,0.75,50.0,4.0
1956,1009,Plant,Vallisneria (Straight),Vallisneria spiralis,Low,7.31,27.2,0.197,0.382,45.7,4.5,good,,,Keep weekly testing and regular water changes.,low,6.5,8.0,20.0,28.0,0.25,0.75,50.0,4.0
1957,1009,Plant,Vallisneria (Straight),Vallisneria spiralis,Low,7.63,27.6,0.094,0.117,44.4,5.4,good,,,Keep weekly testing and regular water changes.,low,6.5,8.0,20.0,28.0,0.25,0.75,50.0,4.0
1958,1009,Plant,Vallisneria (Straight),Vallisneria spiralis,Low,6.7,22.4,0.255,0.048,17.5,9.9,watch,Ammonia,Ammonia,Do a 40–50% water change with dechlorinated water. Pause feeding 24 hours and add beneficial bacteria.,critical,6.5,8.0,20.0,28.0,0.25,0.75,50.0,4.0
1959,1009,Plant,Vallisneria (Straight),Vallisneria spiralis,Low,7.15,22.8,0.043,0.143,53.2,11.5,watch,Nitrate,Nitrate,"Do a 25–40% water change, vacuum the substrate, and add fast-growing plants.",medium,6.5,8.0,20.0,28.0,0.25,0.75,50.0,4.0
1960,1009,Plant,Vallisneria (Straight),Vallisneria spiralis,Low,7.02,18.9,0.018,0.138,9.8,10.6,watch,Temperature,Temperature,Adjust the heater 1°C at a time. Increase surface movement if the tank is hot.,high,6.5,8.0,20.0,28.0,0.25,0.75,50.0,4.0
1961,1009,Plant,Vallisneria (Straight),Vallisneria spiralis,Low,6.33,27.0,0.029,0.095,7.3,6.8,watch,pH,pH,Correct pH slowly with small water changes only. Move no more than 0.2 pH per day.,high,6.5,8.0,20.0,28.0,0.25,0.75,50.0,4.0
1962,1009,Plant,Vallisneria (Straight),Vallisneria spiralis,Low,4.69,36.5,0.016,0.091,14.0,8.6,critical,"pH, Temperature",pH,Correct pH slowly with small water changes only. Move no more than 0.2 pH per day.,critical,6.5,8.0,20.0,28.0,0.25,0.75,50.0,4.0
1963,1009,Plant,Vallisneria (Straight),Vallisneria spiralis,Low,7.8,27.1,1.76,5.639,12.0,10.8,critical,"Ammonia, Nitrite",Ammonia,Do a 40–50% water change with dechlorinated water. Pause feeding 24 hours and add beneficial bacteria.,critical,6.5,8.0,20.0,28.0,0.25,0.75,50.0,4.0
1964,1009,Plant,Vallisneria (Straight),Vallisneria spiralis,Low,10.28,15.2,0.035,0.093,16.9,10.8,critical,"pH, Temperature",pH,Correct pH slowly with small water changes only. Move no more than 0.2 pH per day.,critical,6.5,8.0,20.0,28.0,0.25,0.75,50.0,4.0
1965,1009,Plant,Vallisneria (Straight),Vallisneria spiralis,Low,7.12,25.5,1.094,3.929,84.9,8.7,critical,"Ammonia, Nitrite, Nitrate",Ammonia,Do a 40–50% water change with dechlorinated water. Pause feeding 24 hours and add beneficial bacteria.,critical,6.5,8.0,20.0,28.0,0.25,0.75,50.0,4.0
1966,1010,Plant,Hornwort,Ceratophyllum demersum,Low,7.36,21.9,0.008,0.084,8.4,8.2,excellent,,,Keep weekly testing and regular water changes.,low,6.0,8.0,15.0,28.0,0.25,0.75,50.0,4.0
1967,1010,Plant,Hornwort,Ceratophyllum demersum,Low,6.77,26.0,0.021,0.09,17.4,8.7,excellent,,,Keep weekly testing and regular water changes.,low,6.0,8.0,15.0,28.0,0.25,0.75,50.0,4.0
1968,1010,Plant,Hornwort,Ceratophyllum demersum,Low,7.71,17.2,0.018,0.014,13.8,11.4,excellent,,,Keep weekly testing and regular water changes.,low,6.0,8.0,15.0,28.0,0.25,0.75,50.0,4.0
1969,1010,Plant,Hornwort,Ceratophyllum demersum,Low,7.29,23.0,0.014,0.14,12.7,7.9,excellent,,,Keep weekly testing and regular water changes.,low,6.0,8.0,15.0,28.0,0.25,0.75,50.0,4.0
1970,1010,Plant,Hornwort,Ceratophyllum demersum,Low,7.96,20.5,0.134,0.018,35.2,6.1,good,,,Keep weekly testing and regular water changes.,low,6.0,8.0,15.0,28.0,0.25,0.75,50.0,4.0
1971,1010,Plant,Hornwort,Ceratophyllum demersum,Low,6.97,27.3,0.098,0.323,43.3,5.6,good,,,Keep weekly testing and regular water changes.,low,6.0,8.0,15.0,28.0,0.25,0.75,50.0,4.0
1972,1010,Plant,Hornwort,Ceratophyllum demersum,Low,7.06,22.5,0.174,0.453,37.5,5.3,good,,,Keep weekly testing and regular water changes.,low,6.0,8.0,15.0,28.0,0.25,0.75,50.0,4.0
1973,1010,Plant,Hornwort,Ceratophyllum demersum,Low,8.18,19.3,0.009,0.145,9.5,7.7,watch,pH,pH,Correct pH slowly with small water changes only. Move no more than 0.2 pH per day.,high,6.0,8.0,15.0,28.0,0.25,0.75,50.0,4.0
1974,1010,Plant,Hornwort,Ceratophyllum demersum,Low,6.14,13.5,0.006,0.064,16.9,8.2,watch,Temperature,Temperature,Adjust the heater 1°C at a time. Increase surface movement if the tank is hot.,high,6.0,8.0,15.0,28.0,0.25,0.75,50.0,4.0
1975,1010,Plant,Hornwort,Ceratophyllum demersum,Low,7.18,12.7,0.022,0.058,11.2,8.5,watch,Temperature,Temperature,Adjust the heater 1°C at a time. Increase surface movement if the tank is hot.,high,6.0,8.0,15.0,28.0,0.25,0.75,50.0,4.0
1976,1010,Plant,Hornwort,Ceratophyllum demersum,Low,8.52,25.8,0.0,0.113,13.9,7.0,watch,pH,pH,Correct pH slowly with small water changes only. Move no more than 0.2 pH per day.,high,6.0,8.0,15.0,28.0,0.25,0.75,50.0,4.0
1977,1010,Plant,Hornwort,Ceratophyllum demersum,Low,7.51,17.3,0.511,7.291,106.5,7.3,critical,"Ammonia, Nitrite, Nitrate",Ammonia,Do a 40–50% water change with dechlorinated water. Pause feeding 24 hours and add beneficial bacteria.,critical,6.0,8.0,15.0,28.0,0.25,0.75,50.0,4.0
1978,1010,Plant,Hornwort,Ceratophyllum demersum,Low,7.51,25.9,1.591,6.173,17.8,9.8,critical,"Ammonia, Nitrite",Ammonia,Do a 40–50% water change with dechlorinated water. Pause feeding 24 hours and add beneficial bacteria.,critical,6.0,8.0,15.0,28.0,0.25,0.75,50.0,4.0
1979,1010,Plant,Hornwort,Ceratophyllum demersum,Low,6.31,17.6,1.771,5.319,14.4,11.1,critical,"Ammonia, Nitrite",Ammonia,Do a 40–50% water change with dechlorinated water. Pause feeding 24 hours and add beneficial bacteria.,critical,6.0,8.0,15.0,28.0,0.25,0.75,50.0,4.0
1980,1010,Plant,Hornwort,Ceratophyllum demersum,Low,9.07,35.2,0.002,0.096,13.5,8.6,critical,"pH, Temperature",pH,Correct pH slowly with small water changes only. Move no more than 0.2 pH per day.,critical,6.0,8.0,15.0,28.0,0.25,0.75,50.0,4.0
1981,1011,Plant,Water Wisteria,Hygrophila difformis,Low,7.28,26.1,0.011,0.099,8.7,7.5,excellent,,,Keep weekly testing and regular water changes.,low,6.0,7.5,22.0,28.0,0.25,0.75,50.0,4.0
1982,1011,Plant,Water Wisteria,Hygrophila difformis,Low,7.04,23.2,0.014,0.135,15.8,11.2,excellent,,,Keep weekly testing and regular water changes.,low,6.0,7.5,22.0,28.0,0.25,0.75,50.0,4.0
1983,1011,Plant,Water Wisteria,Hygrophila difformis,Low,7.26,24.1,0.032,0.057,15.4,8.3,excellent,,,Keep weekly testing and regular water changes.,low,6.0,7.5,22.0,28.0,0.25,0.75,50.0,4.0
1984,1011,Plant,Water Wisteria,Hygrophila difformis,Low,6.08,23.1,0.039,0.013,14.2,10.9,excellent,,,Keep weekly testing and regular water changes.,low,6.0,7.5,22.0,28.0,0.25,0.75,50.0,4.0
1985,1011,Plant,Water Wisteria,Hygrophila difformis,Low,7.1,24.5,0.114,0.484,41.0,5.1,good,,,Keep weekly testing and regular water changes.,low,6.0,7.5,22.0,28.0,0.25,0.75,50.0,4.0
1986,1011,Plant,Water Wisteria,Hygrophila difformis,Low,7.4,23.4,0.143,0.057,34.4,5.1,good,,,Keep weekly testing and regular water changes.,low,6.0,7.5,22.0,28.0,0.25,0.75,50.0,4.0
1987,1011,Plant,Water Wisteria,Hygrophila difformis,Low,7.04,24.1,0.174,0.423,45.7,4.3,good,,,Keep weekly testing and regular water changes.,low,6.0,7.5,22.0,28.0,0.25,0.75,50.0,4.0
1988,1011,Plant,Water Wisteria,Hygrophila difformis,Low,7.12,23.3,0.259,0.056,15.5,7.6,watch,Ammonia,Ammonia,Do a 40–50% water change with dechlorinated water. Pause feeding 24 hours and add beneficial bacteria.,critical,6.0,7.5,22.0,28.0,0.25,0.75,50.0,4.0
1989,1011,Plant,Water Wisteria,Hygrophila difformis,Low,6.31,20.0,0.017,0.106,15.2,9.7,watch,Temperature,Temperature,Adjust the heater 1°C at a time. Increase surface movement if the tank is hot.,high,6.0,7.5,22.0,28.0,0.25,0.75,50.0,4.0
1990,1011,Plant,Water Wisteria,Hygrophila difformis,Low,7.14,20.7,0.004,0.086,16.0,7.6,watch,Temperature,Temperature,Adjust the heater 1°C at a time. Increase surface movement if the tank is hot.,high,6.0,7.5,22.0,28.0,0.25,0.75,50.0,4.0
1991,1011,Plant,Water Wisteria,Hygrophila difformis,Low,5.58,24.4,0.033,0.092,14.9,7.8,watch,pH,pH,Correct pH slowly with small water changes only. Move no more than 0.2 pH per day.,high,6.0,7.5,22.0,28.0,0.25,0.75,50.0,4.0
1992,1011,Plant,Water Wisteria,Hygrophila difformis,Low,6.97,23.2,0.683,1.921,76.8,8.2,critical,"Ammonia, Nitrite, Nitrate",Ammonia,Do a 40–50% water change with dechlorinated water. Pause feeding 24 hours and add beneficial bacteria.,critical,6.0,7.5,22.0,28.0,0.25,0.75,50.0,4.0
1993,1011,Plant,Water Wisteria,Hygrophila difformis,Low,7.15,24.8,1.874,6.05,12.7,10.5,critical,"Ammonia, Nitrite",Ammonia,Do a 40–50% water change with dechlorinated water. Pause feeding 24 hours and add beneficial bacteria.,critical,6.0,7.5,22.0,28.0,0.25,0.75,50.0,4.0
1994,1011,Plant,Water Wisteria,Hygrophila difformis,Low,6.45,25.0,1.26,5.977,113.8,8.1,critical,"Ammonia, Nitrite, Nitrate",Ammonia,Do a 40–50% water change with dechlorinated water. Pause feeding 24 hours and add beneficial bacteria.,critical,6.0,7.5,22.0,28.0,0.25,0.75,50.0,4.0
1995,1011,Plant,Water Wisteria,Hygrophila difformis,Low,7.28,23.9,2.074,4.775,10.1,8.9,critical,"Ammonia, Nitrite",Ammonia,Do a 40–50% water change with dechlorinated water. Pause feeding 24 hours and add beneficial bacteria.,critical,6.0,7.5,22.0,28.0,0.25,0.75,50.0,4.0
1996,1012,Plant,Dwarf Hairgrass,Eleocharis acicularis,High,7.32,22.9,0.018,0.031,10.0,10.6,excellent,,,Keep weekly testing and regular water changes.,low,6.0,7.5,18.0,28.0,0.1,0.25,25.0,5.0
1997,1012,Plant,Dwarf Hairgrass,Eleocharis acicularis,High,6.17,24.1,0.018,0.048,12.4,10.0,excellent,,,Keep weekly testing and regular water changes.,low,6.0,7.5,18.0,28.0,0.1,0.25,25.0,5.0
1998,1012,Plant,Dwarf Hairgrass,Eleocharis acicularis,High,6.93,23.5,0.012,0.031,5.1,7.4,excellent,,,Keep weekly testing and regular water changes.,low,6.0,7.5,18.0,28.0,0.1,0.25,25.0,5.0
1999,1012,Plant,Dwarf Hairgrass,Eleocharis acicularis,High,6.91,21.4,0.006,0.01,11.0,11.4,excellent,,,Keep weekly testing and regular water changes.,low,6.0,7.5,18.0,28.0,0.1,0.25,25.0,5.0
2000,1012,Plant,Dwarf Hairgrass,Eleocharis acicularis,High,6.94,27.3,0.079,0.038,17.4,5.6,good,,,Keep weekly testing and regular water changes.,low,6.0,7.5,18.0,28.0,0.1,0.25,25.0,5.0
2001,1012,Plant,Dwarf Hairgrass,Eleocharis acicularis,High,6.16,23.8,0.049,0.16,20.9,5.8,good,,,Keep weekly testing and regular water changes.,low,6.0,7.5,18.0,28.0,0.1,0.25,25.0,5.0
2002,1012,Plant,Dwarf Hairgrass,Eleocharis acicularis,High,7.46,27.4,0.074,0.139,23.6,6.3,good,,,Keep weekly testing and regular water changes.,low,6.0,7.5,18.0,28.0,0.1,0.25,25.0,5.0
2003,1012,Plant,Dwarf Hairgrass,Eleocharis acicularis,High,7.26,29.4,0.011,0.025,5.1,7.4,watch,Temperature,Temperature,Adjust the heater 1°C at a time. Increase surface movement if the tank is hot.,high,6.0,7.5,18.0,28.0,0.1,0.25,25.0,5.0
2004,1012,Plant,Dwarf Hairgrass,Eleocharis acicularis,High,7.99,22.3,0.016,0.031,10.1,7.1,watch,pH,pH,Correct pH slowly with small water changes only. Move no more than 0.2 pH per day.,high,6.0,7.5,18.0,28.0,0.1,0.25,25.0,5.0
2005,1012,Plant,Dwarf Hairgrass,Eleocharis acicularis,High,6.28,29.9,0.01,0.046,12.6,10.6,watch,Temperature,Temperature,Adjust the heater 1°C at a time. Increase surface movement if the tank is hot.,high,6.0,7.5,18.0,28.0,0.1,0.25,25.0,5.0
2006,1012,Plant,Dwarf Hairgrass,Eleocharis acicularis,High,6.97,19.9,0.005,0.049,30.7,8.5,watch,Nitrate,Nitrate,"Do a 25–40% water change, vacuum the substrate, and add fast-growing plants.",medium,6.0,7.5,18.0,28.0,0.1,0.25,25.0,5.0
2007,1012,Plant,Dwarf Hairgrass,Eleocharis acicularis,High,6.39,22.9,0.765,6.053,67.8,7.5,critical,"Ammonia, Nitrite, Nitrate",Ammonia,Do a 40–50% water change with dechlorinated water. Pause feeding 24 hours and add beneficial bacteria.,critical,6.0,7.5,18.0,28.0,0.1,0.25,25.0,5.0
2008,1012,Plant,Dwarf Hairgrass,Eleocharis acicularis,High,4.7,37.6,0.006,0.037,7.0,10.0,critical,"pH, Temperature",pH,Correct pH slowly with small water changes only. Move no more than 0.2 pH per day.,critical,6.0,7.5,18.0,28.0,0.1,0.25,25.0,5.0
2009,1012,Plant,Dwarf Hairgrass,Eleocharis acicularis,High,6.26,24.4,1.312,6.651,80.8,10.4,critical,"Ammonia, Nitrite, Nitrate",Ammonia,Do a 40–50% water change with dechlorinated water. Pause feeding 24 hours and add beneficial bacteria.,critical,6.0,7.5,18.0,28.0,0.1,0.25,25.0,5.0
2010,1012,Plant,Dwarf Hairgrass,Eleocharis acicularis,High,7.27,26.1,0.6,0.027,10.5,1.4,critical,"Ammonia, DissolvedO2",Ammonia,Do a 40–50% water change with dechlorinated water. Pause feeding 24 hours and add beneficial bacteria.,critical,6.0,7.5,18.0,28.0,0.1,0.25,25.0,5.0
2011,1013,Plant,Rotala Rotundifolia,Rotala rotundifolia,Medium,6.52,24.2,0.012,0.082,7.7,8.3,excellent,,,Keep weekly testing and regular water changes.,low,6.0,7.5,22.0,28.0,0.2,0.5,50.0,4.0
2012,1013,Plant,Rotala Rotundifolia,Rotala rotundifolia,Medium,7.03,24.6,0.006,0.061,13.3,11.5,excellent,,,Keep weekly testing and regular water changes.,low,6.0,7.5,22.0,28.0,0.2,0.5,50.0,4.0
2013,1013,Plant,Rotala Rotundifolia,Rotala rotundifolia,Medium,7.08,27.3,0.007,0.076,13.7,10.1,excellent,,,Keep weekly testing and regular water changes.,low,6.0,7.5,22.0,28.0,0.2,0.5,50.0,4.0
2014,1013,Plant,Rotala Rotundifolia,Rotala rotundifolia,Medium,6.71,23.6,0.002,0.084,16.7,7.3,excellent,,,Keep weekly testing and regular water changes.,low,6.0,7.5,22.0,28.0,0.2,0.5,50.0,4.0
2015,1013,Plant,Rotala Rotundifolia,Rotala rotundifolia,Medium,6.96,26.4,0.126,0.111,45.7,5.7,good,,,Keep weekly testing and regular water changes.,low,6.0,7.5,22.0,28.0,0.2,0.5,50.0,4.0
2016,1013,Plant,Rotala Rotundifolia,Rotala rotundifolia,Medium,7.07,25.9,0.142,0.051,46.3,4.9,good,,,Keep weekly testing and regular water changes.,low,6.0,7.5,22.0,28.0,0.2,0.5,50.0,4.0
2017,1013,Plant,Rotala Rotundifolia,Rotala rotundifolia,Medium,7.24,27.2,0.135,0.209,34.1,5.2,good,,,Keep weekly testing and regular water changes.,low,6.0,7.5,22.0,28.0,0.2,0.5,50.0,4.0
2018,1013,Plant,Rotala Rotundifolia,Rotala rotundifolia,Medium,6.9,23.0,0.004,0.099,60.1,8.3,watch,Nitrate,Nitrate,"Do a 25–40% water change, vacuum the substrate, and add fast-growing plants.",medium,6.0,7.5,22.0,28.0,0.2,0.5,50.0,4.0
2019,1013,Plant,Rotala Rotundifolia,Rotala rotundifolia,Medium,5.56,26.4,0.02,0.002,12.8,6.8,watch,pH,pH,Correct pH slowly with small water changes only. Move no more than 0.2 pH per day.,high,6.0,7.5,22.0,28.0,0.2,0.5,50.0,4.0
2020,1013,Plant,Rotala Rotundifolia,Rotala rotundifolia,Medium,6.23,21.0,0.018,0.02,13.5,8.8,watch,Temperature,Temperature,Adjust the heater 1°C at a time. Increase surface movement if the tank is hot.,high,6.0,7.5,22.0,28.0,0.2,0.5,50.0,4.0
2021,1013,Plant,Rotala Rotundifolia,Rotala rotundifolia,Medium,6.85,26.1,0.233,0.064,17.3,10.5,watch,Ammonia,Ammonia,Do a 40–50% water change with dechlorinated water. Pause feeding 24 hours and add beneficial bacteria.,critical,6.0,7.5,22.0,28.0,0.2,0.5,50.0,4.0
2022,1013,Plant,Rotala Rotundifolia,Rotala rotundifolia,Medium,7.05,24.5,1.829,3.244,14.0,10.4,critical,"Ammonia, Nitrite",Ammonia,Do a 40–50% water change with dechlorinated water. Pause feeding 24 hours and add beneficial bacteria.,critical,6.0,7.5,22.0,28.0,0.2,0.5,50.0,4.0
2023,1013,Plant,Rotala Rotundifolia,Rotala rotundifolia,Medium,7.05,23.6,1.366,4.002,104.9,10.7,critical,"Ammonia, Nitrite, Nitrate",Ammonia,Do a 40–50% water change with dechlorinated water. Pause feeding 24 hours and add beneficial bacteria.,critical,6.0,7.5,22.0,28.0,0.2,0.5,50.0,4.0
2024,1013,Plant,Rotala Rotundifolia,Rotala rotundifolia,Medium,4.78,12.7,0.001,0.02,7.5,8.2,critical,"pH, Temperature",pH,Correct pH slowly with small water changes only. Move no more than 0.2 pH per day.,critical,6.0,7.5,22.0,28.0,0.2,0.5,50.0,4.0
2025,1013,Plant,Rotala Rotundifolia,Rotala rotundifolia,Medium,6.33,25.8,0.471,3.169,123.3,6.7,critical,"Ammonia, Nitrite, Nitrate",Ammonia,Do a 40–50% water change with dechlorinated water. Pause feeding 24 hours and add beneficial bacteria.,critical,6.0,7.5,22.0,28.0,0.2,0.5,50.0,4.0
2026,1014,Plant,Ludwigia Repens,Ludwigia repens,Medium,7.05,24.8,0.007,0.074,13.4,7.1,excellent,,,Keep weekly testing and regular water changes.,low,6.0,7.5,20.0,28.0,0.2,0.5,50.0,4.0
2027,1014,Plant,Ludwigia Repens,Ludwigia repens,Medium,7.35,23.9,0.03,0.022,8.8,10.3,excellent,,,Keep weekly testing and regular water changes.,low,6.0,7.5,20.0,28.0,0.2,0.5,50.0,4.0
2028,1014,Plant,Ludwigia Repens,Ludwigia repens,Medium,6.98,22.5,0.03,0.05,11.3,10.5,excellent,,,Keep weekly testing and regular water changes.,low,6.0,7.5,20.0,28.0,0.2,0.5,50.0,4.0
2029,1014,Plant,Ludwigia Repens,Ludwigia repens,Medium,6.91,24.0,0.031,0.054,18.2,10.7,excellent,,,Keep weekly testing and regular water changes.,low,6.0,7.5,20.0,28.0,0.2,0.5,50.0,4.0
2030,1014,Plant,Ludwigia Repens,Ludwigia repens,Medium,6.54,23.7,0.166,0.313,35.4,4.8,good,,,Keep weekly testing and regular water changes.,low,6.0,7.5,20.0,28.0,0.2,0.5,50.0,4.0
2031,1014,Plant,Ludwigia Repens,Ludwigia repens,Medium,6.55,26.9,0.163,0.281,36.6,6.2,good,,,Keep weekly testing and regular water changes.,low,6.0,7.5,20.0,28.0,0.2,0.5,50.0,4.0
2032,1014,Plant,Ludwigia Repens,Ludwigia repens,Medium,6.07,23.4,0.108,0.187,40.9,4.7,good,,,Keep weekly testing and regular water changes.,low,6.0,7.5,20.0,28.0,0.2,0.5,50.0,4.0
2033,1014,Plant,Ludwigia Repens,Ludwigia repens,Medium,6.35,26.1,0.003,0.049,60.8,8.1,watch,Nitrate,Nitrate,"Do a 25–40% water change, vacuum the substrate, and add fast-growing plants.",medium,6.0,7.5,20.0,28.0,0.2,0.5,50.0,4.0
2034,1014,Plant,Ludwigia Repens,Ludwigia repens,Medium,5.53,22.6,0.033,0.009,16.2,7.8,watch,pH,pH,Correct pH slowly with small water changes only. Move no more than 0.2 pH per day.,high,6.0,7.5,20.0,28.0,0.2,0.5,50.0,4.0
2035,1014,Plant,Ludwigia Repens,Ludwigia repens,Medium,8.0,24.4,0.025,0.058,16.7,7.1,watch,pH,pH,Correct pH slowly with small water changes only. Move no more than 0.2 pH per day.,high,6.0,7.5,20.0,28.0,0.2,0.5,50.0,4.0
2036,1014,Plant,Ludwigia Repens,Ludwigia repens,Medium,7.27,30.5,0.022,0.076,16.3,11.0,watch,Temperature,Temperature,Adjust the heater 1°C at a time. Increase surface movement if the tank is hot.,high,6.0,7.5,20.0,28.0,0.2,0.5,50.0,4.0
2037,1014,Plant,Ludwigia Repens,Ludwigia repens,Medium,4.94,12.3,0.019,0.012,16.8,9.6,critical,"pH, Temperature",pH,Correct pH slowly with small water changes only. Move no more than 0.2 pH per day.,critical,6.0,7.5,20.0,28.0,0.2,0.5,50.0,4.0
2038,1014,Plant,Ludwigia Repens,Ludwigia repens,Medium,6.77,20.6,1.2,0.001,18.0,2.0,critical,"Ammonia, DissolvedO2",Ammonia,Do a 40–50% water change with dechlorinated water. Pause feeding 24 hours and add beneficial bacteria.,critical,6.0,7.5,20.0,28.0,0.2,0.5,50.0,4.0
2039,1014,Plant,Ludwigia Repens,Ludwigia repens,Medium,6.1,21.3,1.088,4.092,18.2,9.2,critical,"Ammonia, Nitrite",Ammonia,Do a 40–50% water change with dechlorinated water. Pause feeding 24 hours and add beneficial bacteria.,critical,6.0,7.5,20.0,28.0,0.2,0.5,50.0,4.0
2040,1014,Plant,Ludwigia Repens,Ludwigia repens,Medium,10.25,14.3,0.019,0.077,17.1,7.0,critical,"pH, Temperature",pH,Correct pH slowly with small water changes only. Move no more than 0.2 pH per day.,critical,6.0,7.5,20.0,28.0,0.2,0.5,50.0,4.0
2041,1015,Plant,Bacopa Monnieri,Bacopa monnieri,Low,6.39,26.7,0.02,0.089,11.0,9.2,excellent,,,Keep weekly testing and regular water changes.,low,6.0,7.5,20.0,28.0,0.25,0.75,45.0,4.0
2042,1015,Plant,Bacopa Monnieri,Bacopa monnieri,Low,6.15,21.0,0.021,0.05,14.4,6.7,excellent,,,Keep weekly testing and regular water changes.,low,6.0,7.5,20.0,28.0,0.25,0.75,45.0,4.0
2043,1015,Plant,Bacopa Monnieri,Bacopa monnieri,Low,6.3,22.0,0.022,0.037,8.8,9.5,excellent,,,Keep weekly testing and regular water changes.,low,6.0,7.5,20.0,28.0,0.25,0.75,45.0,4.0
2044,1015,Plant,Bacopa Monnieri,Bacopa monnieri,Low,7.08,25.3,0.014,0.128,14.4,9.6,excellent,,,Keep weekly testing and regular water changes.,low,6.0,7.5,20.0,28.0,0.25,0.75,45.0,4.0
2045,1015,Plant,Bacopa Monnieri,Bacopa monnieri,Low,6.33,22.0,0.147,0.125,38.5,4.9,good,,,Keep weekly testing and regular water changes.,low,6.0,7.5,20.0,28.0,0.25,0.75,45.0,4.0
2046,1015,Plant,Bacopa Monnieri,Bacopa monnieri,Low,6.24,21.3,0.103,0.231,29.3,5.4,good,,,Keep weekly testing and regular water changes.,low,6.0,7.5,20.0,28.0,0.25,0.75,45.0,4.0
2047,1015,Plant,Bacopa Monnieri,Bacopa monnieri,Low,6.46,24.4,0.204,0.456,37.0,5.2,good,,,Keep weekly testing and regular water changes.,low,6.0,7.5,20.0,28.0,0.25,0.75,45.0,4.0
2048,1015,Plant,Bacopa Monnieri,Bacopa monnieri,Low,5.82,26.9,0.024,0.015,16.2,6.6,watch,pH,pH,Correct pH slowly with small water changes only. Move no more than 0.2 pH per day.,high,6.0,7.5,20.0,28.0,0.25,0.75,45.0,4.0
2049,1015,Plant,Bacopa Monnieri,Bacopa monnieri,Low,6.22,25.9,0.034,0.084,53.0,10.8,watch,Nitrate,Nitrate,"Do a 25–40% water change, vacuum the substrate, and add fast-growing plants.",medium,6.0,7.5,20.0,28.0,0.25,0.75,45.0,4.0
2050,1015,Plant,Bacopa Monnieri,Bacopa monnieri,Low,5.81,23.0,0.009,0.127,12.1,11.0,watch,pH,pH,Correct pH slowly with small water changes only. Move no more than 0.2 pH per day.,high,6.0,7.5,20.0,28.0,0.25,0.75,45.0,4.0
2051,1015,Plant,Bacopa Monnieri,Bacopa monnieri,Low,7.79,24.7,0.042,0.06,8.3,8.4,watch,pH,pH,Correct pH slowly with small water changes only. Move no more than 0.2 pH per day.,high,6.0,7.5,20.0,28.0,0.25,0.75,45.0,4.0
2052,1015,Plant,Bacopa Monnieri,Bacopa monnieri,Low,4.88,34.1,0.005,0.063,14.7,7.8,critical,"pH, Temperature",pH,Correct pH slowly with small water changes only. Move no more than 0.2 pH per day.,critical,6.0,7.5,20.0,28.0,0.25,0.75,45.0,4.0
2053,1015,Plant,Bacopa Monnieri,Bacopa monnieri,Low,6.41,26.2,1.006,2.55,75.8,8.5,critical,"Ammonia, Nitrite, Nitrate",Ammonia,Do a 40–50% water change with dechlorinated water. Pause feeding 24 hours and add beneficial bacteria.,critical,6.0,7.5,20.0,28.0,0.25,0.75,45.0,4.0
2054,1015,Plant,Bacopa Monnieri,Bacopa monnieri,Low,6.71,26.1,1.5,0.062,10.7,1.5,critical,"Ammonia, DissolvedO2",Ammonia,Do a 40–50% water change with dechlorinated water. Pause feeding 24 hours and add beneficial bacteria.,critical,6.0,7.5,20.0,28.0,0.25,0.75,45.0,4.0
2055,1015,Plant,Bacopa Monnieri,Bacopa monnieri,Low,7.29,20.8,0.979,4.678,120.4,7.6,critical,"Ammonia, Nitrite, Nitrate",Ammonia,Do a 40–50% water change with dechlorinated water. Pause feeding 24 hours and add beneficial bacteria.,critical,6.0,7.5,20.0,28.0,0.25,0.75,45.0,4.0
2056,1016,Plant,Hygrophila Polysperma,Hygrophila polysperma,Low,6.32,26.4,0.022,0.002,12.9,10.6,excellent,,,Keep weekly testing and regular water changes.,low,6.0,7.5,22.0,28.0,0.25,0.75,50.0,4.0
2057,1016,Plant,Hygrophila Polysperma,Hygrophila polysperma,Low,6.66,26.2,0.035,0.069,11.0,10.2,excellent,,,Keep weekly testing and regular water changes.,low,6.0,7.5,22.0,28.0,0.25,0.75,50.0,4.0
2058,1016,Plant,Hygrophila Polysperma,Hygrophila polysperma,Low,6.57,23.4,0.016,0.132,10.5,7.7,excellent,,,Keep weekly testing and regular water changes.,low,6.0,7.5,22.0,28.0,0.25,0.75,50.0,4.0
2059,1016,Plant,Hygrophila Polysperma,Hygrophila polysperma,Low,6.26,22.9,0.049,0.081,15.7,10.4,excellent,,,Keep weekly testing and regular water changes.,low,6.0,7.5,22.0,28.0,0.25,0.75,50.0,4.0
2060,1016,Plant,Hygrophila Polysperma,Hygrophila polysperma,Low,6.53,26.7,0.208,0.389,43.2,5.2,good,,,Keep weekly testing and regular water changes.,low,6.0,7.5,22.0,28.0,0.25,0.75,50.0,4.0
2061,1016,Plant,Hygrophila Polysperma,Hygrophila polysperma,Low,7.25,22.7,0.181,0.19,41.0,6.3,good,,,Keep weekly testing and regular water changes.,low,6.0,7.5,22.0,28.0,0.25,0.75,50.0,4.0
2062,1016,Plant,Hygrophila Polysperma,Hygrophila polysperma,Low,6.9,22.3,0.178,0.488,42.1,6.2,good,,,Keep weekly testing and regular water changes.,low,6.0,7.5,22.0,28.0,0.25,0.75,50.0,4.0
2063,1016,Plant,Hygrophila Polysperma,Hygrophila polysperma,Low,7.72,26.7,0.017,0.071,17.1,11.1,watch,pH,pH,Correct pH slowly with small water changes only. Move no more than 0.2 pH per day.,high,6.0,7.5,22.0,28.0,0.25,0.75,50.0,4.0
2064,1016,Plant,Hygrophila Polysperma,Hygrophila polysperma,Low,7.99,26.3,0.044,0.087,8.5,8.0,watch,pH,pH,Correct pH slowly with small water changes only. Move no more than 0.2 pH per day.,high,6.0,7.5,22.0,28.0,0.25,0.75,50.0,4.0
2065,1016,Plant,Hygrophila Polysperma,Hygrophila polysperma,Low,6.55,23.1,0.284,0.121,13.0,7.4,watch,Ammonia,Ammonia,Do a 40–50% water change with dechlorinated water. Pause feeding 24 hours and add beneficial bacteria.,critical,6.0,7.5,22.0,28.0,0.25,0.75,50.0,4.0
2066,1016,Plant,Hygrophila Polysperma,Hygrophila polysperma,Low,5.7,24.7,0.008,0.046,16.7,10.5,watch,pH,pH,Correct pH slowly with small water changes only. Move no more than 0.2 pH per day.,high,6.0,7.5,22.0,28.0,0.25,0.75,50.0,4.0
2067,1016,Plant,Hygrophila Polysperma,Hygrophila polysperma,Low,7.28,24.4,1.943,5.739,11.3,10.9,critical,"Ammonia, Nitrite",Ammonia,Do a 40–50% water change with dechlorinated water. Pause feeding 24 hours and add beneficial bacteria.,critical,6.0,7.5,22.0,28.0,0.25,0.75,50.0,4.0
2068,1016,Plant,Hygrophila Polysperma,Hygrophila polysperma,Low,7.17,26.0,0.414,6.753,101.1,9.5,critical,"Ammonia, Nitrite, Nitrate",Ammonia,Do a 40–50% water change with dechlorinated water. Pause feeding 24 hours and add beneficial bacteria.,critical,6.0,7.5,22.0,28.0,0.25,0.75,50.0,4.0
2069,1016,Plant,Hygrophila Polysperma,Hygrophila polysperma,Low,6.37,26.7,0.32,3.649,120.2,8.5,critical,"Ammonia, Nitrite, Nitrate",Ammonia,Do a 40–50% water change with dechlorinated water. Pause feeding 24 hours and add beneficial bacteria.,critical,6.0,7.5,22.0,28.0,0.25,0.75,50.0,4.0
2070,1016,Plant,Hygrophila Polysperma,Hygrophila polysperma,Low,6.77,25.4,1.216,7.37,121.7,9.9,critical,"Ammonia, Nitrite, Nitrate",Ammonia,Do a 40–50% water change with dechlorinated water. Pause feeding 24 hours and add beneficial bacteria.,critical,6.0,7.5,22.0,28.0,0.25,0.75,50.0,4.0
2071,1017,Plant,Ambulia (Limnophila),Limnophila sessiliflora,Low,6.77,24.4,0.043,0.13,16.6,10.7,excellent,,,Keep weekly testing and regular water changes.,low,6.0,7.5,20.0,28.0,0.25,0.75,50.0,4.0
2072,1017,Plant,Ambulia (Limnophila),Limnophila sessiliflora,Low,7.26,21.4,0.015,0.146,13.6,7.4,excellent,,,Keep weekly testing and regular water changes.,low,6.0,7.5,20.0,28.0,0.25,0.75,50.0,4.0
2073,1017,Plant,Ambulia (Limnophila),Limnophila sessiliflora,Low,6.75,25.0,0.041,0.122,7.8,8.8,excellent,,,Keep weekly testing and regular water changes.,low,6.0,7.5,20.0,28.0,0.25,0.75,50.0,4.0
2074,1017,Plant,Ambulia (Limnophila),Limnophila sessiliflora,Low,6.11,26.6,0.009,0.094,13.9,9.7,excellent,,,Keep weekly testing and regular water changes.,low,6.0,7.5,20.0,28.0,0.25,0.75,50.0,4.0
2075,1017,Plant,Ambulia (Limnophila),Limnophila sessiliflora,Low,6.84,25.7,0.166,0.047,38.0,5.5,good,,,Keep weekly testing and regular water changes.,low,6.0,7.5,20.0,28.0,0.25,0.75,50.0,4.0
2076,1017,Plant,Ambulia (Limnophila),Limnophila sessiliflora,Low,6.49,26.0,0.127,0.435,34.7,6.0,good,,,Keep weekly testing and regular water changes.,low,6.0,7.5,20.0,28.0,0.25,0.75,50.0,4.0
2077,1017,Plant,Ambulia (Limnophila),Limnophila sessiliflora,Low,6.29,24.2,0.128,0.335,35.7,6.0,good,,,Keep weekly testing and regular water changes.,low,6.0,7.5,20.0,28.0,0.25,0.75,50.0,4.0
2078,1017,Plant,Ambulia (Limnophila),Limnophila sessiliflora,Low,5.71,27.1,0.036,0.091,16.9,7.6,watch,pH,pH,Correct pH slowly with small water changes only. Move no more than 0.2 pH per day.,high,6.0,7.5,20.0,28.0,0.25,0.75,50.0,4.0
2079,1017,Plant,Ambulia (Limnophila),Limnophila sessiliflora,Low,7.08,18.4,0.021,0.098,12.6,7.7,watch,Temperature,Temperature,Adjust the heater 1°C at a time. Increase surface movement if the tank is hot.,high,6.0,7.5,20.0,28.0,0.25,0.75,50.0,4.0
2080,1017,Plant,Ambulia (Limnophila),Limnophila sessiliflora,Low,7.22,22.0,0.257,0.149,17.9,6.7,watch,Ammonia,Ammonia,Do a 40–50% water change with dechlorinated water. Pause feeding 24 hours and add beneficial bacteria.,critical,6.0,7.5,20.0,28.0,0.25,0.75,50.0,4.0
2081,1017,Plant,Ambulia (Limnophila),Limnophila sessiliflora,Low,7.32,17.8,0.021,0.041,13.9,7.2,watch,Temperature,Temperature,Adjust the heater 1°C at a time. Increase surface movement if the tank is hot.,high,6.0,7.5,20.0,28.0,0.25,0.75,50.0,4.0
2082,1017,Plant,Ambulia (Limnophila),Limnophila sessiliflora,Low,10.11,14.0,0.042,0.028,9.2,8.6,critical,"pH, Temperature",pH,Correct pH slowly with small water changes only. Move no more than 0.2 pH per day.,critical,6.0,7.5,20.0,28.0,0.25,0.75,50.0,4.0
2083,1017,Plant,Ambulia (Limnophila),Limnophila sessiliflora,Low,6.16,22.3,1.5,0.062,13.8,1.4,critical,"Ammonia, DissolvedO2",Ammonia,Do a 40–50% water change with dechlorinated water. Pause feeding 24 hours and add beneficial bacteria.,critical,6.0,7.5,20.0,28.0,0.25,0.75,50.0,4.0
2084,1017,Plant,Ambulia (Limnophila),Limnophila sessiliflora,Low,10.37,34.1,0.005,0.143,18.4,8.1,critical,"pH, Temperature",pH,Correct pH slowly with small water changes only. Move no more than 0.2 pH per day.,critical,6.0,7.5,20.0,28.0,0.25,0.75,50.0,4.0
2085,1017,Plant,Ambulia (Limnophila),Limnophila sessiliflora,Low,7.15,22.8,1.5,0.094,8.9,1.6,critical,"Ammonia, DissolvedO2",Ammonia,Do a 40–50% water change with dechlorinated water. Pause feeding 24 hours and add beneficial bacteria.,critical,6.0,7.5,20.0,28.0,0.25,0.75,50.0,4.0
2086,1018,Plant,Duckweed,Lemna minor,Low,7.19,20.7,0.03,0.029,10.5,9.8,excellent,,,Keep weekly testing and regular water changes.,low,5.0,8.0,15.0,30.0,0.3,0.75,60.0,3.5
2087,1018,Plant,Duckweed,Lemna minor,Low,5.39,24.8,0.024,0.101,13.0,10.8,excellent,,,Keep weekly testing and regular water changes.,low,5.0,8.0,15.0,30.0,0.3,0.75,60.0,3.5
2088,1018,Plant,Duckweed,Lemna minor,Low,5.24,27.9,0.016,0.006,15.3,7.6,excellent,,,Keep weekly testing and regular water changes.,low,5.0,8.0,15.0,30.0,0.3,0.75,60.0,3.5
2089,1018,Plant,Duckweed,Lemna minor,Low,6.38,26.7,0.047,0.09,20.7,8.9,excellent,,,Keep weekly testing and regular water changes.,low,5.0,8.0,15.0,30.0,0.3,0.75,60.0,3.5
2090,1018,Plant,Duckweed,Lemna minor,Low,5.14,27.2,0.138,0.093,40.3,4.6,good,,,Keep weekly testing and regular water changes.,low,5.0,8.0,15.0,30.0,0.3,0.75,60.0,3.5
2091,1018,Plant,Duckweed,Lemna minor,Low,5.99,19.6,0.194,0.395,55.9,4.0,good,,,Keep weekly testing and regular water changes.,low,5.0,8.0,15.0,30.0,0.3,0.75,60.0,3.5
2092,1018,Plant,Duckweed,Lemna minor,Low,5.47,23.8,0.12,0.195,50.2,5.9,good,,,Keep weekly testing and regular water changes.,low,5.0,8.0,15.0,30.0,0.3,0.75,60.0,3.5
2093,1018,Plant,Duckweed,Lemna minor,Low,5.7,31.3,0.039,0.129,12.1,10.3,watch,Temperature,Temperature,Adjust the heater 1°C at a time. Increase surface movement if the tank is hot.,high,5.0,8.0,15.0,30.0,0.3,0.75,60.0,3.5
2094,1018,Plant,Duckweed,Lemna minor,Low,6.84,24.9,0.016,0.068,63.0,10.4,watch,Nitrate,Nitrate,"Do a 25–40% water change, vacuum the substrate, and add fast-growing plants.",medium,5.0,8.0,15.0,30.0,0.3,0.75,60.0,3.5
2095,1018,Plant,Duckweed,Lemna minor,Low,4.74,18.1,0.039,0.102,14.5,9.3,watch,pH,pH,Correct pH slowly with small water changes only. Move no more than 0.2 pH per day.,high,5.0,8.0,15.0,30.0,0.3,0.75,60.0,3.5
2096,1018,Plant,Duckweed,Lemna minor,Low,4.67,17.4,0.046,0.098,19.5,7.8,watch,pH,pH,Correct pH slowly with small water changes only. Move no more than 0.2 pH per day.,high,5.0,8.0,15.0,30.0,0.3,0.75,60.0,3.5
2097,1018,Plant,Duckweed,Lemna minor,Low,5.19,28.2,1.8,0.093,17.5,2.0,critical,"Ammonia, DissolvedO2",Ammonia,Do a 40–50% water change with dechlorinated water. Pause feeding 24 hours and add beneficial bacteria.,critical,5.0,8.0,15.0,30.0,0.3,0.75,60.0,3.5
2098,1018,Plant,Duckweed,Lemna minor,Low,5.34,28.8,1.8,0.144,18.5,1.8,critical,"Ammonia, DissolvedO2",Ammonia,Do a 40–50% water change with dechlorinated water. Pause feeding 24 hours and add beneficial bacteria.,critical,5.0,8.0,15.0,30.0,0.3,0.75,60.0,3.5
2099,1018,Plant,Duckweed,Lemna minor,Low,5.42,26.0,2.155,4.917,11.1,7.3,critical,"Ammonia, Nitrite",Ammonia,Do a 40–50% water change with dechlorinated water. Pause feeding 24 hours and add beneficial bacteria.,critical,5.0,8.0,15.0,30.0,0.3,0.75,60.0,3.5
2100,1018,Plant,Duckweed,Lemna minor,Low,5.64,17.9,1.695,4.632,14.3,7.8,critical,"Ammonia, Nitrite",Ammonia,Do a 40–50% water change with dechlorinated water. Pause feeding 24 hours and add beneficial bacteria.,critical,5.0,8.0,15.0,30.0,0.3,0.75,60.0,3.5
2101,1019,Plant,Water Lettuce,Pistia stratiotes,Low,6.57,21.6,0.002,0.015,12.1,10.3,excellent,,,Keep weekly testing and regular water changes.,low,6.0,7.5,20.0,30.0,0.3,0.75,60.0,3.5
2102,1019,Plant,Water Lettuce,Pistia stratiotes,Low,6.17,26.6,0.037,0.132,10.4,10.6,excellent,,,Keep weekly testing and regular water changes.,low,6.0,7.5,20.0,30.0,0.3,0.75,60.0,3.5
2103,1019,Plant,Water Lettuce,Pistia stratiotes,Low,7.24,29.2,0.049,0.019,20.3,10.7,excellent,,,Keep weekly testing and regular water changes.,low,6.0,7.5,20.0,30.0,0.3,0.75,60.0,3.5
2104,1019,Plant,Water Lettuce,Pistia stratiotes,Low,6.36,22.1,0.056,0.023,18.1,8.6,excellent,,,Keep weekly testing and regular water changes.,low,6.0,7.5,20.0,30.0,0.3,0.75,60.0,3.5
2105,1019,Plant,Water Lettuce,Pistia stratiotes,Low,7.08,21.0,0.214,0.269,55.2,4.2,good,,,Keep weekly testing and regular water changes.,low,6.0,7.5,20.0,30.0,0.3,0.75,60.0,3.5
2106,1019,Plant,Water Lettuce,Pistia stratiotes,Low,6.18,22.1,0.117,0.515,41.2,4.3,excellent,,,Keep weekly testing and regular water changes.,low,6.0,7.5,20.0,30.0,0.3,0.75,60.0,3.5
2107,1019,Plant,Water Lettuce,Pistia stratiotes,Low,6.38,22.3,0.206,0.209,54.0,5.5,good,,,Keep weekly testing and regular water changes.,low,6.0,7.5,20.0,30.0,0.3,0.75,60.0,3.5
2108,1019,Plant,Water Lettuce,Pistia stratiotes,Low,6.47,25.9,0.052,0.055,71.1,8.6,watch,Nitrate,Nitrate,"Do a 25–40% water change, vacuum the substrate, and add fast-growing plants.",medium,6.0,7.5,20.0,30.0,0.3,0.75,60.0,3.5
2109,1019,Plant,Water Lettuce,Pistia stratiotes,Low,6.16,19.1,0.006,0.109,15.9,8.2,watch,Temperature,Temperature,Adjust the heater 1°C at a time. Increase surface movement if the tank is hot.,high,6.0,7.5,20.0,30.0,0.3,0.75,60.0,3.5
2110,1019,Plant,Water Lettuce,Pistia stratiotes,Low,7.32,32.2,0.017,0.015,15.5,7.9,watch,Temperature,Temperature,Adjust the heater 1°C at a time. Increase surface movement if the tank is hot.,high,6.0,7.5,20.0,30.0,0.3,0.75,60.0,3.5
2111,1019,Plant,Water Lettuce,Pistia stratiotes,Low,6.09,25.6,0.332,0.002,16.1,7.5,watch,Ammonia,Ammonia,Do a 40–50% water change with dechlorinated water. Pause feeding 24 hours and add beneficial bacteria.,critical,6.0,7.5,20.0,30.0,0.3,0.75,60.0,3.5
2112,1019,Plant,Water Lettuce,Pistia stratiotes,Low,6.85,22.4,1.8,0.082,10.2,1.7,critical,"Ammonia, DissolvedO2",Ammonia,Do a 40–50% water change with dechlorinated water. Pause feeding 24 hours and add beneficial bacteria.,critical,6.0,7.5,20.0,30.0,0.3,0.75,60.0,3.5
2113,1019,Plant,Water Lettuce,Pistia stratiotes,Low,6.65,24.7,0.681,5.782,90.3,11.1,critical,"Ammonia, Nitrite, Nitrate",Ammonia,Do a 40–50% water change with dechlorinated water. Pause feeding 24 hours and add beneficial bacteria.,critical,6.0,7.5,20.0,30.0,0.3,0.75,60.0,3.5
2114,1019,Plant,Water Lettuce,Pistia stratiotes,Low,6.09,23.3,1.277,6.745,122.6,8.9,critical,"Ammonia, Nitrite, Nitrate",Ammonia,Do a 40–50% water change with dechlorinated water. Pause feeding 24 hours and add beneficial bacteria.,critical,6.0,7.5,20.0,30.0,0.3,0.75,60.0,3.5
2115,1019,Plant,Water Lettuce,Pistia stratiotes,Low,7.16,25.6,1.8,0.045,19.4,2.1,critical,"Ammonia, DissolvedO2",Ammonia,Do a 40–50% water change with dechlorinated water. Pause feeding 24 hours and add beneficial bacteria.,critical,6.0,7.5,20.0,30.0,0.3,0.75,60.0,3.5
2116,1020,Plant,Amazon Frogbit,Limnobium laevigatum,Low,6.52,25.6,0.02,0.143,8.5,8.3,excellent,,,Keep weekly testing and regular water changes.,low,6.0,7.5,20.0,28.0,0.3,0.75,60.0,3.5
2117,1020,Plant,Amazon Frogbit,Limnobium laevigatum,Low,7.24,22.5,0.017,0.135,18.8,7.0,excellent,,,Keep weekly testing and regular water changes.,low,6.0,7.5,20.0,28.0,0.3,0.75,60.0,3.5
2118,1020,Plant,Amazon Frogbit,Limnobium laevigatum,Low,6.86,22.1,0.013,0.092,9.6,8.9,excellent,,,Keep weekly testing and regular water changes.,low,6.0,7.5,20.0,28.0,0.3,0.75,60.0,3.5
2119,1020,Plant,Amazon Frogbit,Limnobium laevigatum,Low,6.42,26.4,0.033,0.032,20.0,10.7,excellent,,,Keep weekly testing and regular water changes.,low,6.0,7.5,20.0,28.0,0.3,0.75,60.0,3.5
2120,1020,Plant,Amazon Frogbit,Limnobium laevigatum,Low,6.41,27.6,0.145,0.154,45.9,4.2,good,,,Keep weekly testing and regular water changes.,low,6.0,7.5,20.0,28.0,0.3,0.75,60.0,3.5
2121,1020,Plant,Amazon Frogbit,Limnobium laevigatum,Low,7.02,24.4,0.239,0.126,42.1,4.7,good,,,Keep weekly testing and regular water changes.,low,6.0,7.5,20.0,28.0,0.3,0.75,60.0,3.5
2122,1020,Plant,Amazon Frogbit,Limnobium laevigatum,Low,6.23,27.4,0.213,0.418,52.5,4.4,good,,,Keep weekly testing and regular water changes.,low,6.0,7.5,20.0,28.0,0.3,0.75,60.0,3.5
2123,1020,Plant,Amazon Frogbit,Limnobium laevigatum,Low,6.27,29.9,0.05,0.05,8.1,9.9,watch,Temperature,Temperature,Adjust the heater 1°C at a time. Increase surface movement if the tank is hot.,high,6.0,7.5,20.0,28.0,0.3,0.75,60.0,3.5
2124,1020,Plant,Amazon Frogbit,Limnobium laevigatum,Low,5.57,24.1,0.024,0.132,17.4,6.7,watch,pH,pH,Correct pH slowly with small water changes only. Move no more than 0.2 pH per day.,high,6.0,7.5,20.0,28.0,0.3,0.75,60.0,3.5
2125,1020,Plant,Amazon Frogbit,Limnobium laevigatum,Low,7.14,29.8,0.056,0.12,10.8,8.4,watch,Temperature,Temperature,Adjust the heater 1°C at a time. Increase surface movement if the tank is hot.,high,6.0,7.5,20.0,28.0,0.3,0.75,60.0,3.5
2126,1020,Plant,Amazon Frogbit,Limnobium laevigatum,Low,7.36,30.6,0.019,0.141,17.1,7.9,watch,Temperature,Temperature,Adjust the heater 1°C at a time. Increase surface movement if the tank is hot.,high,6.0,7.5,20.0,28.0,0.3,0.75,60.0,3.5
2127,1020,Plant,Amazon Frogbit,Limnobium laevigatum,Low,6.54,24.1,1.8,0.139,11.5,2.0,critical,"Ammonia, DissolvedO2",Ammonia,Do a 40–50% water change with dechlorinated water. Pause feeding 24 hours and add beneficial bacteria.,critical,6.0,7.5,20.0,28.0,0.3,0.75,60.0,3.5
2128,1020,Plant,Amazon Frogbit,Limnobium laevigatum,Low,6.23,22.0,1.8,0.117,12.5,1.7,critical,"Ammonia, DissolvedO2",Ammonia,Do a 40–50% water change with dechlorinated water. Pause feeding 24 hours and add beneficial bacteria.,critical,6.0,7.5,20.0,28.0,0.3,0.75,60.0,3.5
2129,1020,Plant,Amazon Frogbit,Limnobium laevigatum,Low,6.98,24.4,1.8,0.008,18.6,1.4,critical,"Ammonia, DissolvedO2",Ammonia,Do a 40–50% water change with dechlorinated water. Pause feeding 24 hours and add beneficial bacteria.,critical,6.0,7.5,20.0,28.0,0.3,0.75,60.0,3.5
2130,1020,Plant,Amazon Frogbit,Limnobium laevigatum,Low,6.25,21.8,0.583,4.409,114.3,11.1,critical,"Ammonia, Nitrite, Nitrate",Ammonia,Do a 40–50% water change with dechlorinated water. Pause feeding 24 hours and add beneficial bacteria.,critical,6.0,7.5,20.0,28.0,0.3,0.75,60.0,3.5
2131,1021,Plant,Salvinia (Water Fern),Salvinia natans,Low,7.15,21.4,0.018,0.015,10.8,9.5,excellent,,,Keep weekly testing and regular water changes.,low,6.0,7.5,20.0,28.0,0.3,0.75,60.0,3.5
2132,1021,Plant,Salvinia (Water Fern),Salvinia natans,Low,6.25,21.3,0.05,0.018,15.9,8.3,excellent,,,Keep weekly testing and regular water changes.,low,6.0,7.5,20.0,28.0,0.3,0.75,60.0,3.5
2133,1021,Plant,Salvinia (Water Fern),Salvinia natans,Low,7.28,25.4,0.004,0.134,13.4,8.0,excellent,,,Keep weekly testing and regular water changes.,low,6.0,7.5,20.0,28.0,0.3,0.75,60.0,3.5
2134,1021,Plant,Salvinia (Water Fern),Salvinia natans,Low,6.98,25.5,0.018,0.053,10.0,9.5,excellent,,,Keep weekly testing and regular water changes.,low,6.0,7.5,20.0,28.0,0.3,0.75,60.0,3.5
2135,1021,Plant,Salvinia (Water Fern),Salvinia natans,Low,7.42,23.4,0.254,0.093,53.3,6.3,good,,,Keep weekly testing and regular water changes.,low,6.0,7.5,20.0,28.0,0.3,0.75,60.0,3.5
2136,1021,Plant,Salvinia (Water Fern),Salvinia natans,Low,7.02,21.0,0.154,0.045,49.8,6.5,good,,,Keep weekly testing and regular water changes.,low,6.0,7.5,20.0,28.0,0.3,0.75,60.0,3.5
2137,1021,Plant,Salvinia (Water Fern),Salvinia natans,Low,6.57,21.4,0.145,0.3,49.2,4.3,good,,,Keep weekly testing and regular water changes.,low,6.0,7.5,20.0,28.0,0.3,0.75,60.0,3.5
2138,1021,Plant,Salvinia (Water Fern),Salvinia natans,Low,7.09,21.2,0.037,0.064,67.8,9.7,watch,Nitrate,Nitrate,"Do a 25–40% water change, vacuum the substrate, and add fast-growing plants.",medium,6.0,7.5,20.0,28.0,0.3,0.75,60.0,3.5
2139,1021,Plant,Salvinia (Water Fern),Salvinia natans,Low,7.15,24.1,0.017,0.143,73.4,7.0,watch,Nitrate,Nitrate,"Do a 25–40% water change, vacuum the substrate, and add fast-growing plants.",medium,6.0,7.5,20.0,28.0,0.3,0.75,60.0,3.5
2140,1021,Plant,Salvinia (Water Fern),Salvinia natans,Low,7.12,18.3,0.031,0.005,15.7,11.3,watch,Temperature,Temperature,Adjust the heater 1°C at a time. Increase surface movement if the tank is hot.,high,6.0,7.5,20.0,28.0,0.3,0.75,60.0,3.5
2141,1021,Plant,Salvinia (Water Fern),Salvinia natans,Low,6.38,30.3,0.048,0.032,15.2,8.3,watch,Temperature,Temperature,Adjust the heater 1°C at a time. Increase surface movement if the tank is hot.,high,6.0,7.5,20.0,28.0,0.3,0.75,60.0,3.5
2142,1021,Plant,Salvinia (Water Fern),Salvinia natans,Low,9.35,37.8,0.023,0.09,16.5,10.0,critical,"pH, Temperature",pH,Correct pH slowly with small water changes only. Move no more than 0.2 pH per day.,critical,6.0,7.5,20.0,28.0,0.3,0.75,60.0,3.5
2143,1021,Plant,Salvinia (Water Fern),Salvinia natans,Low,7.29,24.8,1.996,5.218,18.7,10.2,critical,"Ammonia, Nitrite",Ammonia,Do a 40–50% water change with dechlorinated water. Pause feeding 24 hours and add beneficial bacteria.,critical,6.0,7.5,20.0,28.0,0.3,0.75,60.0,3.5
2144,1021,Plant,Salvinia (Water Fern),Salvinia natans,Low,5.29,35.3,0.057,0.041,17.8,9.1,critical,"pH, Temperature",pH,Correct pH slowly with small water changes only. Move no more than 0.2 pH per day.,critical,6.0,7.5,20.0,28.0,0.3,0.75,60.0,3.5
2145,1021,Plant,Salvinia (Water Fern),Salvinia natans,Low,6.37,25.3,1.794,4.833,16.1,7.0,critical,"Ammonia, Nitrite",Ammonia,Do a 40–50% water change with dechlorinated water. Pause feeding 24 hours and add beneficial bacteria.,critical,6.0,7.5,20.0,28.0,0.3,0.75,60.0,3.5
2146,1022,Plant,Cabomba (Green),Cabomba caroliniana,Medium,6.75,23.2,0.0,0.054,12.8,9.8,excellent,,,Keep weekly testing and regular water changes.,low,6.0,7.0,20.0,26.0,0.2,0.5,50.0,4.0
2147,1022,Plant,Cabomba (Green),Cabomba caroliniana,Medium,6.11,20.8,0.014,0.069,15.0,7.9,excellent,,,Keep weekly testing and regular water changes.,low,6.0,7.0,20.0,26.0,0.2,0.5,50.0,4.0
2148,1022,Plant,Cabomba (Green),Cabomba caroliniana,Medium,6.26,23.9,0.001,0.056,12.2,7.7,excellent,,,Keep weekly testing and regular water changes.,low,6.0,7.0,20.0,26.0,0.2,0.5,50.0,4.0
2149,1022,Plant,Cabomba (Green),Cabomba caroliniana,Medium,6.52,21.6,0.023,0.015,11.9,9.1,excellent,,,Keep weekly testing and regular water changes.,low,6.0,7.0,20.0,26.0,0.2,0.5,50.0,4.0
2150,1022,Plant,Cabomba (Green),Cabomba caroliniana,Medium,6.05,23.6,0.145,0.335,35.5,4.7,good,,,Keep weekly testing and regular water changes.,low,6.0,7.0,20.0,26.0,0.2,0.5,50.0,4.0
2151,1022,Plant,Cabomba (Green),Cabomba caroliniana,Medium,6.31,25.2,0.111,0.106,43.6,4.3,good,,,Keep weekly testing and regular water changes.,low,6.0,7.0,20.0,26.0,0.2,0.5,50.0,4.0
2152,1022,Plant,Cabomba (Green),Cabomba caroliniana,Medium,6.55,22.7,0.132,0.256,37.4,5.7,good,,,Keep weekly testing and regular water changes.,low,6.0,7.0,20.0,26.0,0.2,0.5,50.0,4.0
2153,1022,Plant,Cabomba (Green),Cabomba caroliniana,Medium,7.32,21.2,0.035,0.075,18.0,10.2,watch,pH,pH,Correct pH slowly with small water changes only. Move no more than 0.2 pH per day.,high,6.0,7.0,20.0,26.0,0.2,0.5,50.0,4.0
2154,1022,Plant,Cabomba (Green),Cabomba caroliniana,Medium,5.8,20.8,0.016,0.035,7.2,10.8,watch,pH,pH,Correct pH slowly with small water changes only. Move no more than 0.2 pH per day.,high,6.0,7.0,20.0,26.0,0.2,0.5,50.0,4.0
2155,1022,Plant,Cabomba (Green),Cabomba caroliniana,Medium,6.5,18.7,0.024,0.017,14.4,10.4,watch,Temperature,Temperature,Adjust the heater 1°C at a time. Increase surface movement if the tank is hot.,high,6.0,7.0,20.0,26.0,0.2,0.5,50.0,4.0
2156,1022,Plant,Cabomba (Green),Cabomba caroliniana,Medium,6.11,23.5,0.234,0.078,15.2,10.4,watch,Ammonia,Ammonia,Do a 40–50% water change with dechlorinated water. Pause feeding 24 hours and add beneficial bacteria.,critical,6.0,7.0,20.0,26.0,0.2,0.5,50.0,4.0
2157,1022,Plant,Cabomba (Green),Cabomba caroliniana,Medium,6.57,24.9,1.2,0.018,16.6,1.6,critical,"Ammonia, DissolvedO2",Ammonia,Do a 40–50% water change with dechlorinated water. Pause feeding 24 hours and add beneficial bacteria.,critical,6.0,7.0,20.0,26.0,0.2,0.5,50.0,4.0
2158,1022,Plant,Cabomba (Green),Cabomba caroliniana,Medium,6.36,24.5,0.219,2.073,119.6,7.4,critical,"Ammonia, Nitrite, Nitrate",Ammonia,Do a 40–50% water change with dechlorinated water. Pause feeding 24 hours and add beneficial bacteria.,critical,6.0,7.0,20.0,26.0,0.2,0.5,50.0,4.0
2159,1022,Plant,Cabomba (Green),Cabomba caroliniana,Medium,6.71,24.1,1.289,4.71,7.5,10.6,critical,"Ammonia, Nitrite",Ammonia,Do a 40–50% water change with dechlorinated water. Pause feeding 24 hours and add beneficial bacteria.,critical,6.0,7.0,20.0,26.0,0.2,0.5,50.0,4.0
2160,1022,Plant,Cabomba (Green),Cabomba caroliniana,Medium,6.33,21.8,1.72,4.603,9.1,8.7,critical,"Ammonia, Nitrite",Ammonia,Do a 40–50% water change with dechlorinated water. Pause feeding 24 hours and add beneficial bacteria.,critical,6.0,7.0,20.0,26.0,0.2,0.5,50.0,4.0
2161,1023,Plant,Egeria/Elodea (Anacharis),Egeria densa,Low,7.09,25.2,0.001,0.093,8.6,11.1,excellent,,,Keep weekly testing and regular water changes.,low,6.0,7.5,15.0,26.0,0.25,0.75,50.0,4.0
2162,1023,Plant,Egeria/Elodea (Anacharis),Egeria densa,Low,7.33,18.6,0.041,0.095,8.4,9.6,excellent,,,Keep weekly testing and regular water changes.,low,6.0,7.5,15.0,26.0,0.25,0.75,50.0,4.0
2163,1023,Plant,Egeria/Elodea (Anacharis),Egeria densa,Low,7.39,18.6,0.0,0.147,12.0,8.7,excellent,,,Keep weekly testing and regular water changes.,low,6.0,7.5,15.0,26.0,0.25,0.75,50.0,4.0
2164,1023,Plant,Egeria/Elodea (Anacharis),Egeria densa,Low,7.03,21.5,0.015,0.015,16.9,9.0,excellent,,,Keep weekly testing and regular water changes.,low,6.0,7.5,15.0,26.0,0.25,0.75,50.0,4.0
2165,1023,Plant,Egeria/Elodea (Anacharis),Egeria densa,Low,7.0,24.4,0.09,0.451,43.8,6.4,good,,,Keep weekly testing and regular water changes.,low,6.0,7.5,15.0,26.0,0.25,0.75,50.0,4.0
2166,1023,Plant,Egeria/Elodea (Anacharis),Egeria densa,Low,6.36,18.6,0.17,0.486,47.4,5.2,good,,,Keep weekly testing and regular water changes.,low,6.0,7.5,15.0,26.0,0.25,0.75,50.0,4.0
2167,1023,Plant,Egeria/Elodea (Anacharis),Egeria densa,Low,6.81,17.0,0.174,0.44,44.5,5.0,good,,,Keep weekly testing and regular water changes.,low,6.0,7.5,15.0,26.0,0.25,0.75,50.0,4.0
2168,1023,Plant,Egeria/Elodea (Anacharis),Egeria densa,Low,7.37,16.8,0.257,0.083,13.5,10.4,watch,Ammonia,Ammonia,Do a 40–50% water change with dechlorinated water. Pause feeding 24 hours and add beneficial bacteria.,critical,6.0,7.5,15.0,26.0,0.25,0.75,50.0,4.0
2169,1023,Plant,Egeria/Elodea (Anacharis),Egeria densa,Low,6.32,12.9,0.035,0.077,11.4,6.8,watch,Temperature,Temperature,Adjust the heater 1°C at a time. Increase surface movement if the tank is hot.,high,6.0,7.5,15.0,26.0,0.25,0.75,50.0,4.0
2170,1023,Plant,Egeria/Elodea (Anacharis),Egeria densa,Low,5.75,20.9,0.023,0.04,10.4,6.8,watch,pH,pH,Correct pH slowly with small water changes only. Move no more than 0.2 pH per day.,high,6.0,7.5,15.0,26.0,0.25,0.75,50.0,4.0
2171,1023,Plant,Egeria/Elodea (Anacharis),Egeria densa,Low,6.48,25.3,0.019,0.077,53.1,8.0,watch,Nitrate,Nitrate,"Do a 25–40% water change, vacuum the substrate, and add fast-growing plants.",medium,6.0,7.5,15.0,26.0,0.25,0.75,50.0,4.0
2172,1023,Plant,Egeria/Elodea (Anacharis),Egeria densa,Low,7.23,20.2,0.286,3.977,121.6,9.9,critical,"Ammonia, Nitrite, Nitrate",Ammonia,Do a 40–50% water change with dechlorinated water. Pause feeding 24 hours and add beneficial bacteria.,critical,6.0,7.5,15.0,26.0,0.25,0.75,50.0,4.0
2173,1023,Plant,Egeria/Elodea (Anacharis),Egeria densa,Low,7.41,21.3,1.483,5.434,14.1,9.0,critical,"Ammonia, Nitrite",Ammonia,Do a 40–50% water change with dechlorinated water. Pause feeding 24 hours and add beneficial bacteria.,critical,6.0,7.5,15.0,26.0,0.25,0.75,50.0,4.0
2174,1023,Plant,Egeria/Elodea (Anacharis),Egeria densa,Low,9.26,13.6,0.017,0.072,16.4,10.1,critical,"pH, Temperature",pH,Correct pH slowly with small water changes only. Move no more than 0.2 pH per day.,critical,6.0,7.5,15.0,26.0,0.25,0.75,50.0,4.0
2175,1023,Plant,Egeria/Elodea (Anacharis),Egeria densa,Low,7.04,15.6,2.14,5.852,13.8,8.7,critical,"Ammonia, Nitrite",Ammonia,Do a 40–50% water change with dechlorinated water. Pause feeding 24 hours and add beneficial bacteria.,critical,6.0,7.5,15.0,26.0,0.25,0.75,50.0,4.0
2176,1024,Plant,Red Tiger Lotus,Nymphaea zenkeri,Medium,7.16,26.6,0.001,0.005,7.9,9.8,excellent,,,Keep weekly testing and regular water changes.,low,6.0,7.5,22.0,28.0,0.2,0.5,40.0,4.0
2177,1024,Plant,Red Tiger Lotus,Nymphaea zenkeri,Medium,6.92,24.2,0.039,0.009,13.6,9.0,excellent,,,Keep weekly testing and regular water changes.,low,6.0,7.5,22.0,28.0,0.2,0.5,40.0,4.0
2178,1024,Plant,Red Tiger Lotus,Nymphaea zenkeri,Medium,6.64,22.7,0.029,0.077,9.1,9.1,excellent,,,Keep weekly testing and regular water changes.,low,6.0,7.5,22.0,28.0,0.2,0.5,40.0,4.0
2179,1024,Plant,Red Tiger Lotus,Nymphaea zenkeri,Medium,6.89,24.4,0.025,0.043,14.6,10.2,excellent,,,Keep weekly testing and regular water changes.,low,6.0,7.5,22.0,28.0,0.2,0.5,40.0,4.0
2180,1024,Plant,Red Tiger Lotus,Nymphaea zenkeri,Medium,6.18,26.7,0.104,0.327,33.2,4.3,good,,,Keep weekly testing and regular water changes.,low,6.0,7.5,22.0,28.0,0.2,0.5,40.0,4.0
2181,1024,Plant,Red Tiger Lotus,Nymphaea zenkeri,Medium,7.09,22.9,0.158,0.332,34.3,5.4,good,,,Keep weekly testing and regular water changes.,low,6.0,7.5,22.0,28.0,0.2,0.5,40.0,4.0
2182,1024,Plant,Red Tiger Lotus,Nymphaea zenkeri,Medium,6.9,24.6,0.078,0.325,30.0,4.9,good,,,Keep weekly testing and regular water changes.,low,6.0,7.5,22.0,28.0,0.2,0.5,40.0,4.0
2183,1024,Plant,Red Tiger Lotus,Nymphaea zenkeri,Medium,6.34,19.6,0.038,0.035,8.5,10.6,watch,Temperature,Temperature,Adjust the heater 1°C at a time. Increase surface movement if the tank is hot.,high,6.0,7.5,22.0,28.0,0.2,0.5,40.0,4.0
2184,1024,Plant,Red Tiger Lotus,Nymphaea zenkeri,Medium,7.29,30.6,0.004,0.07,15.6,8.4,watch,Temperature,Temperature,Adjust the heater 1°C at a time. Increase surface movement if the tank is hot.,high,6.0,7.5,22.0,28.0,0.2,0.5,40.0,4.0
2185,1024,Plant,Red Tiger Lotus,Nymphaea zenkeri,Medium,6.63,27.3,0.026,0.01,53.1,6.8,watch,Nitrate,Nitrate,"Do a 25–40% water change, vacuum the substrate, and add fast-growing plants.",medium,6.0,7.5,22.0,28.0,0.2,0.5,40.0,4.0
2186,1024,Plant,Red Tiger Lotus,Nymphaea zenkeri,Medium,6.39,30.6,0.004,0.066,15.4,9.8,watch,Temperature,Temperature,Adjust the heater 1°C at a time. Increase surface movement if the tank is hot.,high,6.0,7.5,22.0,28.0,0.2,0.5,40.0,4.0
2187,1024,Plant,Red Tiger Lotus,Nymphaea zenkeri,Medium,9.86,33.4,0.031,0.003,10.2,8.0,critical,"pH, Temperature",pH,Correct pH slowly with small water changes only. Move no more than 0.2 pH per day.,critical,6.0,7.5,22.0,28.0,0.2,0.5,40.0,4.0
2188,1024,Plant,Red Tiger Lotus,Nymphaea zenkeri,Medium,6.22,24.3,0.418,6.385,74.9,10.5,critical,"Ammonia, Nitrite, Nitrate",Ammonia,Do a 40–50% water change with dechlorinated water. Pause feeding 24 hours and add beneficial bacteria.,critical,6.0,7.5,22.0,28.0,0.2,0.5,40.0,4.0
2189,1024,Plant,Red Tiger Lotus,Nymphaea zenkeri,Medium,6.15,25.0,1.2,0.032,14.2,1.4,critical,"Ammonia, DissolvedO2",Ammonia,Do a 40–50% water change with dechlorinated water. Pause feeding 24 hours and add beneficial bacteria.,critical,6.0,7.5,22.0,28.0,0.2,0.5,40.0,4.0
2190,1024,Plant,Red Tiger Lotus,Nymphaea zenkeri,Medium,6.84,23.4,1.342,2.74,100.4,9.7,critical,"Ammonia, Nitrite, Nitrate",Ammonia,Do a 40–50% water change with dechlorinated water. Pause feeding 24 hours and add beneficial bacteria.,critical,6.0,7.5,22.0,28.0,0.2,0.5,40.0,4.0
2191,1025,Plant,Marsilea Hirsuta,Marsilea hirsuta,High,6.16,26.1,0.004,0.008,11.8,7.0,excellent,,,Keep weekly testing and regular water changes.,low,6.0,7.5,20.0,28.0,0.1,0.25,25.0,5.0
2192,1025,Plant,Marsilea Hirsuta,Marsilea hirsuta,High,7.07,21.2,0.012,0.031,11.5,10.8,excellent,,,Keep weekly testing and regular water changes.,low,6.0,7.5,20.0,28.0,0.1,0.25,25.0,5.0
2193,1025,Plant,Marsilea Hirsuta,Marsilea hirsuta,High,7.0,23.2,0.003,0.032,8.7,7.4,excellent,,,Keep weekly testing and regular water changes.,low,6.0,7.5,20.0,28.0,0.1,0.25,25.0,5.0
2194,1025,Plant,Marsilea Hirsuta,Marsilea hirsuta,High,7.36,22.7,0.0,0.045,9.3,10.4,excellent,,,Keep weekly testing and regular water changes.,low,6.0,7.5,20.0,28.0,0.1,0.25,25.0,5.0
2195,1025,Plant,Marsilea Hirsuta,Marsilea hirsuta,High,6.24,23.3,0.067,0.044,21.5,5.6,good,,,Keep weekly testing and regular water changes.,low,6.0,7.5,20.0,28.0,0.1,0.25,25.0,5.0
2196,1025,Plant,Marsilea Hirsuta,Marsilea hirsuta,High,6.33,20.2,0.049,0.043,22.0,6.2,good,,,Keep weekly testing and regular water changes.,low,6.0,7.5,20.0,28.0,0.1,0.25,25.0,5.0
2197,1025,Plant,Marsilea Hirsuta,Marsilea hirsuta,High,6.28,24.5,0.046,0.074,22.9,6.5,good,,,Keep weekly testing and regular water changes.,low,6.0,7.5,20.0,28.0,0.1,0.25,25.0,5.0
2198,1025,Plant,Marsilea Hirsuta,Marsilea hirsuta,High,6.95,18.6,0.002,0.038,9.2,9.9,watch,Temperature,Temperature,Adjust the heater 1°C at a time. Increase surface movement if the tank is hot.,high,6.0,7.5,20.0,28.0,0.1,0.25,25.0,5.0
2199,1025,Plant,Marsilea Hirsuta,Marsilea hirsuta,High,7.15,24.4,0.126,0.003,9.6,8.4,watch,Ammonia,Ammonia,Do a 40–50% water change with dechlorinated water. Pause feeding 24 hours and add beneficial bacteria.,critical,6.0,7.5,20.0,28.0,0.1,0.25,25.0,5.0
2200,1025,Plant,Marsilea Hirsuta,Marsilea hirsuta,High,7.02,30.8,0.011,0.031,8.5,11.0,watch,Temperature,Temperature,Adjust the heater 1°C at a time. Increase surface movement if the tank is hot.,high,6.0,7.5,20.0,28.0,0.1,0.25,25.0,5.0
2201,1025,Plant,Marsilea Hirsuta,Marsilea hirsuta,High,7.94,22.0,0.014,0.004,6.8,7.7,watch,pH,pH,Correct pH slowly with small water changes only. Move no more than 0.2 pH per day.,high,6.0,7.5,20.0,28.0,0.1,0.25,25.0,5.0
2202,1025,Plant,Marsilea Hirsuta,Marsilea hirsuta,High,9.81,15.8,0.009,0.01,12.3,7.5,critical,"pH, Temperature",pH,Correct pH slowly with small water changes only. Move no more than 0.2 pH per day.,critical,6.0,7.5,20.0,28.0,0.1,0.25,25.0,5.0
2203,1025,Plant,Marsilea Hirsuta,Marsilea hirsuta,High,6.68,25.1,0.6,0.011,5.5,2.7,critical,"Ammonia, DissolvedO2",Ammonia,Do a 40–50% water change with dechlorinated water. Pause feeding 24 hours and add beneficial bacteria.,critical,6.0,7.5,20.0,28.0,0.1,0.25,25.0,5.0
2204,1025,Plant,Marsilea Hirsuta,Marsilea hirsuta,High,7.14,22.3,0.6,0.036,7.5,1.7,critical,"Ammonia, DissolvedO2",Ammonia,Do a 40–50% water change with dechlorinated water. Pause feeding 24 hours and add beneficial bacteria.,critical,6.0,7.5,20.0,28.0,0.1,0.25,25.0,5.0
2205,1025,Plant,Marsilea Hirsuta,Marsilea hirsuta,High,6.79,22.0,0.6,0.035,10.3,1.7,critical,"Ammonia, DissolvedO2",Ammonia,Do a 40–50% water change with dechlorinated water. Pause feeding 24 hours and add beneficial bacteria.,critical,6.0,7.5,20.0,28.0,0.1,0.25,25.0,5.0
2206,1026,Plant,Staurogyne Repens,Staurogyne repens,Medium,7.07,27.2,0.026,0.096,15.7,10.6,excellent,,,Keep weekly testing and regular water changes.,low,6.0,7.5,22.0,28.0,0.2,0.5,40.0,4.0
2207,1026,Plant,Staurogyne Repens,Staurogyne repens,Medium,7.42,25.6,0.02,0.092,14.1,7.1,excellent,,,Keep weekly testing and regular water changes.,low,6.0,7.5,22.0,28.0,0.2,0.5,40.0,4.0
2208,1026,Plant,Staurogyne Repens,Staurogyne repens,Medium,6.49,23.9,0.034,0.023,9.0,9.1,excellent,,,Keep weekly testing and regular water changes.,low,6.0,7.5,22.0,28.0,0.2,0.5,40.0,4.0
2209,1026,Plant,Staurogyne Repens,Staurogyne repens,Medium,6.18,27.2,0.02,0.019,8.6,10.6,excellent,,,Keep weekly testing and regular water changes.,low,6.0,7.5,22.0,28.0,0.2,0.5,40.0,4.0
2210,1026,Plant,Staurogyne Repens,Staurogyne repens,Medium,6.95,24.8,0.103,0.315,35.3,5.9,good,,,Keep weekly testing and regular water changes.,low,6.0,7.5,22.0,28.0,0.2,0.5,40.0,4.0
2211,1026,Plant,Staurogyne Repens,Staurogyne repens,Medium,6.67,27.7,0.141,0.148,37.5,6.3,good,,,Keep weekly testing and regular water changes.,low,6.0,7.5,22.0,28.0,0.2,0.5,40.0,4.0
2212,1026,Plant,Staurogyne Repens,Staurogyne repens,Medium,7.1,26.5,0.112,0.178,28.3,5.6,good,,,Keep weekly testing and regular water changes.,low,6.0,7.5,22.0,28.0,0.2,0.5,40.0,4.0
2213,1026,Plant,Staurogyne Repens,Staurogyne repens,Medium,6.58,28.9,0.038,0.016,14.1,7.9,watch,Temperature,Temperature,Adjust the heater 1°C at a time. Increase surface movement if the tank is hot.,high,6.0,7.5,22.0,28.0,0.2,0.5,40.0,4.0
2214,1026,Plant,Staurogyne Repens,Staurogyne repens,Medium,7.79,24.8,0.013,0.067,10.7,6.9,watch,pH,pH,Correct pH slowly with small water changes only. Move no more than 0.2 pH per day.,high,6.0,7.5,22.0,28.0,0.2,0.5,40.0,4.0
2215,1026,Plant,Staurogyne Repens,Staurogyne repens,Medium,5.66,22.9,0.008,0.07,12.8,10.9,watch,pH,pH,Correct pH slowly with small water changes only. Move no more than 0.2 pH per day.,high,6.0,7.5,22.0,28.0,0.2,0.5,40.0,4.0
2216,1026,Plant,Staurogyne Repens,Staurogyne repens,Medium,6.5,22.6,0.026,0.029,44.9,11.5,watch,Nitrate,Nitrate,"Do a 25–40% water change, vacuum the substrate, and add fast-growing plants.",medium,6.0,7.5,22.0,28.0,0.2,0.5,40.0,4.0
2217,1026,Plant,Staurogyne Repens,Staurogyne repens,Medium,9.66,13.2,0.012,0.039,6.8,8.6,critical,"pH, Temperature",pH,Correct pH slowly with small water changes only. Move no more than 0.2 pH per day.,critical,6.0,7.5,22.0,28.0,0.2,0.5,40.0,4.0
2218,1026,Plant,Staurogyne Repens,Staurogyne repens,Medium,6.42,23.3,1.2,0.087,14.8,1.8,critical,"Ammonia, DissolvedO2",Ammonia,Do a 40–50% water change with dechlorinated water. Pause feeding 24 hours and add beneficial bacteria.,critical,6.0,7.5,22.0,28.0,0.2,0.5,40.0,4.0
2219,1026,Plant,Staurogyne Repens,Staurogyne repens,Medium,7.14,27.0,1.343,6.214,81.3,11.6,critical,"Ammonia, Nitrite, Nitrate",Ammonia,Do a 40–50% water change with dechlorinated water. Pause feeding 24 hours and add beneficial bacteria.,critical,6.0,7.5,22.0,28.0,0.2,0.5,40.0,4.0
2220,1026,Plant,Staurogyne Repens,Staurogyne repens,Medium,6.12,23.5,0.232,3.54,90.0,8.0,critical,"Ammonia, Nitrite, Nitrate",Ammonia,Do a 40–50% water change with dechlorinated water. Pause feeding 24 hours and add beneficial bacteria.,critical,6.0,7.5,22.0,28.0,0.2,0.5,40.0,4.0
2221,1027,Plant,Monte Carlo,Micranthemum tweediei,High,7.24,22.2,0.004,0.02,10.3,11.0,excellent,,,Keep weekly testing and regular water changes.,low,6.0,7.5,20.0,26.0,0.1,0.25,25.0,5.0
2222,1027,Plant,Monte Carlo,Micranthemum tweediei,High,6.37,21.4,0.019,0.028,7.7,7.9,excellent,,,Keep weekly testing and regular water changes.,low,6.0,7.5,20.0,26.0,0.1,0.25,25.0,5.0
2223,1027,Plant,Monte Carlo,Micranthemum tweediei,High,7.41,24.1,0.004,0.005,6.4,8.1,excellent,,,Keep weekly testing and regular water changes.,low,6.0,7.5,20.0,26.0,0.1,0.25,25.0,5.0
2224,1027,Plant,Monte Carlo,Micranthemum tweediei,High,6.23,21.7,0.002,0.019,8.6,9.1,excellent,,,Keep weekly testing and regular water changes.,low,6.0,7.5,20.0,26.0,0.1,0.25,25.0,5.0
2225,1027,Plant,Monte Carlo,Micranthemum tweediei,High,7.23,21.6,0.079,0.159,23.4,5.5,good,,,Keep weekly testing and regular water changes.,low,6.0,7.5,20.0,26.0,0.1,0.25,25.0,5.0
2226,1027,Plant,Monte Carlo,Micranthemum tweediei,High,6.38,23.7,0.042,0.015,16.8,6.3,good,,,Keep weekly testing and regular water changes.,low,6.0,7.5,20.0,26.0,0.1,0.25,25.0,5.0
2227,1027,Plant,Monte Carlo,Micranthemum tweediei,High,7.19,21.6,0.082,0.139,16.8,5.9,good,,,Keep weekly testing and regular water changes.,low,6.0,7.5,20.0,26.0,0.1,0.25,25.0,5.0
2228,1027,Plant,Monte Carlo,Micranthemum tweediei,High,8.02,25.0,0.015,0.034,10.1,8.3,watch,pH,pH,Correct pH slowly with small water changes only. Move no more than 0.2 pH per day.,high,6.0,7.5,20.0,26.0,0.1,0.25,25.0,5.0
2229,1027,Plant,Monte Carlo,Micranthemum tweediei,High,7.07,22.9,0.129,0.001,5.9,9.7,watch,Ammonia,Ammonia,Do a 40–50% water change with dechlorinated water. Pause feeding 24 hours and add beneficial bacteria.,critical,6.0,7.5,20.0,26.0,0.1,0.25,25.0,5.0
2230,1027,Plant,Monte Carlo,Micranthemum tweediei,High,7.35,18.2,0.006,0.003,12.5,10.6,watch,Temperature,Temperature,Adjust the heater 1°C at a time. Increase surface movement if the tank is hot.,high,6.0,7.5,20.0,26.0,0.1,0.25,25.0,5.0
2231,1027,Plant,Monte Carlo,Micranthemum tweediei,High,6.83,27.4,0.004,0.015,6.7,9.6,watch,Temperature,Temperature,Adjust the heater 1°C at a time. Increase surface movement if the tank is hot.,high,6.0,7.5,20.0,26.0,0.1,0.25,25.0,5.0
2232,1027,Plant,Monte Carlo,Micranthemum tweediei,High,5.01,33.0,0.011,0.048,7.3,9.9,critical,"pH, Temperature",pH,Correct pH slowly with small water changes only. Move no more than 0.2 pH per day.,critical,6.0,7.5,20.0,26.0,0.1,0.25,25.0,5.0
2233,1027,Plant,Monte Carlo,Micranthemum tweediei,High,6.97,23.8,0.6,0.032,9.3,2.1,critical,"Ammonia, DissolvedO2",Ammonia,Do a 40–50% water change with dechlorinated water. Pause feeding 24 hours and add beneficial bacteria.,critical,6.0,7.5,20.0,26.0,0.1,0.25,25.0,5.0
2234,1027,Plant,Monte Carlo,Micranthemum tweediei,High,6.77,24.6,0.6,0.022,12.5,2.7,critical,"Ammonia, DissolvedO2",Ammonia,Do a 40–50% water change with dechlorinated water. Pause feeding 24 hours and add beneficial bacteria.,critical,6.0,7.5,20.0,26.0,0.1,0.25,25.0,5.0
2235,1027,Plant,Monte Carlo,Micranthemum tweediei,High,6.26,24.7,1.264,2.441,12.5,7.4,critical,"Ammonia, Nitrite",Ammonia,Do a 40–50% water change with dechlorinated water. Pause feeding 24 hours and add beneficial bacteria.,critical,6.0,7.5,20.0,26.0,0.1,0.25,25.0,5.0
2236,1028,Plant,Dwarf Baby Tears (HC Cuba),Hemianthus callitrichoides,High,6.23,25.2,0.011,0.044,11.6,7.1,excellent,,,Keep weekly testing and regular water changes.,low,6.0,7.5,20.0,26.0,0.1,0.25,25.0,5.0
2237,1028,Plant,Dwarf Baby Tears (HC Cuba),Hemianthus callitrichoides,High,6.43,22.2,0.011,0.004,7.8,10.7,excellent,,,Keep weekly testing and regular water changes.,low,6.0,7.5,20.0,26.0,0.1,0.25,25.0,5.0
2238,1028,Plant,Dwarf Baby Tears (HC Cuba),Hemianthus callitrichoides,High,6.31,24.0,0.009,0.004,6.2,7.6,excellent,,,Keep weekly testing and regular water changes.,low,6.0,7.5,20.0,26.0,0.1,0.25,25.0,5.0
2239,1028,Plant,Dwarf Baby Tears (HC Cuba),Hemianthus callitrichoides,High,6.91,21.0,0.016,0.04,5.4,11.1,excellent,,,Keep weekly testing and regular water changes.,low,6.0,7.5,20.0,26.0,0.1,0.25,25.0,5.0
2240,1028,Plant,Dwarf Baby Tears (HC Cuba),Hemianthus callitrichoides,High,7.42,20.4,0.083,0.049,21.2,5.5,good,,,Keep weekly testing and regular water changes.,low,6.0,7.5,20.0,26.0,0.1,0.25,25.0,5.0
2241,1028,Plant,Dwarf Baby Tears (HC Cuba),Hemianthus callitrichoides,High,7.21,24.9,0.084,0.174,16.8,6.4,good,,,Keep weekly testing and regular water changes.,low,6.0,7.5,20.0,26.0,0.1,0.25,25.0,5.0
2242,1028,Plant,Dwarf Baby Tears (HC Cuba),Hemianthus callitrichoides,High,6.42,20.9,0.042,0.164,21.4,5.3,good,,,Keep weekly testing and regular water changes.,low,6.0,7.5,20.0,26.0,0.1,0.25,25.0,5.0
2243,1028,Plant,Dwarf Baby Tears (HC Cuba),Hemianthus callitrichoides,High,7.4,24.5,0.006,0.024,33.6,10.1,watch,Nitrate,Nitrate,"Do a 25–40% water change, vacuum the substrate, and add fast-growing plants.",medium,6.0,7.5,20.0,26.0,0.1,0.25,25.0,5.0
2244,1028,Plant,Dwarf Baby Tears (HC Cuba),Hemianthus callitrichoides,High,6.14,27.7,0.007,0.014,6.9,10.0,watch,Temperature,Temperature,Adjust the heater 1°C at a time. Increase surface movement if the tank is hot.,high,6.0,7.5,20.0,26.0,0.1,0.25,25.0,5.0
2245,1028,Plant,Dwarf Baby Tears (HC Cuba),Hemianthus callitrichoides,High,6.65,27.7,0.019,0.011,8.0,7.9,watch,Temperature,Temperature,Adjust the heater 1°C at a time. Increase surface movement if the tank is hot.,high,6.0,7.5,20.0,26.0,0.1,0.25,25.0,5.0
2246,1028,Plant,Dwarf Baby Tears (HC Cuba),Hemianthus callitrichoides,High,6.63,24.8,0.015,0.026,38.5,11.4,watch,Nitrate,Nitrate,"Do a 25–40% water change, vacuum the substrate, and add fast-growing plants.",medium,6.0,7.5,20.0,26.0,0.1,0.25,25.0,5.0
2247,1028,Plant,Dwarf Baby Tears (HC Cuba),Hemianthus callitrichoides,High,7.02,24.2,0.6,0.048,5.4,2.2,critical,"Ammonia, DissolvedO2",Ammonia,Do a 40–50% water change with dechlorinated water. Pause feeding 24 hours and add beneficial bacteria.,critical,6.0,7.5,20.0,26.0,0.1,0.25,25.0,5.0
2248,1028,Plant,Dwarf Baby Tears (HC Cuba),Hemianthus callitrichoides,High,6.63,22.2,0.6,0.033,6.4,1.6,critical,"Ammonia, DissolvedO2",Ammonia,Do a 40–50% water change with dechlorinated water. Pause feeding 24 hours and add beneficial bacteria.,critical,6.0,7.5,20.0,26.0,0.1,0.25,25.0,5.0
2249,1028,Plant,Dwarf Baby Tears (HC Cuba),Hemianthus callitrichoides,High,6.75,23.4,1.095,7.056,92.9,8.2,critical,"Ammonia, Nitrite, Nitrate",Ammonia,Do a 40–50% water change with dechlorinated water. Pause feeding 24 hours and add beneficial bacteria.,critical,6.0,7.5,20.0,26.0,0.1,0.25,25.0,5.0
2250,1028,Plant,Dwarf Baby Tears (HC Cuba),Hemianthus callitrichoides,High,6.52,21.1,0.6,0.025,5.6,2.3,critical,"Ammonia, DissolvedO2",Ammonia,Do a 40–50% water change with dechlorinated water. Pause feeding 24 hours and add beneficial bacteria.,critical,6.0,7.5,20.0,26.0,0.1,0.25,25.0,5.0
2251,1029,Plant,Christmas Moss,Vesicularia montagnei,High,6.17,20.6,0.012,0.002,8.2,10.8,excellent,,,Keep weekly testing and regular water changes.,low,5.5,7.5,20.0,26.0,0.1,0.25,25.0,5.0
2252,1029,Plant,Christmas Moss,Vesicularia montagnei,High,7.42,22.4,0.0,0.025,7.0,11.1,excellent,,,Keep weekly testing and regular water changes.,low,5.5,7.5,20.0,26.0,0.1,0.25,25.0,5.0
2253,1029,Plant,Christmas Moss,Vesicularia montagnei,High,6.89,22.5,0.015,0.017,8.9,11.2,excellent,,,Keep weekly testing and regular water changes.,low,5.5,7.5,20.0,26.0,0.1,0.25,25.0,5.0
2254,1029,Plant,Christmas Moss,Vesicularia montagnei,High,5.95,22.1,0.018,0.023,7.3,7.2,excellent,,,Keep weekly testing and regular water changes.,low,5.5,7.5,20.0,26.0,0.1,0.25,25.0,5.0
2255,1029,Plant,Christmas Moss,Vesicularia montagnei,High,6.34,23.0,0.055,0.049,19.0,6.4,good,,,Keep weekly testing and regular water changes.,low,5.5,7.5,20.0,26.0,0.1,0.25,25.0,5.0
2256,1029,Plant,Christmas Moss,Vesicularia montagnei,High,7.27,23.9,0.067,0.143,17.5,5.7,good,,,Keep weekly testing and regular water changes.,low,5.5,7.5,20.0,26.0,0.1,0.25,25.0,5.0
2257,1029,Plant,Christmas Moss,Vesicularia montagnei,High,5.62,22.1,0.085,0.058,22.7,5.4,good,,,Keep weekly testing and regular water changes.,low,5.5,7.5,20.0,26.0,0.1,0.25,25.0,5.0
2258,1029,Plant,Christmas Moss,Vesicularia montagnei,High,6.43,22.3,0.132,0.019,9.9,9.3,watch,Ammonia,Ammonia,Do a 40–50% water change with dechlorinated water. Pause feeding 24 hours and add beneficial bacteria.,critical,5.5,7.5,20.0,26.0,0.1,0.25,25.0,5.0
2259,1029,Plant,Christmas Moss,Vesicularia montagnei,High,6.47,25.3,0.121,0.014,8.1,9.7,watch,Ammonia,Ammonia,Do a 40–50% water change with dechlorinated water. Pause feeding 24 hours and add beneficial bacteria.,critical,5.5,7.5,20.0,26.0,0.1,0.25,25.0,5.0
2260,1029,Plant,Christmas Moss,Vesicularia montagnei,High,7.77,24.9,0.006,0.041,9.2,9.3,watch,pH,pH,Correct pH slowly with small water changes only. Move no more than 0.2 pH per day.,high,5.5,7.5,20.0,26.0,0.1,0.25,25.0,5.0
2261,1029,Plant,Christmas Moss,Vesicularia montagnei,High,5.02,24.3,0.01,0.008,10.7,10.1,watch,pH,pH,Correct pH slowly with small water changes only. Move no more than 0.2 pH per day.,high,5.5,7.5,20.0,26.0,0.1,0.25,25.0,5.0
2262,1029,Plant,Christmas Moss,Vesicularia montagnei,High,9.85,36.6,0.01,0.034,8.2,7.6,critical,"pH, Temperature",pH,Correct pH slowly with small water changes only. Move no more than 0.2 pH per day.,critical,5.5,7.5,20.0,26.0,0.1,0.25,25.0,5.0
2263,1029,Plant,Christmas Moss,Vesicularia montagnei,High,6.18,21.2,1.257,3.138,10.7,8.0,critical,"Ammonia, Nitrite",Ammonia,Do a 40–50% water change with dechlorinated water. Pause feeding 24 hours and add beneficial bacteria.,critical,5.5,7.5,20.0,26.0,0.1,0.25,25.0,5.0
2264,1029,Plant,Christmas Moss,Vesicularia montagnei,High,5.89,24.0,1.193,6.874,62.4,8.7,critical,"Ammonia, Nitrite, Nitrate",Ammonia,Do a 40–50% water change with dechlorinated water. Pause feeding 24 hours and add beneficial bacteria.,critical,5.5,7.5,20.0,26.0,0.1,0.25,25.0,5.0
2265,1029,Plant,Christmas Moss,Vesicularia montagnei,High,10.02,13.9,0.009,0.005,5.8,8.3,critical,"pH, Temperature",pH,Correct pH slowly with small water changes only. Move no more than 0.2 pH per day.,critical,5.5,7.5,20.0,26.0,0.1,0.25,25.0,5.0
2266,1030,Plant,Riccia Fluitans,Riccia fluitans,High,7.04,24.0,0.054,0.133,12.4,8.2,excellent,,,Keep weekly testing and regular water changes.,low,6.0,7.5,18.0,26.0,0.3,0.75,60.0,3.5
2267,1030,Plant,Riccia Fluitans,Riccia fluitans,High,7.28,19.6,0.004,0.047,17.9,10.2,excellent,,,Keep weekly testing and regular water changes.,low,6.0,7.5,18.0,26.0,0.3,0.75,60.0,3.5
2268,1030,Plant,Riccia Fluitans,Riccia fluitans,High,7.4,21.0,0.017,0.057,18.2,8.0,excellent,,,Keep weekly testing and regular water changes.,low,6.0,7.5,18.0,26.0,0.3,0.75,60.0,3.5
2269,1030,Plant,Riccia Fluitans,Riccia fluitans,High,7.35,22.1,0.047,0.124,14.2,10.4,excellent,,,Keep weekly testing and regular water changes.,low,6.0,7.5,18.0,26.0,0.3,0.75,60.0,3.5
2270,1030,Plant,Riccia Fluitans,Riccia fluitans,High,6.55,24.4,0.229,0.297,42.9,6.9,good,,,Keep weekly testing and regular water changes.,low,6.0,7.5,18.0,26.0,0.3,0.75,60.0,3.5
2271,1030,Plant,Riccia Fluitans,Riccia fluitans,High,7.4,22.9,0.253,0.264,45.8,5.2,good,,,Keep weekly testing and regular water changes.,low,6.0,7.5,18.0,26.0,0.3,0.75,60.0,3.5
2272,1030,Plant,Riccia Fluitans,Riccia fluitans,High,6.09,22.4,0.205,0.057,43.6,6.1,good,,,Keep weekly testing and regular water changes.,low,6.0,7.5,18.0,26.0,0.3,0.75,60.0,3.5
2273,1030,Plant,Riccia Fluitans,Riccia fluitans,High,5.69,25.3,0.015,0.126,10.2,7.6,watch,pH,pH,Correct pH slowly with small water changes only. Move no more than 0.2 pH per day.,high,6.0,7.5,18.0,26.0,0.3,0.75,60.0,3.5
2274,1030,Plant,Riccia Fluitans,Riccia fluitans,High,7.14,20.5,0.013,0.082,64.8,8.3,watch,Nitrate,Nitrate,"Do a 25–40% water change, vacuum the substrate, and add fast-growing plants.",medium,6.0,7.5,18.0,26.0,0.3,0.75,60.0,3.5
2275,1030,Plant,Riccia Fluitans,Riccia fluitans,High,7.92,23.8,0.007,0.092,15.6,9.5,watch,pH,pH,Correct pH slowly with small water changes only. Move no more than 0.2 pH per day.,high,6.0,7.5,18.0,26.0,0.3,0.75,60.0,3.5
2276,1030,Plant,Riccia Fluitans,Riccia fluitans,High,7.22,27.2,0.049,0.009,14.3,9.4,watch,Temperature,Temperature,Adjust the heater 1°C at a time. Increase surface movement if the tank is hot.,high,6.0,7.5,18.0,26.0,0.3,0.75,60.0,3.5
2277,1030,Plant,Riccia Fluitans,Riccia fluitans,High,9.23,37.4,0.002,0.086,10.0,10.7,critical,"pH, Temperature",pH,Correct pH slowly with small water changes only. Move no more than 0.2 pH per day.,critical,6.0,7.5,18.0,26.0,0.3,0.75,60.0,3.5
2278,1030,Plant,Riccia Fluitans,Riccia fluitans,High,9.43,12.9,0.03,0.051,19.6,11.3,critical,"pH, Temperature",pH,Correct pH slowly with small water changes only. Move no more than 0.2 pH per day.,critical,6.0,7.5,18.0,26.0,0.3,0.75,60.0,3.5
2279,1030,Plant,Riccia Fluitans,Riccia fluitans,High,6.39,22.8,1.8,0.145,19.0,1.8,critical,"Ammonia, DissolvedO2",Ammonia,Do a 40–50% water change with dechlorinated water. Pause feeding 24 hours and add beneficial bacteria.,critical,6.0,7.5,18.0,26.0,0.3,0.75,60.0,3.5
2280,1030,Plant,Riccia Fluitans,Riccia fluitans,High,6.43,18.7,2.381,5.754,8.9,9.3,critical,"Ammonia, Nitrite",Ammonia,Do a 40–50% water change with dechlorinated water. Pause feeding 24 hours and add beneficial bacteria.,critical,6.0,7.5,18.0,26.0,0.3,0.75,60.0,3.5
2281,1031,Plant,Water Sprite,Ceratopteris thalictroides,Low,6.29,24.1,0.054,0.008,16.3,10.2,excellent,,,Keep weekly testing and regular water changes.,low,6.0,7.5,20.0,28.0,0.3,0.75,60.0,3.5
2282,1031,Plant,Water Sprite,Ceratopteris thalictroides,Low,7.02,21.6,0.054,0.048,8.7,6.9,excellent,,,Keep weekly testing and regular water changes.,low,6.0,7.5,20.0,28.0,0.3,0.75,60.0,3.5
2283,1031,Plant,Water Sprite,Ceratopteris thalictroides,Low,6.69,20.9,0.047,0.13,8.2,10.6,excellent,,,Keep weekly testing and regular water changes.,low,6.0,7.5,20.0,28.0,0.3,0.75,60.0,3.5
2284,1031,Plant,Water Sprite,Ceratopteris thalictroides,Low,7.39,20.8,0.043,0.15,18.4,9.1,excellent,,,Keep weekly testing and regular water changes.,low,6.0,7.5,20.0,28.0,0.3,0.75,60.0,3.5
2285,1031,Plant,Water Sprite,Ceratopteris thalictroides,Low,7.31,25.6,0.149,0.118,48.2,4.7,good,,,Keep weekly testing and regular water changes.,low,6.0,7.5,20.0,28.0,0.3,0.75,60.0,3.5
2286,1031,Plant,Water Sprite,Ceratopteris thalictroides,Low,6.5,21.5,0.232,0.37,45.0,4.4,good,,,Keep weekly testing and regular water changes.,low,6.0,7.5,20.0,28.0,0.3,0.75,60.0,3.5
2287,1031,Plant,Water Sprite,Ceratopteris thalictroides,Low,6.21,21.0,0.199,0.057,56.3,4.5,good,,,Keep weekly testing and regular water changes.,low,6.0,7.5,20.0,28.0,0.3,0.75,60.0,3.5
2288,1031,Plant,Water Sprite,Ceratopteris thalictroides,Low,6.11,26.4,0.33,0.051,9.5,9.9,watch,Ammonia,Ammonia,Do a 40–50% water change with dechlorinated water. Pause feeding 24 hours and add beneficial bacteria.,critical,6.0,7.5,20.0,28.0,0.3,0.75,60.0,3.5
2289,1031,Plant,Water Sprite,Ceratopteris thalictroides,Low,6.93,30.2,0.037,0.117,17.1,8.9,watch,Temperature,Temperature,Adjust the heater 1°C at a time. Increase surface movement if the tank is hot.,high,6.0,7.5,20.0,28.0,0.3,0.75,60.0,3.5
2290,1031,Plant,Water Sprite,Ceratopteris thalictroides,Low,5.84,20.6,0.042,0.039,15.0,7.1,watch,pH,pH,Correct pH slowly with small water changes only. Move no more than 0.2 pH per day.,high,6.0,7.5,20.0,28.0,0.3,0.75,60.0,3.5
2291,1031,Plant,Water Sprite,Ceratopteris thalictroides,Low,7.97,20.7,0.008,0.084,13.2,11.5,watch,pH,pH,Correct pH slowly with small water changes only. Move no more than 0.2 pH per day.,high,6.0,7.5,20.0,28.0,0.3,0.75,60.0,3.5
2292,1031,Plant,Water Sprite,Ceratopteris thalictroides,Low,6.28,23.4,1.854,5.799,14.4,9.9,critical,"Ammonia, Nitrite",Ammonia,Do a 40–50% water change with dechlorinated water. Pause feeding 24 hours and add beneficial bacteria.,critical,6.0,7.5,20.0,28.0,0.3,0.75,60.0,3.5
2293,1031,Plant,Water Sprite,Ceratopteris thalictroides,Low,6.47,26.3,1.8,0.044,18.2,1.7,critical,"Ammonia, DissolvedO2",Ammonia,Do a 40–50% water change with dechlorinated water. Pause feeding 24 hours and add beneficial bacteria.,critical,6.0,7.5,20.0,28.0,0.3,0.75,60.0,3.5
2294,1031,Plant,Water Sprite,Ceratopteris thalictroides,Low,6.2,25.9,2.386,5.016,16.1,8.7,critical,"Ammonia, Nitrite",Ammonia,Do a 40–50% water change with dechlorinated water. Pause feeding 24 hours and add beneficial bacteria.,critical,6.0,7.5,20.0,28.0,0.3,0.75,60.0,3.5
2295,1031,Plant,Water Sprite,Ceratopteris thalictroides,Low,6.76,25.1,1.999,6.223,16.4,9.0,critical,"Ammonia, Nitrite",Ammonia,Do a 40–50% water change with dechlorinated water. Pause feeding 24 hours and add beneficial bacteria.,critical,6.0,7.5,20.0,28.0,0.3,0.75,60.0,3.5
2296,1032,Plant,Banana Plant,Nymphoides aquatica,Low,7.3,21.4,0.018,0.078,18.0,10.7,excellent,,,Keep weekly testing and regular water changes.,low,6.0,7.5,20.0,28.0,0.25,0.75,45.0,4.0
2297,1032,Plant,Banana Plant,Nymphoides aquatica,Low,6.6,26.6,0.019,0.041,14.3,8.3,excellent,,,Keep weekly testing and regular water changes.,low,6.0,7.5,20.0,28.0,0.25,0.75,45.0,4.0
2298,1032,Plant,Banana Plant,Nymphoides aquatica,Low,6.91,23.4,0.04,0.143,10.4,9.1,excellent,,,Keep weekly testing and regular water changes.,low,6.0,7.5,20.0,28.0,0.25,0.75,45.0,4.0
2299,1032,Plant,Banana Plant,Nymphoides aquatica,Low,7.05,21.7,0.04,0.087,9.0,10.9,excellent,,,Keep weekly testing and regular water changes.,low,6.0,7.5,20.0,28.0,0.25,0.75,45.0,4.0
2300,1032,Plant,Banana Plant,Nymphoides aquatica,Low,6.64,21.5,0.112,0.412,41.9,5.1,good,,,Keep weekly testing and regular water changes.,low,6.0,7.5,20.0,28.0,0.25,0.75,45.0,4.0
2301,1032,Plant,Banana Plant,Nymphoides aquatica,Low,6.14,20.9,0.169,0.195,35.0,5.0,good,,,Keep weekly testing and regular water changes.,low,6.0,7.5,20.0,28.0,0.25,0.75,45.0,4.0
2302,1032,Plant,Banana Plant,Nymphoides aquatica,Low,6.7,25.1,0.155,0.086,35.9,5.3,good,,,Keep weekly testing and regular water changes.,low,6.0,7.5,20.0,28.0,0.25,0.75,45.0,4.0
2303,1032,Plant,Banana Plant,Nymphoides aquatica,Low,7.74,21.4,0.008,0.08,10.4,9.7,watch,pH,pH,Correct pH slowly with small water changes only. Move no more than 0.2 pH per day.,high,6.0,7.5,20.0,28.0,0.25,0.75,45.0,4.0
2304,1032,Plant,Banana Plant,Nymphoides aquatica,Low,6.96,29.2,0.008,0.121,12.3,11.2,watch,Temperature,Temperature,Adjust the heater 1°C at a time. Increase surface movement if the tank is hot.,high,6.0,7.5,20.0,28.0,0.25,0.75,45.0,4.0
2305,1032,Plant,Banana Plant,Nymphoides aquatica,Low,7.25,30.7,0.005,0.08,14.8,9.0,watch,Temperature,Temperature,Adjust the heater 1°C at a time. Increase surface movement if the tank is hot.,high,6.0,7.5,20.0,28.0,0.25,0.75,45.0,4.0
2306,1032,Plant,Banana Plant,Nymphoides aquatica,Low,7.02,30.6,0.042,0.123,15.7,9.8,watch,Temperature,Temperature,Adjust the heater 1°C at a time. Increase surface movement if the tank is hot.,high,6.0,7.5,20.0,28.0,0.25,0.75,45.0,4.0
2307,1032,Plant,Banana Plant,Nymphoides aquatica,Low,9.72,13.4,0.029,0.015,18.3,9.8,critical,"pH, Temperature",pH,Correct pH slowly with small water changes only. Move no more than 0.2 pH per day.,critical,6.0,7.5,20.0,28.0,0.25,0.75,45.0,4.0
2308,1032,Plant,Banana Plant,Nymphoides aquatica,Low,6.75,22.3,1.5,0.069,17.2,1.9,critical,"Ammonia, DissolvedO2",Ammonia,Do a 40–50% water change with dechlorinated water. Pause feeding 24 hours and add beneficial bacteria.,critical,6.0,7.5,20.0,28.0,0.25,0.75,45.0,4.0
2309,1032,Plant,Banana Plant,Nymphoides aquatica,Low,6.51,20.9,1.32,1.965,124.9,10.0,critical,"Ammonia, Nitrite, Nitrate",Ammonia,Do a 40–50% water change with dechlorinated water. Pause feeding 24 hours and add beneficial bacteria.,critical,6.0,7.5,20.0,28.0,0.25,0.75,45.0,4.0
2310,1032,Plant,Banana Plant,Nymphoides aquatica,Low,4.77,33.0,0.025,0.134,15.1,8.7,critical,"pH, Temperature",pH,Correct pH slowly with small water changes only. Move no more than 0.2 pH per day.,critical,6.0,7.5,20.0,28.0,0.25,0.75,45.0,4.0
2311,1033,Plant,Marimo Moss Ball,Aegagropila linnaei,Low,6.29,21.6,0.028,0.052,7.5,10.3,excellent,,,Keep weekly testing and regular water changes.,low,6.0,7.5,18.0,25.0,0.25,0.75,45.0,4.0
2312,1033,Plant,Marimo Moss Ball,Aegagropila linnaei,Low,6.41,22.3,0.028,0.065,14.1,10.0,excellent,,,Keep weekly testing and regular water changes.,low,6.0,7.5,18.0,25.0,0.25,0.75,45.0,4.0
2313,1033,Plant,Marimo Moss Ball,Aegagropila linnaei,Low,6.85,21.8,0.022,0.065,12.9,8.8,excellent,,,Keep weekly testing and regular water changes.,low,6.0,7.5,18.0,25.0,0.25,0.75,45.0,4.0
2314,1033,Plant,Marimo Moss Ball,Aegagropila linnaei,Low,6.67,19.8,0.036,0.02,17.8,9.7,excellent,,,Keep weekly testing and regular water changes.,low,6.0,7.5,18.0,25.0,0.25,0.75,45.0,4.0
2315,1033,Plant,Marimo Moss Ball,Aegagropila linnaei,Low,6.09,22.6,0.133,0.488,41.9,6.1,good,,,Keep weekly testing and regular water changes.,low,6.0,7.5,18.0,25.0,0.25,0.75,45.0,4.0
2316,1033,Plant,Marimo Moss Ball,Aegagropila linnaei,Low,6.85,24.3,0.169,0.459,31.4,6.3,good,,,Keep weekly testing and regular water changes.,low,6.0,7.5,18.0,25.0,0.25,0.75,45.0,4.0
2317,1033,Plant,Marimo Moss Ball,Aegagropila linnaei,Low,6.99,20.2,0.212,0.361,41.5,4.2,good,,,Keep weekly testing and regular water changes.,low,6.0,7.5,18.0,25.0,0.25,0.75,45.0,4.0
2318,1033,Plant,Marimo Moss Ball,Aegagropila linnaei,Low,5.8,22.7,0.001,0.114,14.8,7.9,watch,pH,pH,Correct pH slowly with small water changes only. Move no more than 0.2 pH per day.,high,6.0,7.5,18.0,25.0,0.25,0.75,45.0,4.0
2319,1033,Plant,Marimo Moss Ball,Aegagropila linnaei,Low,7.18,23.6,0.024,0.076,57.6,8.3,watch,Nitrate,Nitrate,"Do a 25–40% water change, vacuum the substrate, and add fast-growing plants.",medium,6.0,7.5,18.0,25.0,0.25,0.75,45.0,4.0
2320,1033,Plant,Marimo Moss Ball,Aegagropila linnaei,Low,6.49,20.9,0.015,0.099,49.1,7.3,watch,Nitrate,Nitrate,"Do a 25–40% water change, vacuum the substrate, and add fast-growing plants.",medium,6.0,7.5,18.0,25.0,0.25,0.75,45.0,4.0
2321,1033,Plant,Marimo Moss Ball,Aegagropila linnaei,Low,5.57,21.0,0.039,0.081,7.8,9.7,watch,pH,pH,Correct pH slowly with small water changes only. Move no more than 0.2 pH per day.,high,6.0,7.5,18.0,25.0,0.25,0.75,45.0,4.0
2322,1033,Plant,Marimo Moss Ball,Aegagropila linnaei,Low,6.61,20.0,1.5,0.004,16.7,1.5,critical,"Ammonia, DissolvedO2",Ammonia,Do a 40–50% water change with dechlorinated water. Pause feeding 24 hours and add beneficial bacteria.,critical,6.0,7.5,18.0,25.0,0.25,0.75,45.0,4.0
2323,1033,Plant,Marimo Moss Ball,Aegagropila linnaei,Low,6.22,23.7,1.011,5.184,122.0,6.8,critical,"Ammonia, Nitrite, Nitrate",Ammonia,Do a 40–50% water change with dechlorinated water. Pause feeding 24 hours and add beneficial bacteria.,critical,6.0,7.5,18.0,25.0,0.25,0.75,45.0,4.0
2324,1033,Plant,Marimo Moss Ball,Aegagropila linnaei,Low,6.7,24.2,0.246,5.002,81.9,6.8,critical,"Nitrite, Nitrate",Nitrite,Change 40% of the water and add a nitrite detoxifier. Do not replace all filter media at once.,critical,6.0,7.5,18.0,25.0,0.25,0.75,45.0,4.0
2325,1033,Plant,Marimo Moss Ball,Aegagropila linnaei,Low,10.1,13.3,0.027,0.039,15.2,11.1,critical,"pH, Temperature",pH,Correct pH slowly with small water changes only. Move no more than 0.2 pH per day.,critical,6.0,7.5,18.0,25.0,0.25,0.75,45.0,4.0
2326,1034,Plant,Water Trumpet (Crypt Undulata),Cryptocoryne undulata,Low,6.36,23.0,0.038,0.119,18.9,11.3,excellent,,,Keep weekly testing and regular water changes.,low,6.0,7.5,22.0,28.0,0.25,0.75,45.0,4.0
2327,1034,Plant,Water Trumpet (Crypt Undulata),Cryptocoryne undulata,Low,6.66,23.2,0.001,0.08,17.3,7.9,excellent,,,Keep weekly testing and regular water changes.,low,6.0,7.5,22.0,28.0,0.25,0.75,45.0,4.0
2328,1034,Plant,Water Trumpet (Crypt Undulata),Cryptocoryne undulata,Low,6.35,24.7,0.045,0.068,15.7,8.9,excellent,,,Keep weekly testing and regular water changes.,low,6.0,7.5,22.0,28.0,0.25,0.75,45.0,4.0
2329,1034,Plant,Water Trumpet (Crypt Undulata),Cryptocoryne undulata,Low,6.58,24.7,0.038,0.113,12.3,7.9,excellent,,,Keep weekly testing and regular water changes.,low,6.0,7.5,22.0,28.0,0.25,0.75,45.0,4.0
2330,1034,Plant,Water Trumpet (Crypt Undulata),Cryptocoryne undulata,Low,6.22,22.2,0.102,0.086,38.6,6.1,good,,,Keep weekly testing and regular water changes.,low,6.0,7.5,22.0,28.0,0.25,0.75,45.0,4.0
2331,1034,Plant,Water Trumpet (Crypt Undulata),Cryptocoryne undulata,Low,7.1,26.3,0.212,0.505,32.9,4.5,good,,,Keep weekly testing and regular water changes.,low,6.0,7.5,22.0,28.0,0.25,0.75,45.0,4.0
2332,1034,Plant,Water Trumpet (Crypt Undulata),Cryptocoryne undulata,Low,6.24,27.3,0.1,0.179,36.4,5.6,good,,,Keep weekly testing and regular water changes.,low,6.0,7.5,22.0,28.0,0.25,0.75,45.0,4.0
2333,1034,Plant,Water Trumpet (Crypt Undulata),Cryptocoryne undulata,Low,7.74,26.4,0.029,0.128,8.2,10.9,watch,pH,pH,Correct pH slowly with small water changes only. Move no more than 0.2 pH per day.,high,6.0,7.5,22.0,28.0,0.25,0.75,45.0,4.0
2334,1034,Plant,Water Trumpet (Crypt Undulata),Cryptocoryne undulata,Low,7.39,20.9,0.042,0.137,11.7,7.7,watch,Temperature,Temperature,Adjust the heater 1°C at a time. Increase surface movement if the tank is hot.,high,6.0,7.5,22.0,28.0,0.25,0.75,45.0,4.0
2335,1034,Plant,Water Trumpet (Crypt Undulata),Cryptocoryne undulata,Low,7.84,26.6,0.049,0.127,14.6,7.2,watch,pH,pH,Correct pH slowly with small water changes only. Move no more than 0.2 pH per day.,high,6.0,7.5,22.0,28.0,0.25,0.75,45.0,4.0
2336,1034,Plant,Water Trumpet (Crypt Undulata),Cryptocoryne undulata,Low,7.89,23.4,0.046,0.103,10.9,11.0,watch,pH,pH,Correct pH slowly with small water changes only. Move no more than 0.2 pH per day.,high,6.0,7.5,22.0,28.0,0.25,0.75,45.0,4.0
2337,1034,Plant,Water Trumpet (Crypt Undulata),Cryptocoryne undulata,Low,9.12,33.7,0.02,0.002,13.5,10.4,critical,"pH, Temperature",pH,Correct pH slowly with small water changes only. Move no more than 0.2 pH per day.,critical,6.0,7.5,22.0,28.0,0.25,0.75,45.0,4.0
2338,1034,Plant,Water Trumpet (Crypt Undulata),Cryptocoryne undulata,Low,7.08,26.9,1.35,5.589,9.6,7.3,critical,"Ammonia, Nitrite",Ammonia,Do a 40–50% water change with dechlorinated water. Pause feeding 24 hours and add beneficial bacteria.,critical,6.0,7.5,22.0,28.0,0.25,0.75,45.0,4.0
2339,1034,Plant,Water Trumpet (Crypt Undulata),Cryptocoryne undulata,Low,6.73,23.1,0.525,5.327,107.6,8.6,critical,"Ammonia, Nitrite, Nitrate",Ammonia,Do a 40–50% water change with dechlorinated water. Pause feeding 24 hours and add beneficial bacteria.,critical,6.0,7.5,22.0,28.0,0.25,0.75,45.0,4.0
2340,1034,Plant,Water Trumpet (Crypt Undulata),Cryptocoryne undulata,Low,4.34,34.0,0.038,0.03,13.8,9.5,critical,"pH, Temperature",pH,Correct pH slowly with small water changes only. Move no more than 0.2 pH per day.,critical,6.0,7.5,22.0,28.0,0.25,0.75,45.0,4.0
2341,1035,Plant,Lotus (Dwarf Aquatic),Nymphaea stellata,Medium,7.15,24.9,0.026,0.03,6.6,7.3,excellent,,,Keep weekly testing and regular water changes.,low,6.0,7.5,22.0,28.0,0.2,0.5,40.0,4.0
2342,1035,Plant,Lotus (Dwarf Aquatic),Nymphaea stellata,Medium,7.38,25.6,0.033,0.002,13.5,9.0,excellent,,,Keep weekly testing and regular water changes.,low,6.0,7.5,22.0,28.0,0.2,0.5,40.0,4.0
2343,1035,Plant,Lotus (Dwarf Aquatic),Nymphaea stellata,Medium,6.97,24.3,0.025,0.004,6.4,10.6,excellent,,,Keep weekly testing and regular water changes.,low,6.0,7.5,22.0,28.0,0.2,0.5,40.0,4.0
2344,1035,Plant,Lotus (Dwarf Aquatic),Nymphaea stellata,Medium,6.25,22.7,0.036,0.027,11.7,10.8,excellent,,,Keep weekly testing and regular water changes.,low,6.0,7.5,22.0,28.0,0.2,0.5,40.0,4.0
2345,1035,Plant,Lotus (Dwarf Aquatic),Nymphaea stellata,Medium,7.11,22.4,0.126,0.19,30.2,5.9,good,,,Keep weekly testing and regular water changes.,low,6.0,7.5,22.0,28.0,0.2,0.5,40.0,4.0
2346,1035,Plant,Lotus (Dwarf Aquatic),Nymphaea stellata,Medium,7.43,23.0,0.085,0.257,31.5,6.0,good,,,Keep weekly testing and regular water changes.,low,6.0,7.5,22.0,28.0,0.2,0.5,40.0,4.0
2347,1035,Plant,Lotus (Dwarf Aquatic),Nymphaea stellata,Medium,6.23,22.4,0.14,0.348,27.1,6.2,good,,,Keep weekly testing and regular water changes.,low,6.0,7.5,22.0,28.0,0.2,0.5,40.0,4.0
2348,1035,Plant,Lotus (Dwarf Aquatic),Nymphaea stellata,Medium,6.6,20.9,0.02,0.028,12.8,8.0,watch,Temperature,Temperature,Adjust the heater 1°C at a time. Increase surface movement if the tank is hot.,high,6.0,7.5,22.0,28.0,0.2,0.5,40.0,4.0
2349,1035,Plant,Lotus (Dwarf Aquatic),Nymphaea stellata,Medium,7.19,30.4,0.016,0.045,15.6,7.2,watch,Temperature,Temperature,Adjust the heater 1°C at a time. Increase surface movement if the tank is hot.,high,6.0,7.5,22.0,28.0,0.2,0.5,40.0,4.0
2350,1035,Plant,Lotus (Dwarf Aquatic),Nymphaea stellata,Medium,6.84,30.8,0.012,0.03,9.2,6.6,watch,Temperature,Temperature,Adjust the heater 1°C at a time. Increase surface movement if the tank is hot.,high,6.0,7.5,22.0,28.0,0.2,0.5,40.0,4.0
2351,1035,Plant,Lotus (Dwarf Aquatic),Nymphaea stellata,Medium,5.57,22.7,0.011,0.041,11.3,6.8,watch,pH,pH,Correct pH slowly with small water changes only. Move no more than 0.2 pH per day.,high,6.0,7.5,22.0,28.0,0.2,0.5,40.0,4.0
2352,1035,Plant,Lotus (Dwarf Aquatic),Nymphaea stellata,Medium,9.68,35.6,0.032,0.036,10.1,11.3,critical,"pH, Temperature",pH,Correct pH slowly with small water changes only. Move no more than 0.2 pH per day.,critical,6.0,7.5,22.0,28.0,0.2,0.5,40.0,4.0
2353,1035,Plant,Lotus (Dwarf Aquatic),Nymphaea stellata,Medium,6.2,27.0,1.2,0.01,14.5,1.6,critical,"Ammonia, DissolvedO2",Ammonia,Do a 40–50% water change with dechlorinated water. Pause feeding 24 hours and add beneficial bacteria.,critical,6.0,7.5,22.0,28.0,0.2,0.5,40.0,4.0
2354,1035,Plant,Lotus (Dwarf Aquatic),Nymphaea stellata,Medium,6.78,26.7,1.248,1.46,92.7,10.9,critical,"Ammonia, Nitrite, Nitrate",Ammonia,Do a 40–50% water change with dechlorinated water. Pause feeding 24 hours and add beneficial bacteria.,critical,6.0,7.5,22.0,28.0,0.2,0.5,40.0,4.0
2355,1035,Plant,Lotus (Dwarf Aquatic),Nymphaea stellata,Medium,6.08,24.7,1.189,6.105,80.6,6.8,critical,"Ammonia, Nitrite, Nitrate",Ammonia,Do a 40–50% water change with dechlorinated water. Pause feeding 24 hours and add beneficial bacteria.,critical,6.0,7.5,22.0,28.0,0.2,0.5,40.0,4.0
2356,1036,Plant,Water Hyacinth,Eichhornia crassipes,Low,6.64,21.0,0.058,0.117,12.5,7.9,excellent,,,Keep weekly testing and regular water changes.,low,6.0,7.5,20.0,30.0,0.3,0.75,60.0,3.5
2357,1036,Plant,Water Hyacinth,Eichhornia crassipes,Low,6.87,29.3,0.017,0.142,12.3,10.1,excellent,,,Keep weekly testing and regular water changes.,low,6.0,7.5,20.0,30.0,0.3,0.75,60.0,3.5
2358,1036,Plant,Water Hyacinth,Eichhornia crassipes,Low,6.59,21.3,0.056,0.025,20.3,7.0,excellent,,,Keep weekly testing and regular water changes.,low,6.0,7.5,20.0,30.0,0.3,0.75,60.0,3.5
2359,1036,Plant,Water Hyacinth,Eichhornia crassipes,Low,6.44,28.7,0.04,0.028,15.7,7.4,excellent,,,Keep weekly testing and regular water changes.,low,6.0,7.5,20.0,30.0,0.3,0.75,60.0,3.5
2360,1036,Plant,Water Hyacinth,Eichhornia crassipes,Low,7.3,20.6,0.184,0.033,51.5,6.3,good,,,Keep weekly testing and regular water changes.,low,6.0,7.5,20.0,30.0,0.3,0.75,60.0,3.5
2361,1036,Plant,Water Hyacinth,Eichhornia crassipes,Low,7.23,23.8,0.141,0.064,54.7,3.9,good,,,Keep weekly testing and regular water changes.,low,6.0,7.5,20.0,30.0,0.3,0.75,60.0,3.5
2362,1036,Plant,Water Hyacinth,Eichhornia crassipes,Low,6.94,23.7,0.254,0.267,48.9,6.3,good,,,Keep weekly testing and regular water changes.,low,6.0,7.5,20.0,30.0,0.3,0.75,60.0,3.5
2363,1036,Plant,Water Hyacinth,Eichhornia crassipes,Low,7.38,25.7,0.048,0.095,70.7,6.8,watch,Nitrate,Nitrate,"Do a 25–40% water change, vacuum the substrate, and add fast-growing plants.",medium,6.0,7.5,20.0,30.0,0.3,0.75,60.0,3.5
2364,1036,Plant,Water Hyacinth,Eichhornia crassipes,Low,6.24,22.6,0.044,0.022,66.9,10.2,watch,Nitrate,Nitrate,"Do a 25–40% water change, vacuum the substrate, and add fast-growing plants.",medium,6.0,7.5,20.0,30.0,0.3,0.75,60.0,3.5
2365,1036,Plant,Water Hyacinth,Eichhornia crassipes,Low,6.43,23.9,0.327,0.091,17.7,10.9,watch,Ammonia,Ammonia,Do a 40–50% water change with dechlorinated water. Pause feeding 24 hours and add beneficial bacteria.,critical,6.0,7.5,20.0,30.0,0.3,0.75,60.0,3.5
2366,1036,Plant,Water Hyacinth,Eichhornia crassipes,Low,8.04,28.0,0.005,0.083,15.1,8.2,watch,pH,pH,Correct pH slowly with small water changes only. Move no more than 0.2 pH per day.,high,6.0,7.5,20.0,30.0,0.3,0.75,60.0,3.5
2367,1036,Plant,Water Hyacinth,Eichhornia crassipes,Low,6.22,21.8,1.8,0.077,11.4,2.0,critical,"Ammonia, DissolvedO2",Ammonia,Do a 40–50% water change with dechlorinated water. Pause feeding 24 hours and add beneficial bacteria.,critical,6.0,7.5,20.0,30.0,0.3,0.75,60.0,3.5
2368,1036,Plant,Water Hyacinth,Eichhornia crassipes,Low,6.84,22.8,2.106,4.86,19.5,6.9,critical,"Ammonia, Nitrite",Ammonia,Do a 40–50% water change with dechlorinated water. Pause feeding 24 hours and add beneficial bacteria.,critical,6.0,7.5,20.0,30.0,0.3,0.75,60.0,3.5
2369,1036,Plant,Water Hyacinth,Eichhornia crassipes,Low,9.71,15.8,0.054,0.012,19.4,10.2,critical,"pH, Temperature",pH,Correct pH slowly with small water changes only. Move no more than 0.2 pH per day.,critical,6.0,7.5,20.0,30.0,0.3,0.75,60.0,3.5
2370,1036,Plant,Water Hyacinth,Eichhornia crassipes,Low,6.51,27.8,1.8,0.065,18.1,1.6,critical,"Ammonia, DissolvedO2",Ammonia,Do a 40–50% water change with dechlorinated water. Pause feeding 24 hours and add beneficial bacteria.,critical,6.0,7.5,20.0,30.0,0.3,0.75,60.0,3.5
2371,1037,Plant,Pennywort (Brazilian),Hydrocotyle leucocephala,Low,6.43,25.5,0.014,0.06,13.6,11.3,excellent,,,Keep weekly testing and regular water changes.,low,6.0,7.5,20.0,28.0,0.25,0.75,50.0,4.0
2372,1037,Plant,Pennywort (Brazilian),Hydrocotyle leucocephala,Low,7.14,21.9,0.044,0.127,15.9,9.1,excellent,,,Keep weekly testing and regular water changes.,low,6.0,7.5,20.0,28.0,0.25,0.75,50.0,4.0
2373,1037,Plant,Pennywort (Brazilian),Hydrocotyle leucocephala,Low,6.17,25.4,0.026,0.046,7.3,7.7,excellent,,,Keep weekly testing and regular water changes.,low,6.0,7.5,20.0,28.0,0.25,0.75,50.0,4.0
2374,1037,Plant,Pennywort (Brazilian),Hydrocotyle leucocephala,Low,6.89,21.4,0.033,0.123,10.9,6.9,excellent,,,Keep weekly testing and regular water changes.,low,6.0,7.5,20.0,28.0,0.25,0.75,50.0,4.0
2375,1037,Plant,Pennywort (Brazilian),Hydrocotyle leucocephala,Low,6.22,22.9,0.189,0.333,45.5,6.5,good,,,Keep weekly testing and regular water changes.,low,6.0,7.5,20.0,28.0,0.25,0.75,50.0,4.0
2376,1037,Plant,Pennywort (Brazilian),Hydrocotyle leucocephala,Low,6.32,25.5,0.146,0.259,37.4,5.0,good,,,Keep weekly testing and regular water changes.,low,6.0,7.5,20.0,28.0,0.25,0.75,50.0,4.0
2377,1037,Plant,Pennywort (Brazilian),Hydrocotyle leucocephala,Low,7.01,24.9,0.127,0.062,41.2,5.9,good,,,Keep weekly testing and regular water changes.,low,6.0,7.5,20.0,28.0,0.25,0.75,50.0,4.0
2378,1037,Plant,Pennywort (Brazilian),Hydrocotyle leucocephala,Low,7.82,20.6,0.014,0.117,15.9,6.6,watch,pH,pH,Correct pH slowly with small water changes only. Move no more than 0.2 pH per day.,high,6.0,7.5,20.0,28.0,0.25,0.75,50.0,4.0
2379,1037,Plant,Pennywort (Brazilian),Hydrocotyle leucocephala,Low,6.95,28.9,0.031,0.142,11.5,8.2,watch,Temperature,Temperature,Adjust the heater 1°C at a time. Increase surface movement if the tank is hot.,high,6.0,7.5,20.0,28.0,0.25,0.75,50.0,4.0
2380,1037,Plant,Pennywort (Brazilian),Hydrocotyle leucocephala,Low,6.16,26.9,0.275,0.001,17.7,7.4,watch,Ammonia,Ammonia,Do a 40–50% water change with dechlorinated water. Pause feeding 24 hours and add beneficial bacteria.,critical,6.0,7.5,20.0,28.0,0.25,0.75,50.0,4.0
2381,1037,Plant,Pennywort (Brazilian),Hydrocotyle leucocephala,Low,6.56,19.2,0.031,0.029,18.8,7.5,watch,Temperature,Temperature,Adjust the heater 1°C at a time. Increase surface movement if the tank is hot.,high,6.0,7.5,20.0,28.0,0.25,0.75,50.0,4.0
2382,1037,Plant,Pennywort (Brazilian),Hydrocotyle leucocephala,Low,7.35,23.5,1.255,4.382,100.2,7.8,critical,"Ammonia, Nitrite, Nitrate",Ammonia,Do a 40–50% water change with dechlorinated water. Pause feeding 24 hours and add beneficial bacteria.,critical,6.0,7.5,20.0,28.0,0.25,0.75,50.0,4.0
2383,1037,Plant,Pennywort (Brazilian),Hydrocotyle leucocephala,Low,9.27,37.5,0.048,0.13,18.1,10.1,critical,"pH, Temperature",pH,Correct pH slowly with small water changes only. Move no more than 0.2 pH per day.,critical,6.0,7.5,20.0,28.0,0.25,0.75,50.0,4.0
2384,1037,Plant,Pennywort (Brazilian),Hydrocotyle leucocephala,Low,7.05,22.0,0.856,1.677,90.0,10.1,critical,"Ammonia, Nitrite, Nitrate",Ammonia,Do a 40–50% water change with dechlorinated water. Pause feeding 24 hours and add beneficial bacteria.,critical,6.0,7.5,20.0,28.0,0.25,0.75,50.0,4.0
2385,1037,Plant,Pennywort (Brazilian),Hydrocotyle leucocephala,Low,7.21,24.0,0.232,2.428,121.2,8.1,critical,"Nitrite, Nitrate",Nitrite,Change 40% of the water and add a nitrite detoxifier. Do not replace all filter media at once.,critical,6.0,7.5,20.0,28.0,0.25,0.75,50.0,4.0
2386,1038,Plant,Alternanthera Reineckii,Alternanthera reineckii,Medium,7.19,27.0,0.025,0.063,7.5,9.4,excellent,,,Keep weekly testing and regular water changes.,low,6.0,7.5,22.0,28.0,0.2,0.5,40.0,4.0
2387,1038,Plant,Alternanthera Reineckii,Alternanthera reineckii,Medium,6.58,23.7,0.023,0.0,8.7,9.8,excellent,,,Keep weekly testing and regular water changes.,low,6.0,7.5,22.0,28.0,0.2,0.5,40.0,4.0
2388,1038,Plant,Alternanthera Reineckii,Alternanthera reineckii,Medium,6.69,23.3,0.0,0.027,11.4,9.2,excellent,,,Keep weekly testing and regular water changes.,low,6.0,7.5,22.0,28.0,0.2,0.5,40.0,4.0
2389,1038,Plant,Alternanthera Reineckii,Alternanthera reineckii,Medium,6.26,25.5,0.04,0.058,11.1,9.7,excellent,,,Keep weekly testing and regular water changes.,low,6.0,7.5,22.0,28.0,0.2,0.5,40.0,4.0
2390,1038,Plant,Alternanthera Reineckii,Alternanthera reineckii,Medium,7.3,27.5,0.074,0.072,27.4,6.0,good,,,Keep weekly testing and regular water changes.,low,6.0,7.5,22.0,28.0,0.2,0.5,40.0,4.0
2391,1038,Plant,Alternanthera Reineckii,Alternanthera reineckii,Medium,7.34,22.3,0.13,0.096,31.6,5.2,good,,,Keep weekly testing and regular water changes.,low,6.0,7.5,22.0,28.0,0.2,0.5,40.0,4.0
2392,1038,Plant,Alternanthera Reineckii,Alternanthera reineckii,Medium,7.11,25.0,0.112,0.256,37.1,6.0,good,,,Keep weekly testing and regular water changes.,low,6.0,7.5,22.0,28.0,0.2,0.5,40.0,4.0
2393,1038,Plant,Alternanthera Reineckii,Alternanthera reineckii,Medium,7.07,24.9,0.206,0.049,15.1,10.6,watch,Ammonia,Ammonia,Do a 40–50% water change with dechlorinated water. Pause feeding 24 hours and add beneficial bacteria.,critical,6.0,7.5,22.0,28.0,0.2,0.5,40.0,4.0
2394,1038,Plant,Alternanthera Reineckii,Alternanthera reineckii,Medium,7.88,25.9,0.024,0.098,11.3,8.3,watch,pH,pH,Correct pH slowly with small water changes only. Move no more than 0.2 pH per day.,high,6.0,7.5,22.0,28.0,0.2,0.5,40.0,4.0
2395,1038,Plant,Alternanthera Reineckii,Alternanthera reineckii,Medium,6.12,30.5,0.036,0.0,14.2,10.6,watch,Temperature,Temperature,Adjust the heater 1°C at a time. Increase surface movement if the tank is hot.,high,6.0,7.5,22.0,28.0,0.2,0.5,40.0,4.0
2396,1038,Plant,Alternanthera Reineckii,Alternanthera reineckii,Medium,7.78,25.0,0.01,0.029,12.0,7.8,watch,pH,pH,Correct pH slowly with small water changes only. Move no more than 0.2 pH per day.,high,6.0,7.5,22.0,28.0,0.2,0.5,40.0,4.0
2397,1038,Plant,Alternanthera Reineckii,Alternanthera reineckii,Medium,7.33,26.1,1.2,0.096,6.1,1.7,critical,"Ammonia, DissolvedO2",Ammonia,Do a 40–50% water change with dechlorinated water. Pause feeding 24 hours and add beneficial bacteria.,critical,6.0,7.5,22.0,28.0,0.2,0.5,40.0,4.0
2398,1038,Plant,Alternanthera Reineckii,Alternanthera reineckii,Medium,6.23,26.3,1.2,0.054,11.5,1.6,critical,"Ammonia, DissolvedO2",Ammonia,Do a 40–50% water change with dechlorinated water. Pause feeding 24 hours and add beneficial bacteria.,critical,6.0,7.5,22.0,28.0,0.2,0.5,40.0,4.0
2399,1038,Plant,Alternanthera Reineckii,Alternanthera reineckii,Medium,6.11,26.9,1.2,0.048,6.2,1.5,critical,"Ammonia, DissolvedO2",Ammonia,Do a 40–50% water change with dechlorinated water. Pause feeding 24 hours and add beneficial bacteria.,critical,6.0,7.5,22.0,28.0,0.2,0.5,40.0,4.0
2400,1038,Plant,Alternanthera Reineckii,Alternanthera reineckii,Medium,4.67,34.2,0.013,0.028,14.2,9.0,critical,"pH, Temperature",pH,Correct pH slowly with small water changes only. Move no more than 0.2 pH per day.,critical,6.0,7.5,22.0,28.0,0.2,0.5,40.0,4.0
2401,1039,Plant,Micro Sword,Lilaeopsis brasiliensis,High,6.91,24.0,0.016,0.021,7.5,8.3,excellent,,,Keep weekly testing and regular water changes.,low,6.0,7.5,20.0,26.0,0.1,0.25,25.0,5.0
2402,1039,Plant,Micro Sword,Lilaeopsis brasiliensis,High,6.84,22.3,0.007,0.001,12.2,7.3,excellent,,,Keep weekly testing and regular water changes.,low,6.0,7.5,20.0,26.0,0.1,0.25,25.0,5.0
2403,1039,Plant,Micro Sword,Lilaeopsis brasiliensis,High,6.44,25.0,0.015,0.029,10.0,7.4,excellent,,,Keep weekly testing and regular water changes.,low,6.0,7.5,20.0,26.0,0.1,0.25,25.0,5.0
2404,1039,Plant,Micro Sword,Lilaeopsis brasiliensis,High,7.16,21.8,0.019,0.012,9.7,9.5,excellent,,,Keep weekly testing and regular water changes.,low,6.0,7.5,20.0,26.0,0.1,0.25,25.0,5.0
2405,1039,Plant,Micro Sword,Lilaeopsis brasiliensis,High,6.23,22.2,0.074,0.037,23.5,5.7,good,,,Keep weekly testing and regular water changes.,low,6.0,7.5,20.0,26.0,0.1,0.25,25.0,5.0
2406,1039,Plant,Micro Sword,Lilaeopsis brasiliensis,High,6.94,23.7,0.059,0.115,21.8,6.3,good,,,Keep weekly testing and regular water changes.,low,6.0,7.5,20.0,26.0,0.1,0.25,25.0,5.0
2407,1039,Plant,Micro Sword,Lilaeopsis brasiliensis,High,6.84,23.6,0.055,0.012,17.4,6.3,good,,,Keep weekly testing and regular water changes.,low,6.0,7.5,20.0,26.0,0.1,0.25,25.0,5.0
2408,1039,Plant,Micro Sword,Lilaeopsis brasiliensis,High,7.32,28.2,0.011,0.013,9.2,10.4,watch,Temperature,Temperature,Adjust the heater 1°C at a time. Increase surface movement if the tank is hot.,high,6.0,7.5,20.0,26.0,0.1,0.25,25.0,5.0
2409,1039,Plant,Micro Sword,Lilaeopsis brasiliensis,High,7.12,20.9,0.01,0.013,29.2,10.6,watch,Nitrate,Nitrate,"Do a 25–40% water change, vacuum the substrate, and add fast-growing plants.",medium,6.0,7.5,20.0,26.0,0.1,0.25,25.0,5.0
2410,1039,Plant,Micro Sword,Lilaeopsis brasiliensis,High,6.41,22.8,0.019,0.005,35.1,8.6,watch,Nitrate,Nitrate,"Do a 25–40% water change, vacuum the substrate, and add fast-growing plants.",medium,6.0,7.5,20.0,26.0,0.1,0.25,25.0,5.0
2411,1039,Plant,Micro Sword,Lilaeopsis brasiliensis,High,6.4,18.6,0.002,0.041,6.5,9.7,watch,Temperature,Temperature,Adjust the heater 1°C at a time. Increase surface movement if the tank is hot.,high,6.0,7.5,20.0,26.0,0.1,0.25,25.0,5.0
2412,1039,Plant,Micro Sword,Lilaeopsis brasiliensis,High,6.9,21.9,0.721,4.245,84.2,10.8,critical,"Ammonia, Nitrite, Nitrate",Ammonia,Do a 40–50% water change with dechlorinated water. Pause feeding 24 hours and add beneficial bacteria.,critical,6.0,7.5,20.0,26.0,0.1,0.25,25.0,5.0
2413,1039,Plant,Micro Sword,Lilaeopsis brasiliensis,High,4.94,13.0,0.019,0.044,8.1,8.7,critical,"pH, Temperature",pH,Correct pH slowly with small water changes only. Move no more than 0.2 pH per day.,critical,6.0,7.5,20.0,26.0,0.1,0.25,25.0,5.0
2414,1039,Plant,Micro Sword,Lilaeopsis brasiliensis,High,7.1,24.0,0.809,2.192,10.8,11.4,critical,"Ammonia, Nitrite",Ammonia,Do a 40–50% water change with dechlorinated water. Pause feeding 24 hours and add beneficial bacteria.,critical,6.0,7.5,20.0,26.0,0.1,0.25,25.0,5.0
2415,1039,Plant,Micro Sword,Lilaeopsis brasiliensis,High,6.92,21.3,0.88,1.829,9.0,7.7,critical,"Ammonia, Nitrite",Ammonia,Do a 40–50% water change with dechlorinated water. Pause feeding 24 hours and add beneficial bacteria.,critical,6.0,7.5,20.0,26.0,0.1,0.25,25.0,5.0
2416,1040,Plant,Bolbitis (African Fern),Bolbitis heudelotii,Medium,6.57,24.5,0.004,0.006,14.6,11.0,excellent,,,Keep weekly testing and regular water changes.,low,6.0,7.5,22.0,28.0,0.2,0.5,40.0,4.0
2417,1040,Plant,Bolbitis (African Fern),Bolbitis heudelotii,Medium,6.08,25.7,0.004,0.081,14.6,9.6,excellent,,,Keep weekly testing and regular water changes.,low,6.0,7.5,22.0,28.0,0.2,0.5,40.0,4.0
2418,1040,Plant,Bolbitis (African Fern),Bolbitis heudelotii,Medium,6.9,24.4,0.01,0.05,7.3,9.9,excellent,,,Keep weekly testing and regular water changes.,low,6.0,7.5,22.0,28.0,0.2,0.5,40.0,4.0
2419,1040,Plant,Bolbitis (African Fern),Bolbitis heudelotii,Medium,6.71,23.5,0.024,0.08,11.7,9.2,excellent,,,Keep weekly testing and regular water changes.,low,6.0,7.5,22.0,28.0,0.2,0.5,40.0,4.0
2420,1040,Plant,Bolbitis (African Fern),Bolbitis heudelotii,Medium,7.26,22.2,0.132,0.143,28.3,6.5,good,,,Keep weekly testing and regular water changes.,low,6.0,7.5,22.0,28.0,0.2,0.5,40.0,4.0
2421,1040,Plant,Bolbitis (African Fern),Bolbitis heudelotii,Medium,6.61,24.1,0.087,0.349,36.3,4.4,good,,,Keep weekly testing and regular water changes.,low,6.0,7.5,22.0,28.0,0.2,0.5,40.0,4.0
2422,1040,Plant,Bolbitis (African Fern),Bolbitis heudelotii,Medium,6.85,23.0,0.142,0.169,27.3,5.5,good,,,Keep weekly testing and regular water changes.,low,6.0,7.5,22.0,28.0,0.2,0.5,40.0,4.0
2423,1040,Plant,Bolbitis (African Fern),Bolbitis heudelotii,Medium,7.3,24.2,0.212,0.095,7.4,8.9,watch,Ammonia,Ammonia,Do a 40–50% water change with dechlorinated water. Pause feeding 24 hours and add beneficial bacteria.,critical,6.0,7.5,22.0,28.0,0.2,0.5,40.0,4.0
2424,1040,Plant,Bolbitis (African Fern),Bolbitis heudelotii,Medium,6.32,20.0,0.003,0.051,14.2,7.1,watch,Temperature,Temperature,Adjust the heater 1°C at a time. Increase surface movement if the tank is hot.,high,6.0,7.5,22.0,28.0,0.2,0.5,40.0,4.0
2425,1040,Plant,Bolbitis (African Fern),Bolbitis heudelotii,Medium,5.53,22.8,0.021,0.025,11.9,8.3,watch,pH,pH,Correct pH slowly with small water changes only. Move no more than 0.2 pH per day.,high,6.0,7.5,22.0,28.0,0.2,0.5,40.0,4.0
2426,1040,Plant,Bolbitis (African Fern),Bolbitis heudelotii,Medium,6.41,20.0,0.008,0.007,7.9,10.7,watch,Temperature,Temperature,Adjust the heater 1°C at a time. Increase surface movement if the tank is hot.,high,6.0,7.5,22.0,28.0,0.2,0.5,40.0,4.0
2427,1040,Plant,Bolbitis (African Fern),Bolbitis heudelotii,Medium,7.38,26.0,1.28,6.367,74.8,10.5,critical,"Ammonia, Nitrite, Nitrate",Ammonia,Do a 40–50% water change with dechlorinated water. Pause feeding 24 hours and add beneficial bacteria.,critical,6.0,7.5,22.0,28.0,0.2,0.5,40.0,4.0
2428,1040,Plant,Bolbitis (African Fern),Bolbitis heudelotii,Medium,7.42,25.8,1.2,0.014,15.4,1.9,critical,"Ammonia, DissolvedO2",Ammonia,Do a 40–50% water change with dechlorinated water. Pause feeding 24 hours and add beneficial bacteria.,critical,6.0,7.5,22.0,28.0,0.2,0.5,40.0,4.0
2429,1040,Plant,Bolbitis (African Fern),Bolbitis heudelotii,Medium,7.35,25.0,0.264,3.811,108.9,9.1,critical,"Ammonia, Nitrite, Nitrate",Ammonia,Do a 40–50% water change with dechlorinated water. Pause feeding 24 hours and add beneficial bacteria.,critical,6.0,7.5,22.0,28.0,0.2,0.5,40.0,4.0
2430,1040,Plant,Bolbitis (African Fern),Bolbitis heudelotii,Medium,4.62,13.4,0.034,0.02,13.2,9.5,critical,"pH, Temperature",pH,Correct pH slowly with small water changes only. Move no more than 0.2 pH per day.,critical,6.0,7.5,22.0,28.0,0.2,0.5,40.0,4.0
